relationship_id,layer,source_entity_id,relationship_type,target_entity_id,relationship_scope,evidence_basis,provenance_class,verification_status,confidence,rationale,source_id,secondary_source_ids,properties_json
r_domain_science_prac_sci_observation,L2,domain_science,has_practice,prac_sci_observation,structural,framework_structure,expert_synthesis,expert_curated,0.85,Práctica ubicada dentro del dominio STEAM correspondiente.,src_mineduc_cn03,,{}
r_domain_science_prac_sci_questioning,L2,domain_science,has_practice,prac_sci_questioning,structural,framework_structure,external_framework,verified_external,1.0,Práctica ubicada dentro del dominio STEAM correspondiente.,src_nrc_framework,,{}
r_domain_science_prac_sci_prediction,L2,domain_science,has_practice,prac_sci_prediction,structural,framework_structure,expert_synthesis,expert_curated,0.85,Práctica ubicada dentro del dominio STEAM correspondiente.,src_mineduc_cn03,,{}
r_domain_science_prac_sci_modeling,L2,domain_science,has_practice,prac_sci_modeling,structural,framework_structure,external_framework,verified_external,1.0,Práctica ubicada dentro del dominio STEAM correspondiente.,src_nrc_framework,,{}
r_domain_science_prac_sci_investigation,L2,domain_science,has_practice,prac_sci_investigation,structural,framework_structure,external_framework,verified_external,1.0,Práctica ubicada dentro del dominio STEAM correspondiente.,src_nrc_framework,,{}
r_domain_science_prac_sci_data,L2,domain_science,has_practice,prac_sci_data,structural,framework_structure,external_framework,verified_external,1.0,Práctica ubicada dentro del dominio STEAM correspondiente.,src_nrc_framework,,{}
r_domain_science_prac_sci_mathcomp,L2,domain_science,has_practice,prac_sci_mathcomp,structural,framework_structure,external_framework,verified_external,1.0,Práctica ubicada dentro del dominio STEAM correspondiente.,src_nrc_framework,,{}
r_domain_science_prac_sci_explanation,L2,domain_science,has_practice,prac_sci_explanation,structural,framework_structure,external_framework,verified_external,1.0,Práctica ubicada dentro del dominio STEAM correspondiente.,src_nrc_framework,,{}
r_domain_science_prac_sci_argument,L2,domain_science,has_practice,prac_sci_argument,structural,framework_structure,external_framework,verified_external,1.0,Práctica ubicada dentro del dominio STEAM correspondiente.,src_nrc_framework,,{}
r_domain_science_prac_sci_communication,L2,domain_science,has_practice,prac_sci_communication,structural,framework_structure,external_framework,verified_external,1.0,Práctica ubicada dentro del dominio STEAM correspondiente.,src_nrc_framework,,{}
r_domain_science_prac_sci_systems,L2,domain_science,has_practice,prac_sci_systems,structural,framework_structure,expert_synthesis,needs_expert_review,0.85,Práctica ubicada dentro del dominio STEAM correspondiente.,src_nrc_framework,,{}
r_domain_engineering_prac_eng_define,L2,domain_engineering,has_practice,prac_eng_define,structural,framework_structure,external_framework,verified_external,1.0,Práctica ubicada dentro del dominio STEAM correspondiente.,src_nrc_framework,,{}
r_domain_engineering_prac_eng_criteria,L2,domain_engineering,has_practice,prac_eng_criteria,structural,framework_structure,expert_synthesis,needs_expert_review,0.85,Práctica ubicada dentro del dominio STEAM correspondiente.,src_nrc_framework,,{}
r_domain_engineering_prac_eng_ideate,L2,domain_engineering,has_practice,prac_eng_ideate,structural,framework_structure,expert_synthesis,needs_expert_review,0.85,Práctica ubicada dentro del dominio STEAM correspondiente.,src_nrc_framework,,{}
r_domain_engineering_prac_eng_modelproto,L2,domain_engineering,has_practice,prac_eng_modelproto,structural,framework_structure,external_framework,verified_external,1.0,Práctica ubicada dentro del dominio STEAM correspondiente.,src_nrc_framework,,{}
r_domain_engineering_prac_eng_test,L2,domain_engineering,has_practice,prac_eng_test,structural,framework_structure,external_framework,verified_external,1.0,Práctica ubicada dentro del dominio STEAM correspondiente.,src_nrc_framework,,{}
r_domain_engineering_prac_eng_iterate,L2,domain_engineering,has_practice,prac_eng_iterate,structural,framework_structure,expert_synthesis,needs_expert_review,0.85,Práctica ubicada dentro del dominio STEAM correspondiente.,src_nrc_framework,,{}
r_domain_engineering_prac_eng_tradeoffs,L2,domain_engineering,has_practice,prac_eng_tradeoffs,structural,framework_structure,expert_synthesis,needs_expert_review,0.85,Práctica ubicada dentro del dominio STEAM correspondiente.,src_nrc_framework,,{}
r_domain_engineering_prac_eng_argument,L2,domain_engineering,has_practice,prac_eng_argument,structural,framework_structure,external_framework,verified_external,1.0,Práctica ubicada dentro del dominio STEAM correspondiente.,src_nrc_framework,,{}
r_domain_engineering_prac_eng_communicate,L2,domain_engineering,has_practice,prac_eng_communicate,structural,framework_structure,external_framework,verified_external,1.0,Práctica ubicada dentro del dominio STEAM correspondiente.,src_nrc_framework,,{}
r_domain_engineering_prac_eng_systems,L2,domain_engineering,has_practice,prac_eng_systems,structural,framework_structure,expert_synthesis,needs_expert_review,0.85,Práctica ubicada dentro del dominio STEAM correspondiente.,src_nrc_framework,,{}
r_domain_math_prac_math_make_sense,L2,domain_math,has_practice,prac_math_make_sense,structural,framework_structure,external_framework,verified_external,1.0,Práctica ubicada dentro del dominio STEAM correspondiente.,src_ccss_math,,{}
r_domain_math_prac_math_reason_abstract,L2,domain_math,has_practice,prac_math_reason_abstract,structural,framework_structure,external_framework,verified_external,1.0,Práctica ubicada dentro del dominio STEAM correspondiente.,src_ccss_math,,{}
r_domain_math_prac_math_argument,L2,domain_math,has_practice,prac_math_argument,structural,framework_structure,external_framework,verified_external,1.0,Práctica ubicada dentro del dominio STEAM correspondiente.,src_ccss_math,,{}
r_domain_math_prac_math_model,L2,domain_math,has_practice,prac_math_model,structural,framework_structure,external_framework,verified_external,1.0,Práctica ubicada dentro del dominio STEAM correspondiente.,src_ccss_math,,{}
r_domain_math_prac_math_tools,L2,domain_math,has_practice,prac_math_tools,structural,framework_structure,external_framework,verified_external,1.0,Práctica ubicada dentro del dominio STEAM correspondiente.,src_ccss_math,,{}
r_domain_math_prac_math_precision,L2,domain_math,has_practice,prac_math_precision,structural,framework_structure,external_framework,verified_external,1.0,Práctica ubicada dentro del dominio STEAM correspondiente.,src_ccss_math,,{}
r_domain_math_prac_math_structure,L2,domain_math,has_practice,prac_math_structure,structural,framework_structure,external_framework,verified_external,1.0,Práctica ubicada dentro del dominio STEAM correspondiente.,src_ccss_math,,{}
r_domain_math_prac_math_regularity,L2,domain_math,has_practice,prac_math_regularity,structural,framework_structure,external_framework,verified_external,1.0,Práctica ubicada dentro del dominio STEAM correspondiente.,src_ccss_math,,{}
r_domain_computing_prac_cs_positive_impact,L2,domain_computing,has_practice,prac_cs_positive_impact,structural,framework_structure,external_framework,verified_external,1.0,Práctica ubicada dentro del dominio STEAM correspondiente.,src_csta_2026,,{}
r_domain_computing_prac_cs_rights_dignity,L2,domain_computing,has_practice,prac_cs_rights_dignity,structural,framework_structure,external_framework,verified_external,1.0,Práctica ubicada dentro del dominio STEAM correspondiente.,src_csta_2026,,{}
r_domain_computing_prac_cs_communicate,L2,domain_computing,has_practice,prac_cs_communicate,structural,framework_structure,external_framework,verified_external,1.0,Práctica ubicada dentro del dominio STEAM correspondiente.,src_csta_2026,,{}
r_domain_computing_prac_cs_manage,L2,domain_computing,has_practice,prac_cs_manage,structural,framework_structure,external_framework,verified_external,1.0,Práctica ubicada dentro del dominio STEAM correspondiente.,src_csta_2026,,{}
r_domain_computing_prac_cs_collaborate,L2,domain_computing,has_practice,prac_cs_collaborate,structural,framework_structure,external_framework,verified_external,1.0,Práctica ubicada dentro del dominio STEAM correspondiente.,src_csta_2026,,{}
r_domain_computing_prac_cs_define_problem,L2,domain_computing,has_practice,prac_cs_define_problem,structural,framework_structure,external_framework,verified_external,1.0,Práctica ubicada dentro del dominio STEAM correspondiente.,src_csta_2026,,{}
r_domain_computing_prac_cs_abstraction,L2,domain_computing,has_practice,prac_cs_abstraction,structural,framework_structure,external_framework,verified_external,1.0,Práctica ubicada dentro del dominio STEAM correspondiente.,src_csta_2026,,{}
r_domain_computing_prac_cs_create,L2,domain_computing,has_practice,prac_cs_create,structural,framework_structure,external_framework,verified_external,1.0,Práctica ubicada dentro del dominio STEAM correspondiente.,src_csta_2026,,{}
r_domain_computing_prac_cs_test_refine,L2,domain_computing,has_practice,prac_cs_test_refine,structural,framework_structure,external_framework,verified_external,1.0,Práctica ubicada dentro del dominio STEAM correspondiente.,src_csta_2026,,{}
r_domain_computing_prac_cs_users,L2,domain_computing,has_practice,prac_cs_users,structural,framework_structure,external_framework,verified_external,1.0,Práctica ubicada dentro del dominio STEAM correspondiente.,src_csta_2026,,{}
r_domain_computing_prac_cs_iterative_design,L2,domain_computing,has_practice,prac_cs_iterative_design,structural,framework_structure,external_framework,verified_external,1.0,Práctica ubicada dentro del dominio STEAM correspondiente.,src_csta_2026,,{}
r_domain_computing_prac_cs_empower,L2,domain_computing,has_practice,prac_cs_empower,structural,framework_structure,external_framework,verified_external,1.0,Práctica ubicada dentro del dominio STEAM correspondiente.,src_csta_2026,,{}
r_domain_arts_design_prac_art_generate,L2,domain_arts_design,has_practice,prac_art_generate,structural,framework_structure,external_framework,verified_external,1.0,Práctica ubicada dentro del dominio STEAM correspondiente.,src_ncas,,{}
r_domain_arts_design_prac_art_develop,L2,domain_arts_design,has_practice,prac_art_develop,structural,framework_structure,external_framework,verified_external,1.0,Práctica ubicada dentro del dominio STEAM correspondiente.,src_ncas,,{}
r_domain_arts_design_prac_art_refine,L2,domain_arts_design,has_practice,prac_art_refine,structural,framework_structure,external_framework,verified_external,1.0,Práctica ubicada dentro del dominio STEAM correspondiente.,src_ncas,,{}
r_domain_arts_design_prac_art_select_present,L2,domain_arts_design,has_practice,prac_art_select_present,structural,framework_structure,external_framework,verified_external,1.0,Práctica ubicada dentro del dominio STEAM correspondiente.,src_ncas,,{}
r_domain_arts_design_prac_art_prepare_present,L2,domain_arts_design,has_practice,prac_art_prepare_present,structural,framework_structure,external_framework,verified_external,1.0,Práctica ubicada dentro del dominio STEAM correspondiente.,src_ncas,,{}
r_domain_arts_design_prac_art_convey,L2,domain_arts_design,has_practice,prac_art_convey,structural,framework_structure,external_framework,verified_external,1.0,Práctica ubicada dentro del dominio STEAM correspondiente.,src_ncas,,{}
r_domain_arts_design_prac_art_perceive,L2,domain_arts_design,has_practice,prac_art_perceive,structural,framework_structure,external_framework,verified_external,1.0,Práctica ubicada dentro del dominio STEAM correspondiente.,src_ncas,,{}
r_domain_arts_design_prac_art_interpret,L2,domain_arts_design,has_practice,prac_art_interpret,structural,framework_structure,external_framework,verified_external,1.0,Práctica ubicada dentro del dominio STEAM correspondiente.,src_ncas,,{}
r_domain_arts_design_prac_art_evaluate,L2,domain_arts_design,has_practice,prac_art_evaluate,structural,framework_structure,external_framework,verified_external,1.0,Práctica ubicada dentro del dominio STEAM correspondiente.,src_ncas,,{}
r_domain_arts_design_prac_art_connect_personal,L2,domain_arts_design,has_practice,prac_art_connect_personal,structural,framework_structure,external_framework,verified_external,1.0,Práctica ubicada dentro del dominio STEAM correspondiente.,src_ncas,,{}
r_domain_arts_design_prac_art_connect_context,L2,domain_arts_design,has_practice,prac_art_connect_context,structural,framework_structure,external_framework,verified_external,1.0,Práctica ubicada dentro del dominio STEAM correspondiente.,src_ncas,,{}
r_prac_eng_ideate_comp_creativity,L2,prac_eng_ideate,creates_opportunity_for,comp_creativity,crosscutting,expert_crosswalk_across_frameworks,expert_synthesis,needs_expert_review,0.8,La práctica crea oportunidades auténticas para ejercer la competencia; no implica desarrollo automático.,src_nrc_framework,src_ccss_math;src_csta_2026;src_ncas,{}
r_prac_eng_modelproto_comp_creativity,L2,prac_eng_modelproto,creates_opportunity_for,comp_creativity,crosscutting,expert_crosswalk_across_frameworks,expert_synthesis,needs_expert_review,0.8,La práctica crea oportunidades auténticas para ejercer la competencia; no implica desarrollo automático.,src_nrc_framework,src_ccss_math;src_csta_2026;src_ncas,{}
r_prac_eng_iterate_comp_creativity,L2,prac_eng_iterate,creates_opportunity_for,comp_creativity,crosscutting,expert_crosswalk_across_frameworks,expert_synthesis,needs_expert_review,0.8,La práctica crea oportunidades auténticas para ejercer la competencia; no implica desarrollo automático.,src_nrc_framework,src_ccss_math;src_csta_2026;src_ncas,{}
r_prac_cs_create_comp_creativity,L2,prac_cs_create,creates_opportunity_for,comp_creativity,crosscutting,expert_crosswalk_across_frameworks,expert_synthesis,needs_expert_review,0.8,La práctica crea oportunidades auténticas para ejercer la competencia; no implica desarrollo automático.,src_nrc_framework,src_ccss_math;src_csta_2026;src_ncas,{}
r_prac_cs_iterative_design_comp_creativity,L2,prac_cs_iterative_design,creates_opportunity_for,comp_creativity,crosscutting,expert_crosswalk_across_frameworks,expert_synthesis,needs_expert_review,0.8,La práctica crea oportunidades auténticas para ejercer la competencia; no implica desarrollo automático.,src_nrc_framework,src_ccss_math;src_csta_2026;src_ncas,{}
r_prac_art_generate_comp_creativity,L2,prac_art_generate,creates_opportunity_for,comp_creativity,crosscutting,expert_crosswalk_across_frameworks,expert_synthesis,needs_expert_review,0.8,La práctica crea oportunidades auténticas para ejercer la competencia; no implica desarrollo automático.,src_nrc_framework,src_ccss_math;src_csta_2026;src_ncas,{}
r_prac_art_develop_comp_creativity,L2,prac_art_develop,creates_opportunity_for,comp_creativity,crosscutting,expert_crosswalk_across_frameworks,expert_synthesis,needs_expert_review,0.8,La práctica crea oportunidades auténticas para ejercer la competencia; no implica desarrollo automático.,src_nrc_framework,src_ccss_math;src_csta_2026;src_ncas,{}
r_prac_art_refine_comp_creativity,L2,prac_art_refine,creates_opportunity_for,comp_creativity,crosscutting,expert_crosswalk_across_frameworks,expert_synthesis,needs_expert_review,0.8,La práctica crea oportunidades auténticas para ejercer la competencia; no implica desarrollo automático.,src_nrc_framework,src_ccss_math;src_csta_2026;src_ncas,{}
r_prac_sci_modeling_comp_creativity,L2,prac_sci_modeling,creates_opportunity_for,comp_creativity,crosscutting,expert_crosswalk_across_frameworks,expert_synthesis,needs_expert_review,0.8,La práctica crea oportunidades auténticas para ejercer la competencia; no implica desarrollo automático.,src_nrc_framework,src_ccss_math;src_csta_2026;src_ncas,{}
r_prac_sci_data_comp_critical_thinking,L2,prac_sci_data,creates_opportunity_for,comp_critical_thinking,crosscutting,expert_crosswalk_across_frameworks,expert_synthesis,needs_expert_review,0.8,La práctica crea oportunidades auténticas para ejercer la competencia; no implica desarrollo automático.,src_nrc_framework,src_ccss_math;src_csta_2026;src_ncas,{}
r_prac_sci_explanation_comp_critical_thinking,L2,prac_sci_explanation,creates_opportunity_for,comp_critical_thinking,crosscutting,expert_crosswalk_across_frameworks,expert_synthesis,needs_expert_review,0.8,La práctica crea oportunidades auténticas para ejercer la competencia; no implica desarrollo automático.,src_nrc_framework,src_ccss_math;src_csta_2026;src_ncas,{}
r_prac_sci_argument_comp_critical_thinking,L2,prac_sci_argument,creates_opportunity_for,comp_critical_thinking,crosscutting,expert_crosswalk_across_frameworks,expert_synthesis,needs_expert_review,0.8,La práctica crea oportunidades auténticas para ejercer la competencia; no implica desarrollo automático.,src_nrc_framework,src_ccss_math;src_csta_2026;src_ncas,{}
r_prac_sci_systems_comp_critical_thinking,L2,prac_sci_systems,creates_opportunity_for,comp_critical_thinking,crosscutting,expert_crosswalk_across_frameworks,expert_synthesis,needs_expert_review,0.8,La práctica crea oportunidades auténticas para ejercer la competencia; no implica desarrollo automático.,src_nrc_framework,src_ccss_math;src_csta_2026;src_ncas,{}
r_prac_eng_tradeoffs_comp_critical_thinking,L2,prac_eng_tradeoffs,creates_opportunity_for,comp_critical_thinking,crosscutting,expert_crosswalk_across_frameworks,expert_synthesis,needs_expert_review,0.8,La práctica crea oportunidades auténticas para ejercer la competencia; no implica desarrollo automático.,src_nrc_framework,src_ccss_math;src_csta_2026;src_ncas,{}
r_prac_math_argument_comp_critical_thinking,L2,prac_math_argument,creates_opportunity_for,comp_critical_thinking,crosscutting,expert_crosswalk_across_frameworks,expert_synthesis,needs_expert_review,0.8,La práctica crea oportunidades auténticas para ejercer la competencia; no implica desarrollo automático.,src_nrc_framework,src_ccss_math;src_csta_2026;src_ncas,{}
r_prac_math_structure_comp_critical_thinking,L2,prac_math_structure,creates_opportunity_for,comp_critical_thinking,crosscutting,expert_crosswalk_across_frameworks,expert_synthesis,needs_expert_review,0.8,La práctica crea oportunidades auténticas para ejercer la competencia; no implica desarrollo automático.,src_nrc_framework,src_ccss_math;src_csta_2026;src_ncas,{}
r_prac_art_evaluate_comp_critical_thinking,L2,prac_art_evaluate,creates_opportunity_for,comp_critical_thinking,crosscutting,expert_crosswalk_across_frameworks,expert_synthesis,needs_expert_review,0.8,La práctica crea oportunidades auténticas para ejercer la competencia; no implica desarrollo automático.,src_nrc_framework,src_ccss_math;src_csta_2026;src_ncas,{}
r_prac_cs_abstraction_comp_critical_thinking,L2,prac_cs_abstraction,creates_opportunity_for,comp_critical_thinking,crosscutting,expert_crosswalk_across_frameworks,expert_synthesis,needs_expert_review,0.8,La práctica crea oportunidades auténticas para ejercer la competencia; no implica desarrollo automático.,src_nrc_framework,src_ccss_math;src_csta_2026;src_ncas,{}
r_prac_eng_define_comp_problem_solving,L2,prac_eng_define,creates_opportunity_for,comp_problem_solving,crosscutting,expert_crosswalk_across_frameworks,expert_synthesis,needs_expert_review,0.8,La práctica crea oportunidades auténticas para ejercer la competencia; no implica desarrollo automático.,src_nrc_framework,src_ccss_math;src_csta_2026;src_ncas,{}
r_prac_eng_criteria_comp_problem_solving,L2,prac_eng_criteria,creates_opportunity_for,comp_problem_solving,crosscutting,expert_crosswalk_across_frameworks,expert_synthesis,needs_expert_review,0.8,La práctica crea oportunidades auténticas para ejercer la competencia; no implica desarrollo automático.,src_nrc_framework,src_ccss_math;src_csta_2026;src_ncas,{}
r_prac_eng_test_comp_problem_solving,L2,prac_eng_test,creates_opportunity_for,comp_problem_solving,crosscutting,expert_crosswalk_across_frameworks,expert_synthesis,needs_expert_review,0.8,La práctica crea oportunidades auténticas para ejercer la competencia; no implica desarrollo automático.,src_nrc_framework,src_ccss_math;src_csta_2026;src_ncas,{}
r_prac_eng_iterate_comp_problem_solving,L2,prac_eng_iterate,creates_opportunity_for,comp_problem_solving,crosscutting,expert_crosswalk_across_frameworks,expert_synthesis,needs_expert_review,0.8,La práctica crea oportunidades auténticas para ejercer la competencia; no implica desarrollo automático.,src_nrc_framework,src_ccss_math;src_csta_2026;src_ncas,{}
r_prac_math_make_sense_comp_problem_solving,L2,prac_math_make_sense,creates_opportunity_for,comp_problem_solving,crosscutting,expert_crosswalk_across_frameworks,expert_synthesis,needs_expert_review,0.8,La práctica crea oportunidades auténticas para ejercer la competencia; no implica desarrollo automático.,src_nrc_framework,src_ccss_math;src_csta_2026;src_ncas,{}
r_prac_cs_define_problem_comp_problem_solving,L2,prac_cs_define_problem,creates_opportunity_for,comp_problem_solving,crosscutting,expert_crosswalk_across_frameworks,expert_synthesis,needs_expert_review,0.8,La práctica crea oportunidades auténticas para ejercer la competencia; no implica desarrollo automático.,src_nrc_framework,src_ccss_math;src_csta_2026;src_ncas,{}
r_prac_cs_test_refine_comp_problem_solving,L2,prac_cs_test_refine,creates_opportunity_for,comp_problem_solving,crosscutting,expert_crosswalk_across_frameworks,expert_synthesis,needs_expert_review,0.8,La práctica crea oportunidades auténticas para ejercer la competencia; no implica desarrollo automático.,src_nrc_framework,src_ccss_math;src_csta_2026;src_ncas,{}
r_prac_sci_communication_comp_communication,L2,prac_sci_communication,creates_opportunity_for,comp_communication,crosscutting,expert_crosswalk_across_frameworks,expert_synthesis,needs_expert_review,0.8,La práctica crea oportunidades auténticas para ejercer la competencia; no implica desarrollo automático.,src_nrc_framework,src_ccss_math;src_csta_2026;src_ncas,{}
r_prac_sci_argument_comp_communication,L2,prac_sci_argument,creates_opportunity_for,comp_communication,crosscutting,expert_crosswalk_across_frameworks,expert_synthesis,needs_expert_review,0.8,La práctica crea oportunidades auténticas para ejercer la competencia; no implica desarrollo automático.,src_nrc_framework,src_ccss_math;src_csta_2026;src_ncas,{}
r_prac_eng_communicate_comp_communication,L2,prac_eng_communicate,creates_opportunity_for,comp_communication,crosscutting,expert_crosswalk_across_frameworks,expert_synthesis,needs_expert_review,0.8,La práctica crea oportunidades auténticas para ejercer la competencia; no implica desarrollo automático.,src_nrc_framework,src_ccss_math;src_csta_2026;src_ncas,{}
r_prac_math_argument_comp_communication,L2,prac_math_argument,creates_opportunity_for,comp_communication,crosscutting,expert_crosswalk_across_frameworks,expert_synthesis,needs_expert_review,0.8,La práctica crea oportunidades auténticas para ejercer la competencia; no implica desarrollo automático.,src_nrc_framework,src_ccss_math;src_csta_2026;src_ncas,{}
r_prac_cs_communicate_comp_communication,L2,prac_cs_communicate,creates_opportunity_for,comp_communication,crosscutting,expert_crosswalk_across_frameworks,expert_synthesis,needs_expert_review,0.8,La práctica crea oportunidades auténticas para ejercer la competencia; no implica desarrollo automático.,src_nrc_framework,src_ccss_math;src_csta_2026;src_ncas,{}
r_prac_art_convey_comp_communication,L2,prac_art_convey,creates_opportunity_for,comp_communication,crosscutting,expert_crosswalk_across_frameworks,expert_synthesis,needs_expert_review,0.8,La práctica crea oportunidades auténticas para ejercer la competencia; no implica desarrollo automático.,src_nrc_framework,src_ccss_math;src_csta_2026;src_ncas,{}
r_prac_art_interpret_comp_communication,L2,prac_art_interpret,creates_opportunity_for,comp_communication,crosscutting,expert_crosswalk_across_frameworks,expert_synthesis,needs_expert_review,0.8,La práctica crea oportunidades auténticas para ejercer la competencia; no implica desarrollo automático.,src_nrc_framework,src_ccss_math;src_csta_2026;src_ncas,{}
r_prac_eng_ideate_comp_collaboration,L2,prac_eng_ideate,creates_opportunity_for,comp_collaboration,crosscutting,expert_crosswalk_across_frameworks,expert_synthesis,needs_expert_review,0.8,La práctica crea oportunidades auténticas para ejercer la competencia; no implica desarrollo automático.,src_nrc_framework,src_ccss_math;src_csta_2026;src_ncas,{}
r_prac_eng_test_comp_collaboration,L2,prac_eng_test,creates_opportunity_for,comp_collaboration,crosscutting,expert_crosswalk_across_frameworks,expert_synthesis,needs_expert_review,0.8,La práctica crea oportunidades auténticas para ejercer la competencia; no implica desarrollo automático.,src_nrc_framework,src_ccss_math;src_csta_2026;src_ncas,{}
r_prac_cs_collaborate_comp_collaboration,L2,prac_cs_collaborate,creates_opportunity_for,comp_collaboration,crosscutting,expert_crosswalk_across_frameworks,expert_synthesis,needs_expert_review,0.8,La práctica crea oportunidades auténticas para ejercer la competencia; no implica desarrollo automático.,src_nrc_framework,src_ccss_math;src_csta_2026;src_ncas,{}
r_prac_art_refine_comp_collaboration,L2,prac_art_refine,creates_opportunity_for,comp_collaboration,crosscutting,expert_crosswalk_across_frameworks,expert_synthesis,needs_expert_review,0.8,La práctica crea oportunidades auténticas para ejercer la competencia; no implica desarrollo automático.,src_nrc_framework,src_ccss_math;src_csta_2026;src_ncas,{}
r_prac_sci_investigation_comp_collaboration,L2,prac_sci_investigation,creates_opportunity_for,comp_collaboration,crosscutting,expert_crosswalk_across_frameworks,expert_synthesis,needs_expert_review,0.8,La práctica crea oportunidades auténticas para ejercer la competencia; no implica desarrollo automático.,src_nrc_framework,src_ccss_math;src_csta_2026;src_ncas,{}
r_prac_sci_observation_has_1,L2,prac_sci_observation,has_progression_level,prog_prac_sci_observation_L1,progression,erandi_progression_synthesis,expert_synthesis,needs_expert_review,0.72,Progresión de Erandi: útil para razonamiento y prototipo; no se presenta como progresión oficial del marco fuente.,src_mineduc_cn03,,"{""official_relation"":false}"
r_prac_sci_observation_has_2,L2,prac_sci_observation,has_progression_level,prog_prac_sci_observation_L2,progression,erandi_progression_synthesis,expert_synthesis,needs_expert_review,0.72,Progresión de Erandi: útil para razonamiento y prototipo; no se presenta como progresión oficial del marco fuente.,src_mineduc_cn03,,"{""official_relation"":false}"
r_prog_prac_sci_observation_L1_next,L2,prog_prac_sci_observation_L1,next_level,prog_prac_sci_observation_L2,progression,ordered_progression,expert_synthesis,needs_expert_review,0.85,Orden propuesto de sofisticación creciente; no implica secuencia rígida ni etiqueta permanente.,src_mineduc_cn03,,"{""official_relation"":false}"
r_prac_sci_observation_has_3,L2,prac_sci_observation,has_progression_level,prog_prac_sci_observation_L3,progression,erandi_progression_synthesis,expert_synthesis,needs_expert_review,0.72,Progresión de Erandi: útil para razonamiento y prototipo; no se presenta como progresión oficial del marco fuente.,src_mineduc_cn03,,"{""official_relation"":false}"
r_prog_prac_sci_observation_L2_next,L2,prog_prac_sci_observation_L2,next_level,prog_prac_sci_observation_L3,progression,ordered_progression,expert_synthesis,needs_expert_review,0.85,Orden propuesto de sofisticación creciente; no implica secuencia rígida ni etiqueta permanente.,src_mineduc_cn03,,"{""official_relation"":false}"
r_prac_sci_observation_has_4,L2,prac_sci_observation,has_progression_level,prog_prac_sci_observation_L4,progression,erandi_progression_synthesis,expert_synthesis,needs_expert_review,0.72,Progresión de Erandi: útil para razonamiento y prototipo; no se presenta como progresión oficial del marco fuente.,src_mineduc_cn03,,"{""official_relation"":false}"
r_prog_prac_sci_observation_L3_next,L2,prog_prac_sci_observation_L3,next_level,prog_prac_sci_observation_L4,progression,ordered_progression,expert_synthesis,needs_expert_review,0.85,Orden propuesto de sofisticación creciente; no implica secuencia rígida ni etiqueta permanente.,src_mineduc_cn03,,"{""official_relation"":false}"
r_prac_sci_questioning_has_1,L2,prac_sci_questioning,has_progression_level,prog_prac_sci_questioning_L1,progression,erandi_progression_synthesis,expert_synthesis,needs_expert_review,0.72,Progresión de Erandi: útil para razonamiento y prototipo; no se presenta como progresión oficial del marco fuente.,src_nrc_framework,,"{""official_relation"":false}"
r_prac_sci_questioning_has_2,L2,prac_sci_questioning,has_progression_level,prog_prac_sci_questioning_L2,progression,erandi_progression_synthesis,expert_synthesis,needs_expert_review,0.72,Progresión de Erandi: útil para razonamiento y prototipo; no se presenta como progresión oficial del marco fuente.,src_nrc_framework,,"{""official_relation"":false}"
r_prog_prac_sci_questioning_L1_next,L2,prog_prac_sci_questioning_L1,next_level,prog_prac_sci_questioning_L2,progression,ordered_progression,expert_synthesis,needs_expert_review,0.85,Orden propuesto de sofisticación creciente; no implica secuencia rígida ni etiqueta permanente.,src_nrc_framework,,"{""official_relation"":false}"
r_prac_sci_questioning_has_3,L2,prac_sci_questioning,has_progression_level,prog_prac_sci_questioning_L3,progression,erandi_progression_synthesis,expert_synthesis,needs_expert_review,0.72,Progresión de Erandi: útil para razonamiento y prototipo; no se presenta como progresión oficial del marco fuente.,src_nrc_framework,,"{""official_relation"":false}"
r_prog_prac_sci_questioning_L2_next,L2,prog_prac_sci_questioning_L2,next_level,prog_prac_sci_questioning_L3,progression,ordered_progression,expert_synthesis,needs_expert_review,0.85,Orden propuesto de sofisticación creciente; no implica secuencia rígida ni etiqueta permanente.,src_nrc_framework,,"{""official_relation"":false}"
r_prac_sci_questioning_has_4,L2,prac_sci_questioning,has_progression_level,prog_prac_sci_questioning_L4,progression,erandi_progression_synthesis,expert_synthesis,needs_expert_review,0.72,Progresión de Erandi: útil para razonamiento y prototipo; no se presenta como progresión oficial del marco fuente.,src_nrc_framework,,"{""official_relation"":false}"
r_prog_prac_sci_questioning_L3_next,L2,prog_prac_sci_questioning_L3,next_level,prog_prac_sci_questioning_L4,progression,ordered_progression,expert_synthesis,needs_expert_review,0.85,Orden propuesto de sofisticación creciente; no implica secuencia rígida ni etiqueta permanente.,src_nrc_framework,,"{""official_relation"":false}"
r_prac_sci_prediction_has_1,L2,prac_sci_prediction,has_progression_level,prog_prac_sci_prediction_L1,progression,erandi_progression_synthesis,expert_synthesis,needs_expert_review,0.72,Progresión de Erandi: útil para razonamiento y prototipo; no se presenta como progresión oficial del marco fuente.,src_mineduc_cn03,,"{""official_relation"":false}"
r_prac_sci_prediction_has_2,L2,prac_sci_prediction,has_progression_level,prog_prac_sci_prediction_L2,progression,erandi_progression_synthesis,expert_synthesis,needs_expert_review,0.72,Progresión de Erandi: útil para razonamiento y prototipo; no se presenta como progresión oficial del marco fuente.,src_mineduc_cn03,,"{""official_relation"":false}"
r_prog_prac_sci_prediction_L1_next,L2,prog_prac_sci_prediction_L1,next_level,prog_prac_sci_prediction_L2,progression,ordered_progression,expert_synthesis,needs_expert_review,0.85,Orden propuesto de sofisticación creciente; no implica secuencia rígida ni etiqueta permanente.,src_mineduc_cn03,,"{""official_relation"":false}"
r_prac_sci_prediction_has_3,L2,prac_sci_prediction,has_progression_level,prog_prac_sci_prediction_L3,progression,erandi_progression_synthesis,expert_synthesis,needs_expert_review,0.72,Progresión de Erandi: útil para razonamiento y prototipo; no se presenta como progresión oficial del marco fuente.,src_mineduc_cn03,,"{""official_relation"":false}"
r_prog_prac_sci_prediction_L2_next,L2,prog_prac_sci_prediction_L2,next_level,prog_prac_sci_prediction_L3,progression,ordered_progression,expert_synthesis,needs_expert_review,0.85,Orden propuesto de sofisticación creciente; no implica secuencia rígida ni etiqueta permanente.,src_mineduc_cn03,,"{""official_relation"":false}"
r_prac_sci_prediction_has_4,L2,prac_sci_prediction,has_progression_level,prog_prac_sci_prediction_L4,progression,erandi_progression_synthesis,expert_synthesis,needs_expert_review,0.72,Progresión de Erandi: útil para razonamiento y prototipo; no se presenta como progresión oficial del marco fuente.,src_mineduc_cn03,,"{""official_relation"":false}"
r_prog_prac_sci_prediction_L3_next,L2,prog_prac_sci_prediction_L3,next_level,prog_prac_sci_prediction_L4,progression,ordered_progression,expert_synthesis,needs_expert_review,0.85,Orden propuesto de sofisticación creciente; no implica secuencia rígida ni etiqueta permanente.,src_mineduc_cn03,,"{""official_relation"":false}"
r_prac_sci_modeling_has_1,L2,prac_sci_modeling,has_progression_level,prog_prac_sci_modeling_L1,progression,erandi_progression_synthesis,expert_synthesis,needs_expert_review,0.72,Progresión de Erandi: útil para razonamiento y prototipo; no se presenta como progresión oficial del marco fuente.,src_nrc_framework,,"{""official_relation"":false}"
r_prac_sci_modeling_has_2,L2,prac_sci_modeling,has_progression_level,prog_prac_sci_modeling_L2,progression,erandi_progression_synthesis,expert_synthesis,needs_expert_review,0.72,Progresión de Erandi: útil para razonamiento y prototipo; no se presenta como progresión oficial del marco fuente.,src_nrc_framework,,"{""official_relation"":false}"
r_prog_prac_sci_modeling_L1_next,L2,prog_prac_sci_modeling_L1,next_level,prog_prac_sci_modeling_L2,progression,ordered_progression,expert_synthesis,needs_expert_review,0.85,Orden propuesto de sofisticación creciente; no implica secuencia rígida ni etiqueta permanente.,src_nrc_framework,,"{""official_relation"":false}"
r_prac_sci_modeling_has_3,L2,prac_sci_modeling,has_progression_level,prog_prac_sci_modeling_L3,progression,erandi_progression_synthesis,expert_synthesis,needs_expert_review,0.72,Progresión de Erandi: útil para razonamiento y prototipo; no se presenta como progresión oficial del marco fuente.,src_nrc_framework,,"{""official_relation"":false}"
r_prog_prac_sci_modeling_L2_next,L2,prog_prac_sci_modeling_L2,next_level,prog_prac_sci_modeling_L3,progression,ordered_progression,expert_synthesis,needs_expert_review,0.85,Orden propuesto de sofisticación creciente; no implica secuencia rígida ni etiqueta permanente.,src_nrc_framework,,"{""official_relation"":false}"
r_prac_sci_modeling_has_4,L2,prac_sci_modeling,has_progression_level,prog_prac_sci_modeling_L4,progression,erandi_progression_synthesis,expert_synthesis,needs_expert_review,0.72,Progresión de Erandi: útil para razonamiento y prototipo; no se presenta como progresión oficial del marco fuente.,src_nrc_framework,,"{""official_relation"":false}"
r_prog_prac_sci_modeling_L3_next,L2,prog_prac_sci_modeling_L3,next_level,prog_prac_sci_modeling_L4,progression,ordered_progression,expert_synthesis,needs_expert_review,0.85,Orden propuesto de sofisticación creciente; no implica secuencia rígida ni etiqueta permanente.,src_nrc_framework,,"{""official_relation"":false}"
r_prac_sci_investigation_has_1,L2,prac_sci_investigation,has_progression_level,prog_prac_sci_investigation_L1,progression,erandi_progression_synthesis,expert_synthesis,needs_expert_review,0.72,Progresión de Erandi: útil para razonamiento y prototipo; no se presenta como progresión oficial del marco fuente.,src_nrc_framework,,"{""official_relation"":false}"
r_prac_sci_investigation_has_2,L2,prac_sci_investigation,has_progression_level,prog_prac_sci_investigation_L2,progression,erandi_progression_synthesis,expert_synthesis,needs_expert_review,0.72,Progresión de Erandi: útil para razonamiento y prototipo; no se presenta como progresión oficial del marco fuente.,src_nrc_framework,,"{""official_relation"":false}"
r_prog_prac_sci_investigation_L1_next,L2,prog_prac_sci_investigation_L1,next_level,prog_prac_sci_investigation_L2,progression,ordered_progression,expert_synthesis,needs_expert_review,0.85,Orden propuesto de sofisticación creciente; no implica secuencia rígida ni etiqueta permanente.,src_nrc_framework,,"{""official_relation"":false}"
r_prac_sci_investigation_has_3,L2,prac_sci_investigation,has_progression_level,prog_prac_sci_investigation_L3,progression,erandi_progression_synthesis,expert_synthesis,needs_expert_review,0.72,Progresión de Erandi: útil para razonamiento y prototipo; no se presenta como progresión oficial del marco fuente.,src_nrc_framework,,"{""official_relation"":false}"
r_prog_prac_sci_investigation_L2_next,L2,prog_prac_sci_investigation_L2,next_level,prog_prac_sci_investigation_L3,progression,ordered_progression,expert_synthesis,needs_expert_review,0.85,Orden propuesto de sofisticación creciente; no implica secuencia rígida ni etiqueta permanente.,src_nrc_framework,,"{""official_relation"":false}"
r_prac_sci_investigation_has_4,L2,prac_sci_investigation,has_progression_level,prog_prac_sci_investigation_L4,progression,erandi_progression_synthesis,expert_synthesis,needs_expert_review,0.72,Progresión de Erandi: útil para razonamiento y prototipo; no se presenta como progresión oficial del marco fuente.,src_nrc_framework,,"{""official_relation"":false}"
r_prog_prac_sci_investigation_L3_next,L2,prog_prac_sci_investigation_L3,next_level,prog_prac_sci_investigation_L4,progression,ordered_progression,expert_synthesis,needs_expert_review,0.85,Orden propuesto de sofisticación creciente; no implica secuencia rígida ni etiqueta permanente.,src_nrc_framework,,"{""official_relation"":false}"
r_prac_sci_data_has_1,L2,prac_sci_data,has_progression_level,prog_prac_sci_data_L1,progression,erandi_progression_synthesis,expert_synthesis,needs_expert_review,0.72,Progresión de Erandi: útil para razonamiento y prototipo; no se presenta como progresión oficial del marco fuente.,src_nrc_framework,,"{""official_relation"":false}"
r_prac_sci_data_has_2,L2,prac_sci_data,has_progression_level,prog_prac_sci_data_L2,progression,erandi_progression_synthesis,expert_synthesis,needs_expert_review,0.72,Progresión de Erandi: útil para razonamiento y prototipo; no se presenta como progresión oficial del marco fuente.,src_nrc_framework,,"{""official_relation"":false}"
r_prog_prac_sci_data_L1_next,L2,prog_prac_sci_data_L1,next_level,prog_prac_sci_data_L2,progression,ordered_progression,expert_synthesis,needs_expert_review,0.85,Orden propuesto de sofisticación creciente; no implica secuencia rígida ni etiqueta permanente.,src_nrc_framework,,"{""official_relation"":false}"
r_prac_sci_data_has_3,L2,prac_sci_data,has_progression_level,prog_prac_sci_data_L3,progression,erandi_progression_synthesis,expert_synthesis,needs_expert_review,0.72,Progresión de Erandi: útil para razonamiento y prototipo; no se presenta como progresión oficial del marco fuente.,src_nrc_framework,,"{""official_relation"":false}"
r_prog_prac_sci_data_L2_next,L2,prog_prac_sci_data_L2,next_level,prog_prac_sci_data_L3,progression,ordered_progression,expert_synthesis,needs_expert_review,0.85,Orden propuesto de sofisticación creciente; no implica secuencia rígida ni etiqueta permanente.,src_nrc_framework,,"{""official_relation"":false}"
r_prac_sci_data_has_4,L2,prac_sci_data,has_progression_level,prog_prac_sci_data_L4,progression,erandi_progression_synthesis,expert_synthesis,needs_expert_review,0.72,Progresión de Erandi: útil para razonamiento y prototipo; no se presenta como progresión oficial del marco fuente.,src_nrc_framework,,"{""official_relation"":false}"
r_prog_prac_sci_data_L3_next,L2,prog_prac_sci_data_L3,next_level,prog_prac_sci_data_L4,progression,ordered_progression,expert_synthesis,needs_expert_review,0.85,Orden propuesto de sofisticación creciente; no implica secuencia rígida ni etiqueta permanente.,src_nrc_framework,,"{""official_relation"":false}"
r_prac_sci_mathcomp_has_1,L2,prac_sci_mathcomp,has_progression_level,prog_prac_sci_mathcomp_L1,progression,erandi_progression_synthesis,expert_synthesis,needs_expert_review,0.72,Progresión de Erandi: útil para razonamiento y prototipo; no se presenta como progresión oficial del marco fuente.,src_nrc_framework,,"{""official_relation"":false}"
r_prac_sci_mathcomp_has_2,L2,prac_sci_mathcomp,has_progression_level,prog_prac_sci_mathcomp_L2,progression,erandi_progression_synthesis,expert_synthesis,needs_expert_review,0.72,Progresión de Erandi: útil para razonamiento y prototipo; no se presenta como progresión oficial del marco fuente.,src_nrc_framework,,"{""official_relation"":false}"
r_prog_prac_sci_mathcomp_L1_next,L2,prog_prac_sci_mathcomp_L1,next_level,prog_prac_sci_mathcomp_L2,progression,ordered_progression,expert_synthesis,needs_expert_review,0.85,Orden propuesto de sofisticación creciente; no implica secuencia rígida ni etiqueta permanente.,src_nrc_framework,,"{""official_relation"":false}"
r_prac_sci_mathcomp_has_3,L2,prac_sci_mathcomp,has_progression_level,prog_prac_sci_mathcomp_L3,progression,erandi_progression_synthesis,expert_synthesis,needs_expert_review,0.72,Progresión de Erandi: útil para razonamiento y prototipo; no se presenta como progresión oficial del marco fuente.,src_nrc_framework,,"{""official_relation"":false}"
r_prog_prac_sci_mathcomp_L2_next,L2,prog_prac_sci_mathcomp_L2,next_level,prog_prac_sci_mathcomp_L3,progression,ordered_progression,expert_synthesis,needs_expert_review,0.85,Orden propuesto de sofisticación creciente; no implica secuencia rígida ni etiqueta permanente.,src_nrc_framework,,"{""official_relation"":false}"
r_prac_sci_explanation_has_1,L2,prac_sci_explanation,has_progression_level,prog_prac_sci_explanation_L1,progression,erandi_progression_synthesis,expert_synthesis,needs_expert_review,0.72,Progresión de Erandi: útil para razonamiento y prototipo; no se presenta como progresión oficial del marco fuente.,src_nrc_framework,,"{""official_relation"":false}"
r_prac_sci_explanation_has_2,L2,prac_sci_explanation,has_progression_level,prog_prac_sci_explanation_L2,progression,erandi_progression_synthesis,expert_synthesis,needs_expert_review,0.72,Progresión de Erandi: útil para razonamiento y prototipo; no se presenta como progresión oficial del marco fuente.,src_nrc_framework,,"{""official_relation"":false}"
r_prog_prac_sci_explanation_L1_next,L2,prog_prac_sci_explanation_L1,next_level,prog_prac_sci_explanation_L2,progression,ordered_progression,expert_synthesis,needs_expert_review,0.85,Orden propuesto de sofisticación creciente; no implica secuencia rígida ni etiqueta permanente.,src_nrc_framework,,"{""official_relation"":false}"
r_prac_sci_explanation_has_3,L2,prac_sci_explanation,has_progression_level,prog_prac_sci_explanation_L3,progression,erandi_progression_synthesis,expert_synthesis,needs_expert_review,0.72,Progresión de Erandi: útil para razonamiento y prototipo; no se presenta como progresión oficial del marco fuente.,src_nrc_framework,,"{""official_relation"":false}"
r_prog_prac_sci_explanation_L2_next,L2,prog_prac_sci_explanation_L2,next_level,prog_prac_sci_explanation_L3,progression,ordered_progression,expert_synthesis,needs_expert_review,0.85,Orden propuesto de sofisticación creciente; no implica secuencia rígida ni etiqueta permanente.,src_nrc_framework,,"{""official_relation"":false}"
r_prac_sci_explanation_has_4,L2,prac_sci_explanation,has_progression_level,prog_prac_sci_explanation_L4,progression,erandi_progression_synthesis,expert_synthesis,needs_expert_review,0.72,Progresión de Erandi: útil para razonamiento y prototipo; no se presenta como progresión oficial del marco fuente.,src_nrc_framework,,"{""official_relation"":false}"
r_prog_prac_sci_explanation_L3_next,L2,prog_prac_sci_explanation_L3,next_level,prog_prac_sci_explanation_L4,progression,ordered_progression,expert_synthesis,needs_expert_review,0.85,Orden propuesto de sofisticación creciente; no implica secuencia rígida ni etiqueta permanente.,src_nrc_framework,,"{""official_relation"":false}"
r_prac_sci_argument_has_1,L2,prac_sci_argument,has_progression_level,prog_prac_sci_argument_L1,progression,erandi_progression_synthesis,expert_synthesis,needs_expert_review,0.72,Progresión de Erandi: útil para razonamiento y prototipo; no se presenta como progresión oficial del marco fuente.,src_nrc_framework,,"{""official_relation"":false}"
r_prac_sci_argument_has_2,L2,prac_sci_argument,has_progression_level,prog_prac_sci_argument_L2,progression,erandi_progression_synthesis,expert_synthesis,needs_expert_review,0.72,Progresión de Erandi: útil para razonamiento y prototipo; no se presenta como progresión oficial del marco fuente.,src_nrc_framework,,"{""official_relation"":false}"
r_prog_prac_sci_argument_L1_next,L2,prog_prac_sci_argument_L1,next_level,prog_prac_sci_argument_L2,progression,ordered_progression,expert_synthesis,needs_expert_review,0.85,Orden propuesto de sofisticación creciente; no implica secuencia rígida ni etiqueta permanente.,src_nrc_framework,,"{""official_relation"":false}"
r_prac_sci_argument_has_3,L2,prac_sci_argument,has_progression_level,prog_prac_sci_argument_L3,progression,erandi_progression_synthesis,expert_synthesis,needs_expert_review,0.72,Progresión de Erandi: útil para razonamiento y prototipo; no se presenta como progresión oficial del marco fuente.,src_nrc_framework,,"{""official_relation"":false}"
r_prog_prac_sci_argument_L2_next,L2,prog_prac_sci_argument_L2,next_level,prog_prac_sci_argument_L3,progression,ordered_progression,expert_synthesis,needs_expert_review,0.85,Orden propuesto de sofisticación creciente; no implica secuencia rígida ni etiqueta permanente.,src_nrc_framework,,"{""official_relation"":false}"
r_prac_sci_argument_has_4,L2,prac_sci_argument,has_progression_level,prog_prac_sci_argument_L4,progression,erandi_progression_synthesis,expert_synthesis,needs_expert_review,0.72,Progresión de Erandi: útil para razonamiento y prototipo; no se presenta como progresión oficial del marco fuente.,src_nrc_framework,,"{""official_relation"":false}"
r_prog_prac_sci_argument_L3_next,L2,prog_prac_sci_argument_L3,next_level,prog_prac_sci_argument_L4,progression,ordered_progression,expert_synthesis,needs_expert_review,0.85,Orden propuesto de sofisticación creciente; no implica secuencia rígida ni etiqueta permanente.,src_nrc_framework,,"{""official_relation"":false}"
r_prac_sci_communication_has_1,L2,prac_sci_communication,has_progression_level,prog_prac_sci_communication_L1,progression,erandi_progression_synthesis,expert_synthesis,needs_expert_review,0.72,Progresión de Erandi: útil para razonamiento y prototipo; no se presenta como progresión oficial del marco fuente.,src_nrc_framework,,"{""official_relation"":false}"
r_prac_sci_communication_has_2,L2,prac_sci_communication,has_progression_level,prog_prac_sci_communication_L2,progression,erandi_progression_synthesis,expert_synthesis,needs_expert_review,0.72,Progresión de Erandi: útil para razonamiento y prototipo; no se presenta como progresión oficial del marco fuente.,src_nrc_framework,,"{""official_relation"":false}"
r_prog_prac_sci_communication_L1_next,L2,prog_prac_sci_communication_L1,next_level,prog_prac_sci_communication_L2,progression,ordered_progression,expert_synthesis,needs_expert_review,0.85,Orden propuesto de sofisticación creciente; no implica secuencia rígida ni etiqueta permanente.,src_nrc_framework,,"{""official_relation"":false}"
r_prac_sci_communication_has_3,L2,prac_sci_communication,has_progression_level,prog_prac_sci_communication_L3,progression,erandi_progression_synthesis,expert_synthesis,needs_expert_review,0.72,Progresión de Erandi: útil para razonamiento y prototipo; no se presenta como progresión oficial del marco fuente.,src_nrc_framework,,"{""official_relation"":false}"
r_prog_prac_sci_communication_L2_next,L2,prog_prac_sci_communication_L2,next_level,prog_prac_sci_communication_L3,progression,ordered_progression,expert_synthesis,needs_expert_review,0.85,Orden propuesto de sofisticación creciente; no implica secuencia rígida ni etiqueta permanente.,src_nrc_framework,,"{""official_relation"":false}"
r_prac_sci_communication_has_4,L2,prac_sci_communication,has_progression_level,prog_prac_sci_communication_L4,progression,erandi_progression_synthesis,expert_synthesis,needs_expert_review,0.72,Progresión de Erandi: útil para razonamiento y prototipo; no se presenta como progresión oficial del marco fuente.,src_nrc_framework,,"{""official_relation"":false}"
r_prog_prac_sci_communication_L3_next,L2,prog_prac_sci_communication_L3,next_level,prog_prac_sci_communication_L4,progression,ordered_progression,expert_synthesis,needs_expert_review,0.85,Orden propuesto de sofisticación creciente; no implica secuencia rígida ni etiqueta permanente.,src_nrc_framework,,"{""official_relation"":false}"
r_prac_sci_systems_has_1,L2,prac_sci_systems,has_progression_level,prog_prac_sci_systems_L1,progression,erandi_progression_synthesis,expert_synthesis,needs_expert_review,0.72,Progresión de Erandi: útil para razonamiento y prototipo; no se presenta como progresión oficial del marco fuente.,src_nrc_framework,,"{""official_relation"":false}"
r_prac_sci_systems_has_2,L2,prac_sci_systems,has_progression_level,prog_prac_sci_systems_L2,progression,erandi_progression_synthesis,expert_synthesis,needs_expert_review,0.72,Progresión de Erandi: útil para razonamiento y prototipo; no se presenta como progresión oficial del marco fuente.,src_nrc_framework,,"{""official_relation"":false}"
r_prog_prac_sci_systems_L1_next,L2,prog_prac_sci_systems_L1,next_level,prog_prac_sci_systems_L2,progression,ordered_progression,expert_synthesis,needs_expert_review,0.85,Orden propuesto de sofisticación creciente; no implica secuencia rígida ni etiqueta permanente.,src_nrc_framework,,"{""official_relation"":false}"
r_prac_sci_systems_has_3,L2,prac_sci_systems,has_progression_level,prog_prac_sci_systems_L3,progression,erandi_progression_synthesis,expert_synthesis,needs_expert_review,0.72,Progresión de Erandi: útil para razonamiento y prototipo; no se presenta como progresión oficial del marco fuente.,src_nrc_framework,,"{""official_relation"":false}"
r_prog_prac_sci_systems_L2_next,L2,prog_prac_sci_systems_L2,next_level,prog_prac_sci_systems_L3,progression,ordered_progression,expert_synthesis,needs_expert_review,0.85,Orden propuesto de sofisticación creciente; no implica secuencia rígida ni etiqueta permanente.,src_nrc_framework,,"{""official_relation"":false}"
r_prac_sci_systems_has_4,L2,prac_sci_systems,has_progression_level,prog_prac_sci_systems_L4,progression,erandi_progression_synthesis,expert_synthesis,needs_expert_review,0.72,Progresión de Erandi: útil para razonamiento y prototipo; no se presenta como progresión oficial del marco fuente.,src_nrc_framework,,"{""official_relation"":false}"
r_prog_prac_sci_systems_L3_next,L2,prog_prac_sci_systems_L3,next_level,prog_prac_sci_systems_L4,progression,ordered_progression,expert_synthesis,needs_expert_review,0.85,Orden propuesto de sofisticación creciente; no implica secuencia rígida ni etiqueta permanente.,src_nrc_framework,,"{""official_relation"":false}"
r_prac_eng_define_has_1,L2,prac_eng_define,has_progression_level,prog_prac_eng_define_L1,progression,erandi_progression_synthesis,expert_synthesis,needs_expert_review,0.72,Progresión de Erandi: útil para razonamiento y prototipo; no se presenta como progresión oficial del marco fuente.,src_nrc_framework,,"{""official_relation"":false}"
r_prac_eng_define_has_2,L2,prac_eng_define,has_progression_level,prog_prac_eng_define_L2,progression,erandi_progression_synthesis,expert_synthesis,needs_expert_review,0.72,Progresión de Erandi: útil para razonamiento y prototipo; no se presenta como progresión oficial del marco fuente.,src_nrc_framework,,"{""official_relation"":false}"
r_prog_prac_eng_define_L1_next,L2,prog_prac_eng_define_L1,next_level,prog_prac_eng_define_L2,progression,ordered_progression,expert_synthesis,needs_expert_review,0.85,Orden propuesto de sofisticación creciente; no implica secuencia rígida ni etiqueta permanente.,src_nrc_framework,,"{""official_relation"":false}"
r_prac_eng_define_has_3,L2,prac_eng_define,has_progression_level,prog_prac_eng_define_L3,progression,erandi_progression_synthesis,expert_synthesis,needs_expert_review,0.72,Progresión de Erandi: útil para razonamiento y prototipo; no se presenta como progresión oficial del marco fuente.,src_nrc_framework,,"{""official_relation"":false}"
r_prog_prac_eng_define_L2_next,L2,prog_prac_eng_define_L2,next_level,prog_prac_eng_define_L3,progression,ordered_progression,expert_synthesis,needs_expert_review,0.85,Orden propuesto de sofisticación creciente; no implica secuencia rígida ni etiqueta permanente.,src_nrc_framework,,"{""official_relation"":false}"
r_prac_eng_define_has_4,L2,prac_eng_define,has_progression_level,prog_prac_eng_define_L4,progression,erandi_progression_synthesis,expert_synthesis,needs_expert_review,0.72,Progresión de Erandi: útil para razonamiento y prototipo; no se presenta como progresión oficial del marco fuente.,src_nrc_framework,,"{""official_relation"":false}"
r_prog_prac_eng_define_L3_next,L2,prog_prac_eng_define_L3,next_level,prog_prac_eng_define_L4,progression,ordered_progression,expert_synthesis,needs_expert_review,0.85,Orden propuesto de sofisticación creciente; no implica secuencia rígida ni etiqueta permanente.,src_nrc_framework,,"{""official_relation"":false}"
r_prac_eng_criteria_has_1,L2,prac_eng_criteria,has_progression_level,prog_prac_eng_criteria_L1,progression,erandi_progression_synthesis,expert_synthesis,needs_expert_review,0.72,Progresión de Erandi: útil para razonamiento y prototipo; no se presenta como progresión oficial del marco fuente.,src_nrc_framework,,"{""official_relation"":false}"
r_prac_eng_criteria_has_2,L2,prac_eng_criteria,has_progression_level,prog_prac_eng_criteria_L2,progression,erandi_progression_synthesis,expert_synthesis,needs_expert_review,0.72,Progresión de Erandi: útil para razonamiento y prototipo; no se presenta como progresión oficial del marco fuente.,src_nrc_framework,,"{""official_relation"":false}"
r_prog_prac_eng_criteria_L1_next,L2,prog_prac_eng_criteria_L1,next_level,prog_prac_eng_criteria_L2,progression,ordered_progression,expert_synthesis,needs_expert_review,0.85,Orden propuesto de sofisticación creciente; no implica secuencia rígida ni etiqueta permanente.,src_nrc_framework,,"{""official_relation"":false}"
r_prac_eng_criteria_has_3,L2,prac_eng_criteria,has_progression_level,prog_prac_eng_criteria_L3,progression,erandi_progression_synthesis,expert_synthesis,needs_expert_review,0.72,Progresión de Erandi: útil para razonamiento y prototipo; no se presenta como progresión oficial del marco fuente.,src_nrc_framework,,"{""official_relation"":false}"
r_prog_prac_eng_criteria_L2_next,L2,prog_prac_eng_criteria_L2,next_level,prog_prac_eng_criteria_L3,progression,ordered_progression,expert_synthesis,needs_expert_review,0.85,Orden propuesto de sofisticación creciente; no implica secuencia rígida ni etiqueta permanente.,src_nrc_framework,,"{""official_relation"":false}"
r_prac_eng_criteria_has_4,L2,prac_eng_criteria,has_progression_level,prog_prac_eng_criteria_L4,progression,erandi_progression_synthesis,expert_synthesis,needs_expert_review,0.72,Progresión de Erandi: útil para razonamiento y prototipo; no se presenta como progresión oficial del marco fuente.,src_nrc_framework,,"{""official_relation"":false}"
r_prog_prac_eng_criteria_L3_next,L2,prog_prac_eng_criteria_L3,next_level,prog_prac_eng_criteria_L4,progression,ordered_progression,expert_synthesis,needs_expert_review,0.85,Orden propuesto de sofisticación creciente; no implica secuencia rígida ni etiqueta permanente.,src_nrc_framework,,"{""official_relation"":false}"
r_prac_eng_ideate_has_1,L2,prac_eng_ideate,has_progression_level,prog_prac_eng_ideate_L1,progression,erandi_progression_synthesis,expert_synthesis,needs_expert_review,0.72,Progresión de Erandi: útil para razonamiento y prototipo; no se presenta como progresión oficial del marco fuente.,src_nrc_framework,,"{""official_relation"":false}"
r_prac_eng_ideate_has_2,L2,prac_eng_ideate,has_progression_level,prog_prac_eng_ideate_L2,progression,erandi_progression_synthesis,expert_synthesis,needs_expert_review,0.72,Progresión de Erandi: útil para razonamiento y prototipo; no se presenta como progresión oficial del marco fuente.,src_nrc_framework,,"{""official_relation"":false}"
r_prog_prac_eng_ideate_L1_next,L2,prog_prac_eng_ideate_L1,next_level,prog_prac_eng_ideate_L2,progression,ordered_progression,expert_synthesis,needs_expert_review,0.85,Orden propuesto de sofisticación creciente; no implica secuencia rígida ni etiqueta permanente.,src_nrc_framework,,"{""official_relation"":false}"
r_prac_eng_ideate_has_3,L2,prac_eng_ideate,has_progression_level,prog_prac_eng_ideate_L3,progression,erandi_progression_synthesis,expert_synthesis,needs_expert_review,0.72,Progresión de Erandi: útil para razonamiento y prototipo; no se presenta como progresión oficial del marco fuente.,src_nrc_framework,,"{""official_relation"":false}"
r_prog_prac_eng_ideate_L2_next,L2,prog_prac_eng_ideate_L2,next_level,prog_prac_eng_ideate_L3,progression,ordered_progression,expert_synthesis,needs_expert_review,0.85,Orden propuesto de sofisticación creciente; no implica secuencia rígida ni etiqueta permanente.,src_nrc_framework,,"{""official_relation"":false}"
r_prac_eng_ideate_has_4,L2,prac_eng_ideate,has_progression_level,prog_prac_eng_ideate_L4,progression,erandi_progression_synthesis,expert_synthesis,needs_expert_review,0.72,Progresión de Erandi: útil para razonamiento y prototipo; no se presenta como progresión oficial del marco fuente.,src_nrc_framework,,"{""official_relation"":false}"
r_prog_prac_eng_ideate_L3_next,L2,prog_prac_eng_ideate_L3,next_level,prog_prac_eng_ideate_L4,progression,ordered_progression,expert_synthesis,needs_expert_review,0.85,Orden propuesto de sofisticación creciente; no implica secuencia rígida ni etiqueta permanente.,src_nrc_framework,,"{""official_relation"":false}"
r_prac_eng_modelproto_has_1,L2,prac_eng_modelproto,has_progression_level,prog_prac_eng_modelproto_L1,progression,erandi_progression_synthesis,expert_synthesis,needs_expert_review,0.72,Progresión de Erandi: útil para razonamiento y prototipo; no se presenta como progresión oficial del marco fuente.,src_nrc_framework,,"{""official_relation"":false}"
r_prac_eng_modelproto_has_2,L2,prac_eng_modelproto,has_progression_level,prog_prac_eng_modelproto_L2,progression,erandi_progression_synthesis,expert_synthesis,needs_expert_review,0.72,Progresión de Erandi: útil para razonamiento y prototipo; no se presenta como progresión oficial del marco fuente.,src_nrc_framework,,"{""official_relation"":false}"
r_prog_prac_eng_modelproto_L1_next,L2,prog_prac_eng_modelproto_L1,next_level,prog_prac_eng_modelproto_L2,progression,ordered_progression,expert_synthesis,needs_expert_review,0.85,Orden propuesto de sofisticación creciente; no implica secuencia rígida ni etiqueta permanente.,src_nrc_framework,,"{""official_relation"":false}"
r_prac_eng_modelproto_has_3,L2,prac_eng_modelproto,has_progression_level,prog_prac_eng_modelproto_L3,progression,erandi_progression_synthesis,expert_synthesis,needs_expert_review,0.72,Progresión de Erandi: útil para razonamiento y prototipo; no se presenta como progresión oficial del marco fuente.,src_nrc_framework,,"{""official_relation"":false}"
r_prog_prac_eng_modelproto_L2_next,L2,prog_prac_eng_modelproto_L2,next_level,prog_prac_eng_modelproto_L3,progression,ordered_progression,expert_synthesis,needs_expert_review,0.85,Orden propuesto de sofisticación creciente; no implica secuencia rígida ni etiqueta permanente.,src_nrc_framework,,"{""official_relation"":false}"
r_prac_eng_modelproto_has_4,L2,prac_eng_modelproto,has_progression_level,prog_prac_eng_modelproto_L4,progression,erandi_progression_synthesis,expert_synthesis,needs_expert_review,0.72,Progresión de Erandi: útil para razonamiento y prototipo; no se presenta como progresión oficial del marco fuente.,src_nrc_framework,,"{""official_relation"":false}"
r_prog_prac_eng_modelproto_L3_next,L2,prog_prac_eng_modelproto_L3,next_level,prog_prac_eng_modelproto_L4,progression,ordered_progression,expert_synthesis,needs_expert_review,0.85,Orden propuesto de sofisticación creciente; no implica secuencia rígida ni etiqueta permanente.,src_nrc_framework,,"{""official_relation"":false}"
r_prac_eng_test_has_1,L2,prac_eng_test,has_progression_level,prog_prac_eng_test_L1,progression,erandi_progression_synthesis,expert_synthesis,needs_expert_review,0.72,Progresión de Erandi: útil para razonamiento y prototipo; no se presenta como progresión oficial del marco fuente.,src_nrc_framework,,"{""official_relation"":false}"
r_prac_eng_test_has_2,L2,prac_eng_test,has_progression_level,prog_prac_eng_test_L2,progression,erandi_progression_synthesis,expert_synthesis,needs_expert_review,0.72,Progresión de Erandi: útil para razonamiento y prototipo; no se presenta como progresión oficial del marco fuente.,src_nrc_framework,,"{""official_relation"":false}"
r_prog_prac_eng_test_L1_next,L2,prog_prac_eng_test_L1,next_level,prog_prac_eng_test_L2,progression,ordered_progression,expert_synthesis,needs_expert_review,0.85,Orden propuesto de sofisticación creciente; no implica secuencia rígida ni etiqueta permanente.,src_nrc_framework,,"{""official_relation"":false}"
r_prac_eng_test_has_3,L2,prac_eng_test,has_progression_level,prog_prac_eng_test_L3,progression,erandi_progression_synthesis,expert_synthesis,needs_expert_review,0.72,Progresión de Erandi: útil para razonamiento y prototipo; no se presenta como progresión oficial del marco fuente.,src_nrc_framework,,"{""official_relation"":false}"
r_prog_prac_eng_test_L2_next,L2,prog_prac_eng_test_L2,next_level,prog_prac_eng_test_L3,progression,ordered_progression,expert_synthesis,needs_expert_review,0.85,Orden propuesto de sofisticación creciente; no implica secuencia rígida ni etiqueta permanente.,src_nrc_framework,,"{""official_relation"":false}"
r_prac_eng_test_has_4,L2,prac_eng_test,has_progression_level,prog_prac_eng_test_L4,progression,erandi_progression_synthesis,expert_synthesis,needs_expert_review,0.72,Progresión de Erandi: útil para razonamiento y prototipo; no se presenta como progresión oficial del marco fuente.,src_nrc_framework,,"{""official_relation"":false}"
r_prog_prac_eng_test_L3_next,L2,prog_prac_eng_test_L3,next_level,prog_prac_eng_test_L4,progression,ordered_progression,expert_synthesis,needs_expert_review,0.85,Orden propuesto de sofisticación creciente; no implica secuencia rígida ni etiqueta permanente.,src_nrc_framework,,"{""official_relation"":false}"
r_prac_eng_iterate_has_1,L2,prac_eng_iterate,has_progression_level,prog_prac_eng_iterate_L1,progression,erandi_progression_synthesis,expert_synthesis,needs_expert_review,0.72,Progresión de Erandi: útil para razonamiento y prototipo; no se presenta como progresión oficial del marco fuente.,src_nrc_framework,,"{""official_relation"":false}"
r_prac_eng_iterate_has_2,L2,prac_eng_iterate,has_progression_level,prog_prac_eng_iterate_L2,progression,erandi_progression_synthesis,expert_synthesis,needs_expert_review,0.72,Progresión de Erandi: útil para razonamiento y prototipo; no se presenta como progresión oficial del marco fuente.,src_nrc_framework,,"{""official_relation"":false}"
r_prog_prac_eng_iterate_L1_next,L2,prog_prac_eng_iterate_L1,next_level,prog_prac_eng_iterate_L2,progression,ordered_progression,expert_synthesis,needs_expert_review,0.85,Orden propuesto de sofisticación creciente; no implica secuencia rígida ni etiqueta permanente.,src_nrc_framework,,"{""official_relation"":false}"
r_prac_eng_iterate_has_3,L2,prac_eng_iterate,has_progression_level,prog_prac_eng_iterate_L3,progression,erandi_progression_synthesis,expert_synthesis,needs_expert_review,0.72,Progresión de Erandi: útil para razonamiento y prototipo; no se presenta como progresión oficial del marco fuente.,src_nrc_framework,,"{""official_relation"":false}"
r_prog_prac_eng_iterate_L2_next,L2,prog_prac_eng_iterate_L2,next_level,prog_prac_eng_iterate_L3,progression,ordered_progression,expert_synthesis,needs_expert_review,0.85,Orden propuesto de sofisticación creciente; no implica secuencia rígida ni etiqueta permanente.,src_nrc_framework,,"{""official_relation"":false}"
r_prac_eng_iterate_has_4,L2,prac_eng_iterate,has_progression_level,prog_prac_eng_iterate_L4,progression,erandi_progression_synthesis,expert_synthesis,needs_expert_review,0.72,Progresión de Erandi: útil para razonamiento y prototipo; no se presenta como progresión oficial del marco fuente.,src_nrc_framework,,"{""official_relation"":false}"
r_prog_prac_eng_iterate_L3_next,L2,prog_prac_eng_iterate_L3,next_level,prog_prac_eng_iterate_L4,progression,ordered_progression,expert_synthesis,needs_expert_review,0.85,Orden propuesto de sofisticación creciente; no implica secuencia rígida ni etiqueta permanente.,src_nrc_framework,,"{""official_relation"":false}"
r_prac_eng_tradeoffs_has_1,L2,prac_eng_tradeoffs,has_progression_level,prog_prac_eng_tradeoffs_L1,progression,erandi_progression_synthesis,expert_synthesis,needs_expert_review,0.72,Progresión de Erandi: útil para razonamiento y prototipo; no se presenta como progresión oficial del marco fuente.,src_nrc_framework,,"{""official_relation"":false}"
r_prac_eng_tradeoffs_has_2,L2,prac_eng_tradeoffs,has_progression_level,prog_prac_eng_tradeoffs_L2,progression,erandi_progression_synthesis,expert_synthesis,needs_expert_review,0.72,Progresión de Erandi: útil para razonamiento y prototipo; no se presenta como progresión oficial del marco fuente.,src_nrc_framework,,"{""official_relation"":false}"
r_prog_prac_eng_tradeoffs_L1_next,L2,prog_prac_eng_tradeoffs_L1,next_level,prog_prac_eng_tradeoffs_L2,progression,ordered_progression,expert_synthesis,needs_expert_review,0.85,Orden propuesto de sofisticación creciente; no implica secuencia rígida ni etiqueta permanente.,src_nrc_framework,,"{""official_relation"":false}"
r_prac_eng_tradeoffs_has_3,L2,prac_eng_tradeoffs,has_progression_level,prog_prac_eng_tradeoffs_L3,progression,erandi_progression_synthesis,expert_synthesis,needs_expert_review,0.72,Progresión de Erandi: útil para razonamiento y prototipo; no se presenta como progresión oficial del marco fuente.,src_nrc_framework,,"{""official_relation"":false}"
r_prog_prac_eng_tradeoffs_L2_next,L2,prog_prac_eng_tradeoffs_L2,next_level,prog_prac_eng_tradeoffs_L3,progression,ordered_progression,expert_synthesis,needs_expert_review,0.85,Orden propuesto de sofisticación creciente; no implica secuencia rígida ni etiqueta permanente.,src_nrc_framework,,"{""official_relation"":false}"
r_prac_eng_tradeoffs_has_4,L2,prac_eng_tradeoffs,has_progression_level,prog_prac_eng_tradeoffs_L4,progression,erandi_progression_synthesis,expert_synthesis,needs_expert_review,0.72,Progresión de Erandi: útil para razonamiento y prototipo; no se presenta como progresión oficial del marco fuente.,src_nrc_framework,,"{""official_relation"":false}"
r_prog_prac_eng_tradeoffs_L3_next,L2,prog_prac_eng_tradeoffs_L3,next_level,prog_prac_eng_tradeoffs_L4,progression,ordered_progression,expert_synthesis,needs_expert_review,0.85,Orden propuesto de sofisticación creciente; no implica secuencia rígida ni etiqueta permanente.,src_nrc_framework,,"{""official_relation"":false}"
r_prac_eng_argument_has_1,L2,prac_eng_argument,has_progression_level,prog_prac_eng_argument_L1,progression,erandi_progression_synthesis,expert_synthesis,needs_expert_review,0.72,Progresión de Erandi: útil para razonamiento y prototipo; no se presenta como progresión oficial del marco fuente.,src_nrc_framework,,"{""official_relation"":false}"
r_prac_eng_argument_has_2,L2,prac_eng_argument,has_progression_level,prog_prac_eng_argument_L2,progression,erandi_progression_synthesis,expert_synthesis,needs_expert_review,0.72,Progresión de Erandi: útil para razonamiento y prototipo; no se presenta como progresión oficial del marco fuente.,src_nrc_framework,,"{""official_relation"":false}"
r_prog_prac_eng_argument_L1_next,L2,prog_prac_eng_argument_L1,next_level,prog_prac_eng_argument_L2,progression,ordered_progression,expert_synthesis,needs_expert_review,0.85,Orden propuesto de sofisticación creciente; no implica secuencia rígida ni etiqueta permanente.,src_nrc_framework,,"{""official_relation"":false}"
r_prac_eng_argument_has_3,L2,prac_eng_argument,has_progression_level,prog_prac_eng_argument_L3,progression,erandi_progression_synthesis,expert_synthesis,needs_expert_review,0.72,Progresión de Erandi: útil para razonamiento y prototipo; no se presenta como progresión oficial del marco fuente.,src_nrc_framework,,"{""official_relation"":false}"
r_prog_prac_eng_argument_L2_next,L2,prog_prac_eng_argument_L2,next_level,prog_prac_eng_argument_L3,progression,ordered_progression,expert_synthesis,needs_expert_review,0.85,Orden propuesto de sofisticación creciente; no implica secuencia rígida ni etiqueta permanente.,src_nrc_framework,,"{""official_relation"":false}"
r_prac_eng_argument_has_4,L2,prac_eng_argument,has_progression_level,prog_prac_eng_argument_L4,progression,erandi_progression_synthesis,expert_synthesis,needs_expert_review,0.72,Progresión de Erandi: útil para razonamiento y prototipo; no se presenta como progresión oficial del marco fuente.,src_nrc_framework,,"{""official_relation"":false}"
r_prog_prac_eng_argument_L3_next,L2,prog_prac_eng_argument_L3,next_level,prog_prac_eng_argument_L4,progression,ordered_progression,expert_synthesis,needs_expert_review,0.85,Orden propuesto de sofisticación creciente; no implica secuencia rígida ni etiqueta permanente.,src_nrc_framework,,"{""official_relation"":false}"
r_prac_eng_communicate_has_1,L2,prac_eng_communicate,has_progression_level,prog_prac_eng_communicate_L1,progression,erandi_progression_synthesis,expert_synthesis,needs_expert_review,0.72,Progresión de Erandi: útil para razonamiento y prototipo; no se presenta como progresión oficial del marco fuente.,src_nrc_framework,,"{""official_relation"":false}"
r_prac_eng_communicate_has_2,L2,prac_eng_communicate,has_progression_level,prog_prac_eng_communicate_L2,progression,erandi_progression_synthesis,expert_synthesis,needs_expert_review,0.72,Progresión de Erandi: útil para razonamiento y prototipo; no se presenta como progresión oficial del marco fuente.,src_nrc_framework,,"{""official_relation"":false}"
r_prog_prac_eng_communicate_L1_next,L2,prog_prac_eng_communicate_L1,next_level,prog_prac_eng_communicate_L2,progression,ordered_progression,expert_synthesis,needs_expert_review,0.85,Orden propuesto de sofisticación creciente; no implica secuencia rígida ni etiqueta permanente.,src_nrc_framework,,"{""official_relation"":false}"
r_prac_eng_communicate_has_3,L2,prac_eng_communicate,has_progression_level,prog_prac_eng_communicate_L3,progression,erandi_progression_synthesis,expert_synthesis,needs_expert_review,0.72,Progresión de Erandi: útil para razonamiento y prototipo; no se presenta como progresión oficial del marco fuente.,src_nrc_framework,,"{""official_relation"":false}"
r_prog_prac_eng_communicate_L2_next,L2,prog_prac_eng_communicate_L2,next_level,prog_prac_eng_communicate_L3,progression,ordered_progression,expert_synthesis,needs_expert_review,0.85,Orden propuesto de sofisticación creciente; no implica secuencia rígida ni etiqueta permanente.,src_nrc_framework,,"{""official_relation"":false}"
r_prac_eng_communicate_has_4,L2,prac_eng_communicate,has_progression_level,prog_prac_eng_communicate_L4,progression,erandi_progression_synthesis,expert_synthesis,needs_expert_review,0.72,Progresión de Erandi: útil para razonamiento y prototipo; no se presenta como progresión oficial del marco fuente.,src_nrc_framework,,"{""official_relation"":false}"
r_prog_prac_eng_communicate_L3_next,L2,prog_prac_eng_communicate_L3,next_level,prog_prac_eng_communicate_L4,progression,ordered_progression,expert_synthesis,needs_expert_review,0.85,Orden propuesto de sofisticación creciente; no implica secuencia rígida ni etiqueta permanente.,src_nrc_framework,,"{""official_relation"":false}"
r_prac_eng_systems_has_1,L2,prac_eng_systems,has_progression_level,prog_prac_eng_systems_L1,progression,erandi_progression_synthesis,expert_synthesis,needs_expert_review,0.72,Progresión de Erandi: útil para razonamiento y prototipo; no se presenta como progresión oficial del marco fuente.,src_nrc_framework,,"{""official_relation"":false}"
r_prac_eng_systems_has_2,L2,prac_eng_systems,has_progression_level,prog_prac_eng_systems_L2,progression,erandi_progression_synthesis,expert_synthesis,needs_expert_review,0.72,Progresión de Erandi: útil para razonamiento y prototipo; no se presenta como progresión oficial del marco fuente.,src_nrc_framework,,"{""official_relation"":false}"
r_prog_prac_eng_systems_L1_next,L2,prog_prac_eng_systems_L1,next_level,prog_prac_eng_systems_L2,progression,ordered_progression,expert_synthesis,needs_expert_review,0.85,Orden propuesto de sofisticación creciente; no implica secuencia rígida ni etiqueta permanente.,src_nrc_framework,,"{""official_relation"":false}"
r_prac_eng_systems_has_3,L2,prac_eng_systems,has_progression_level,prog_prac_eng_systems_L3,progression,erandi_progression_synthesis,expert_synthesis,needs_expert_review,0.72,Progresión de Erandi: útil para razonamiento y prototipo; no se presenta como progresión oficial del marco fuente.,src_nrc_framework,,"{""official_relation"":false}"
r_prog_prac_eng_systems_L2_next,L2,prog_prac_eng_systems_L2,next_level,prog_prac_eng_systems_L3,progression,ordered_progression,expert_synthesis,needs_expert_review,0.85,Orden propuesto de sofisticación creciente; no implica secuencia rígida ni etiqueta permanente.,src_nrc_framework,,"{""official_relation"":false}"
r_prac_eng_systems_has_4,L2,prac_eng_systems,has_progression_level,prog_prac_eng_systems_L4,progression,erandi_progression_synthesis,expert_synthesis,needs_expert_review,0.72,Progresión de Erandi: útil para razonamiento y prototipo; no se presenta como progresión oficial del marco fuente.,src_nrc_framework,,"{""official_relation"":false}"
r_prog_prac_eng_systems_L3_next,L2,prog_prac_eng_systems_L3,next_level,prog_prac_eng_systems_L4,progression,ordered_progression,expert_synthesis,needs_expert_review,0.85,Orden propuesto de sofisticación creciente; no implica secuencia rígida ni etiqueta permanente.,src_nrc_framework,,"{""official_relation"":false}"
r_prac_math_make_sense_has_1,L2,prac_math_make_sense,has_progression_level,prog_prac_math_make_sense_L1,progression,erandi_progression_synthesis,expert_synthesis,needs_expert_review,0.72,Progresión de Erandi: útil para razonamiento y prototipo; no se presenta como progresión oficial del marco fuente.,src_ccss_math,,"{""official_relation"":false}"
r_prac_math_make_sense_has_2,L2,prac_math_make_sense,has_progression_level,prog_prac_math_make_sense_L2,progression,erandi_progression_synthesis,expert_synthesis,needs_expert_review,0.72,Progresión de Erandi: útil para razonamiento y prototipo; no se presenta como progresión oficial del marco fuente.,src_ccss_math,,"{""official_relation"":false}"
r_prog_prac_math_make_sense_L1_next,L2,prog_prac_math_make_sense_L1,next_level,prog_prac_math_make_sense_L2,progression,ordered_progression,expert_synthesis,needs_expert_review,0.85,Orden propuesto de sofisticación creciente; no implica secuencia rígida ni etiqueta permanente.,src_ccss_math,,"{""official_relation"":false}"
r_prac_math_make_sense_has_3,L2,prac_math_make_sense,has_progression_level,prog_prac_math_make_sense_L3,progression,erandi_progression_synthesis,expert_synthesis,needs_expert_review,0.72,Progresión de Erandi: útil para razonamiento y prototipo; no se presenta como progresión oficial del marco fuente.,src_ccss_math,,"{""official_relation"":false}"
r_prog_prac_math_make_sense_L2_next,L2,prog_prac_math_make_sense_L2,next_level,prog_prac_math_make_sense_L3,progression,ordered_progression,expert_synthesis,needs_expert_review,0.85,Orden propuesto de sofisticación creciente; no implica secuencia rígida ni etiqueta permanente.,src_ccss_math,,"{""official_relation"":false}"
r_prac_math_reason_abstract_has_1,L2,prac_math_reason_abstract,has_progression_level,prog_prac_math_reason_abstract_L1,progression,erandi_progression_synthesis,expert_synthesis,needs_expert_review,0.72,Progresión de Erandi: útil para razonamiento y prototipo; no se presenta como progresión oficial del marco fuente.,src_ccss_math,,"{""official_relation"":false}"
r_prac_math_reason_abstract_has_2,L2,prac_math_reason_abstract,has_progression_level,prog_prac_math_reason_abstract_L2,progression,erandi_progression_synthesis,expert_synthesis,needs_expert_review,0.72,Progresión de Erandi: útil para razonamiento y prototipo; no se presenta como progresión oficial del marco fuente.,src_ccss_math,,"{""official_relation"":false}"
r_prog_prac_math_reason_abstract_L1_next,L2,prog_prac_math_reason_abstract_L1,next_level,prog_prac_math_reason_abstract_L2,progression,ordered_progression,expert_synthesis,needs_expert_review,0.85,Orden propuesto de sofisticación creciente; no implica secuencia rígida ni etiqueta permanente.,src_ccss_math,,"{""official_relation"":false}"
r_prac_math_reason_abstract_has_3,L2,prac_math_reason_abstract,has_progression_level,prog_prac_math_reason_abstract_L3,progression,erandi_progression_synthesis,expert_synthesis,needs_expert_review,0.72,Progresión de Erandi: útil para razonamiento y prototipo; no se presenta como progresión oficial del marco fuente.,src_ccss_math,,"{""official_relation"":false}"
r_prog_prac_math_reason_abstract_L2_next,L2,prog_prac_math_reason_abstract_L2,next_level,prog_prac_math_reason_abstract_L3,progression,ordered_progression,expert_synthesis,needs_expert_review,0.85,Orden propuesto de sofisticación creciente; no implica secuencia rígida ni etiqueta permanente.,src_ccss_math,,"{""official_relation"":false}"
r_prac_math_argument_has_1,L2,prac_math_argument,has_progression_level,prog_prac_math_argument_L1,progression,erandi_progression_synthesis,expert_synthesis,needs_expert_review,0.72,Progresión de Erandi: útil para razonamiento y prototipo; no se presenta como progresión oficial del marco fuente.,src_ccss_math,,"{""official_relation"":false}"
r_prac_math_argument_has_2,L2,prac_math_argument,has_progression_level,prog_prac_math_argument_L2,progression,erandi_progression_synthesis,expert_synthesis,needs_expert_review,0.72,Progresión de Erandi: útil para razonamiento y prototipo; no se presenta como progresión oficial del marco fuente.,src_ccss_math,,"{""official_relation"":false}"
r_prog_prac_math_argument_L1_next,L2,prog_prac_math_argument_L1,next_level,prog_prac_math_argument_L2,progression,ordered_progression,expert_synthesis,needs_expert_review,0.85,Orden propuesto de sofisticación creciente; no implica secuencia rígida ni etiqueta permanente.,src_ccss_math,,"{""official_relation"":false}"
r_prac_math_argument_has_3,L2,prac_math_argument,has_progression_level,prog_prac_math_argument_L3,progression,erandi_progression_synthesis,expert_synthesis,needs_expert_review,0.72,Progresión de Erandi: útil para razonamiento y prototipo; no se presenta como progresión oficial del marco fuente.,src_ccss_math,,"{""official_relation"":false}"
r_prog_prac_math_argument_L2_next,L2,prog_prac_math_argument_L2,next_level,prog_prac_math_argument_L3,progression,ordered_progression,expert_synthesis,needs_expert_review,0.85,Orden propuesto de sofisticación creciente; no implica secuencia rígida ni etiqueta permanente.,src_ccss_math,,"{""official_relation"":false}"
r_prac_math_model_has_1,L2,prac_math_model,has_progression_level,prog_prac_math_model_L1,progression,erandi_progression_synthesis,expert_synthesis,needs_expert_review,0.72,Progresión de Erandi: útil para razonamiento y prototipo; no se presenta como progresión oficial del marco fuente.,src_ccss_math,,"{""official_relation"":false}"
r_prac_math_model_has_2,L2,prac_math_model,has_progression_level,prog_prac_math_model_L2,progression,erandi_progression_synthesis,expert_synthesis,needs_expert_review,0.72,Progresión de Erandi: útil para razonamiento y prototipo; no se presenta como progresión oficial del marco fuente.,src_ccss_math,,"{""official_relation"":false}"
r_prog_prac_math_model_L1_next,L2,prog_prac_math_model_L1,next_level,prog_prac_math_model_L2,progression,ordered_progression,expert_synthesis,needs_expert_review,0.85,Orden propuesto de sofisticación creciente; no implica secuencia rígida ni etiqueta permanente.,src_ccss_math,,"{""official_relation"":false}"
r_prac_math_model_has_3,L2,prac_math_model,has_progression_level,prog_prac_math_model_L3,progression,erandi_progression_synthesis,expert_synthesis,needs_expert_review,0.72,Progresión de Erandi: útil para razonamiento y prototipo; no se presenta como progresión oficial del marco fuente.,src_ccss_math,,"{""official_relation"":false}"
r_prog_prac_math_model_L2_next,L2,prog_prac_math_model_L2,next_level,prog_prac_math_model_L3,progression,ordered_progression,expert_synthesis,needs_expert_review,0.85,Orden propuesto de sofisticación creciente; no implica secuencia rígida ni etiqueta permanente.,src_ccss_math,,"{""official_relation"":false}"
r_prac_math_tools_has_1,L2,prac_math_tools,has_progression_level,prog_prac_math_tools_L1,progression,erandi_progression_synthesis,expert_synthesis,needs_expert_review,0.72,Progresión de Erandi: útil para razonamiento y prototipo; no se presenta como progresión oficial del marco fuente.,src_ccss_math,,"{""official_relation"":false}"
r_prac_math_tools_has_2,L2,prac_math_tools,has_progression_level,prog_prac_math_tools_L2,progression,erandi_progression_synthesis,expert_synthesis,needs_expert_review,0.72,Progresión de Erandi: útil para razonamiento y prototipo; no se presenta como progresión oficial del marco fuente.,src_ccss_math,,"{""official_relation"":false}"
r_prog_prac_math_tools_L1_next,L2,prog_prac_math_tools_L1,next_level,prog_prac_math_tools_L2,progression,ordered_progression,expert_synthesis,needs_expert_review,0.85,Orden propuesto de sofisticación creciente; no implica secuencia rígida ni etiqueta permanente.,src_ccss_math,,"{""official_relation"":false}"
r_prac_math_tools_has_3,L2,prac_math_tools,has_progression_level,prog_prac_math_tools_L3,progression,erandi_progression_synthesis,expert_synthesis,needs_expert_review,0.72,Progresión de Erandi: útil para razonamiento y prototipo; no se presenta como progresión oficial del marco fuente.,src_ccss_math,,"{""official_relation"":false}"
r_prog_prac_math_tools_L2_next,L2,prog_prac_math_tools_L2,next_level,prog_prac_math_tools_L3,progression,ordered_progression,expert_synthesis,needs_expert_review,0.85,Orden propuesto de sofisticación creciente; no implica secuencia rígida ni etiqueta permanente.,src_ccss_math,,"{""official_relation"":false}"
r_prac_math_precision_has_1,L2,prac_math_precision,has_progression_level,prog_prac_math_precision_L1,progression,erandi_progression_synthesis,expert_synthesis,needs_expert_review,0.72,Progresión de Erandi: útil para razonamiento y prototipo; no se presenta como progresión oficial del marco fuente.,src_ccss_math,,"{""official_relation"":false}"
r_prac_math_precision_has_2,L2,prac_math_precision,has_progression_level,prog_prac_math_precision_L2,progression,erandi_progression_synthesis,expert_synthesis,needs_expert_review,0.72,Progresión de Erandi: útil para razonamiento y prototipo; no se presenta como progresión oficial del marco fuente.,src_ccss_math,,"{""official_relation"":false}"
r_prog_prac_math_precision_L1_next,L2,prog_prac_math_precision_L1,next_level,prog_prac_math_precision_L2,progression,ordered_progression,expert_synthesis,needs_expert_review,0.85,Orden propuesto de sofisticación creciente; no implica secuencia rígida ni etiqueta permanente.,src_ccss_math,,"{""official_relation"":false}"
r_prac_math_precision_has_3,L2,prac_math_precision,has_progression_level,prog_prac_math_precision_L3,progression,erandi_progression_synthesis,expert_synthesis,needs_expert_review,0.72,Progresión de Erandi: útil para razonamiento y prototipo; no se presenta como progresión oficial del marco fuente.,src_ccss_math,,"{""official_relation"":false}"
r_prog_prac_math_precision_L2_next,L2,prog_prac_math_precision_L2,next_level,prog_prac_math_precision_L3,progression,ordered_progression,expert_synthesis,needs_expert_review,0.85,Orden propuesto de sofisticación creciente; no implica secuencia rígida ni etiqueta permanente.,src_ccss_math,,"{""official_relation"":false}"
r_prac_math_structure_has_1,L2,prac_math_structure,has_progression_level,prog_prac_math_structure_L1,progression,erandi_progression_synthesis,expert_synthesis,needs_expert_review,0.72,Progresión de Erandi: útil para razonamiento y prototipo; no se presenta como progresión oficial del marco fuente.,src_ccss_math,,"{""official_relation"":false}"
r_prac_math_structure_has_2,L2,prac_math_structure,has_progression_level,prog_prac_math_structure_L2,progression,erandi_progression_synthesis,expert_synthesis,needs_expert_review,0.72,Progresión de Erandi: útil para razonamiento y prototipo; no se presenta como progresión oficial del marco fuente.,src_ccss_math,,"{""official_relation"":false}"
r_prog_prac_math_structure_L1_next,L2,prog_prac_math_structure_L1,next_level,prog_prac_math_structure_L2,progression,ordered_progression,expert_synthesis,needs_expert_review,0.85,Orden propuesto de sofisticación creciente; no implica secuencia rígida ni etiqueta permanente.,src_ccss_math,,"{""official_relation"":false}"
r_prac_math_structure_has_3,L2,prac_math_structure,has_progression_level,prog_prac_math_structure_L3,progression,erandi_progression_synthesis,expert_synthesis,needs_expert_review,0.72,Progresión de Erandi: útil para razonamiento y prototipo; no se presenta como progresión oficial del marco fuente.,src_ccss_math,,"{""official_relation"":false}"
r_prog_prac_math_structure_L2_next,L2,prog_prac_math_structure_L2,next_level,prog_prac_math_structure_L3,progression,ordered_progression,expert_synthesis,needs_expert_review,0.85,Orden propuesto de sofisticación creciente; no implica secuencia rígida ni etiqueta permanente.,src_ccss_math,,"{""official_relation"":false}"
r_prac_math_regularity_has_1,L2,prac_math_regularity,has_progression_level,prog_prac_math_regularity_L1,progression,erandi_progression_synthesis,expert_synthesis,needs_expert_review,0.72,Progresión de Erandi: útil para razonamiento y prototipo; no se presenta como progresión oficial del marco fuente.,src_ccss_math,,"{""official_relation"":false}"
r_prac_math_regularity_has_2,L2,prac_math_regularity,has_progression_level,prog_prac_math_regularity_L2,progression,erandi_progression_synthesis,expert_synthesis,needs_expert_review,0.72,Progresión de Erandi: útil para razonamiento y prototipo; no se presenta como progresión oficial del marco fuente.,src_ccss_math,,"{""official_relation"":false}"
r_prog_prac_math_regularity_L1_next,L2,prog_prac_math_regularity_L1,next_level,prog_prac_math_regularity_L2,progression,ordered_progression,expert_synthesis,needs_expert_review,0.85,Orden propuesto de sofisticación creciente; no implica secuencia rígida ni etiqueta permanente.,src_ccss_math,,"{""official_relation"":false}"
r_prac_math_regularity_has_3,L2,prac_math_regularity,has_progression_level,prog_prac_math_regularity_L3,progression,erandi_progression_synthesis,expert_synthesis,needs_expert_review,0.72,Progresión de Erandi: útil para razonamiento y prototipo; no se presenta como progresión oficial del marco fuente.,src_ccss_math,,"{""official_relation"":false}"
r_prog_prac_math_regularity_L2_next,L2,prog_prac_math_regularity_L2,next_level,prog_prac_math_regularity_L3,progression,ordered_progression,expert_synthesis,needs_expert_review,0.85,Orden propuesto de sofisticación creciente; no implica secuencia rígida ni etiqueta permanente.,src_ccss_math,,"{""official_relation"":false}"
r_prac_cs_positive_impact_has_1,L2,prac_cs_positive_impact,has_progression_level,prog_prac_cs_positive_impact_L1,progression,erandi_progression_synthesis,expert_synthesis,needs_expert_review,0.72,Progresión de Erandi: útil para razonamiento y prototipo; no se presenta como progresión oficial del marco fuente.,src_csta_2026,,"{""official_relation"":false}"
r_prac_cs_positive_impact_has_2,L2,prac_cs_positive_impact,has_progression_level,prog_prac_cs_positive_impact_L2,progression,erandi_progression_synthesis,expert_synthesis,needs_expert_review,0.72,Progresión de Erandi: útil para razonamiento y prototipo; no se presenta como progresión oficial del marco fuente.,src_csta_2026,,"{""official_relation"":false}"
r_prog_prac_cs_positive_impact_L1_next,L2,prog_prac_cs_positive_impact_L1,next_level,prog_prac_cs_positive_impact_L2,progression,ordered_progression,expert_synthesis,needs_expert_review,0.85,Orden propuesto de sofisticación creciente; no implica secuencia rígida ni etiqueta permanente.,src_csta_2026,,"{""official_relation"":false}"
r_prac_cs_positive_impact_has_3,L2,prac_cs_positive_impact,has_progression_level,prog_prac_cs_positive_impact_L3,progression,erandi_progression_synthesis,expert_synthesis,needs_expert_review,0.72,Progresión de Erandi: útil para razonamiento y prototipo; no se presenta como progresión oficial del marco fuente.,src_csta_2026,,"{""official_relation"":false}"
r_prog_prac_cs_positive_impact_L2_next,L2,prog_prac_cs_positive_impact_L2,next_level,prog_prac_cs_positive_impact_L3,progression,ordered_progression,expert_synthesis,needs_expert_review,0.85,Orden propuesto de sofisticación creciente; no implica secuencia rígida ni etiqueta permanente.,src_csta_2026,,"{""official_relation"":false}"
r_prac_cs_rights_dignity_has_1,L2,prac_cs_rights_dignity,has_progression_level,prog_prac_cs_rights_dignity_L1,progression,erandi_progression_synthesis,expert_synthesis,needs_expert_review,0.72,Progresión de Erandi: útil para razonamiento y prototipo; no se presenta como progresión oficial del marco fuente.,src_csta_2026,,"{""official_relation"":false}"
r_prac_cs_rights_dignity_has_2,L2,prac_cs_rights_dignity,has_progression_level,prog_prac_cs_rights_dignity_L2,progression,erandi_progression_synthesis,expert_synthesis,needs_expert_review,0.72,Progresión de Erandi: útil para razonamiento y prototipo; no se presenta como progresión oficial del marco fuente.,src_csta_2026,,"{""official_relation"":false}"
r_prog_prac_cs_rights_dignity_L1_next,L2,prog_prac_cs_rights_dignity_L1,next_level,prog_prac_cs_rights_dignity_L2,progression,ordered_progression,expert_synthesis,needs_expert_review,0.85,Orden propuesto de sofisticación creciente; no implica secuencia rígida ni etiqueta permanente.,src_csta_2026,,"{""official_relation"":false}"
r_prac_cs_rights_dignity_has_3,L2,prac_cs_rights_dignity,has_progression_level,prog_prac_cs_rights_dignity_L3,progression,erandi_progression_synthesis,expert_synthesis,needs_expert_review,0.72,Progresión de Erandi: útil para razonamiento y prototipo; no se presenta como progresión oficial del marco fuente.,src_csta_2026,,"{""official_relation"":false}"
r_prog_prac_cs_rights_dignity_L2_next,L2,prog_prac_cs_rights_dignity_L2,next_level,prog_prac_cs_rights_dignity_L3,progression,ordered_progression,expert_synthesis,needs_expert_review,0.85,Orden propuesto de sofisticación creciente; no implica secuencia rígida ni etiqueta permanente.,src_csta_2026,,"{""official_relation"":false}"
r_prac_cs_communicate_has_1,L2,prac_cs_communicate,has_progression_level,prog_prac_cs_communicate_L1,progression,erandi_progression_synthesis,expert_synthesis,needs_expert_review,0.72,Progresión de Erandi: útil para razonamiento y prototipo; no se presenta como progresión oficial del marco fuente.,src_csta_2026,,"{""official_relation"":false}"
r_prac_cs_communicate_has_2,L2,prac_cs_communicate,has_progression_level,prog_prac_cs_communicate_L2,progression,erandi_progression_synthesis,expert_synthesis,needs_expert_review,0.72,Progresión de Erandi: útil para razonamiento y prototipo; no se presenta como progresión oficial del marco fuente.,src_csta_2026,,"{""official_relation"":false}"
r_prog_prac_cs_communicate_L1_next,L2,prog_prac_cs_communicate_L1,next_level,prog_prac_cs_communicate_L2,progression,ordered_progression,expert_synthesis,needs_expert_review,0.85,Orden propuesto de sofisticación creciente; no implica secuencia rígida ni etiqueta permanente.,src_csta_2026,,"{""official_relation"":false}"
r_prac_cs_communicate_has_3,L2,prac_cs_communicate,has_progression_level,prog_prac_cs_communicate_L3,progression,erandi_progression_synthesis,expert_synthesis,needs_expert_review,0.72,Progresión de Erandi: útil para razonamiento y prototipo; no se presenta como progresión oficial del marco fuente.,src_csta_2026,,"{""official_relation"":false}"
r_prog_prac_cs_communicate_L2_next,L2,prog_prac_cs_communicate_L2,next_level,prog_prac_cs_communicate_L3,progression,ordered_progression,expert_synthesis,needs_expert_review,0.85,Orden propuesto de sofisticación creciente; no implica secuencia rígida ni etiqueta permanente.,src_csta_2026,,"{""official_relation"":false}"
r_prac_cs_manage_has_1,L2,prac_cs_manage,has_progression_level,prog_prac_cs_manage_L1,progression,erandi_progression_synthesis,expert_synthesis,needs_expert_review,0.72,Progresión de Erandi: útil para razonamiento y prototipo; no se presenta como progresión oficial del marco fuente.,src_csta_2026,,"{""official_relation"":false}"
r_prac_cs_manage_has_2,L2,prac_cs_manage,has_progression_level,prog_prac_cs_manage_L2,progression,erandi_progression_synthesis,expert_synthesis,needs_expert_review,0.72,Progresión de Erandi: útil para razonamiento y prototipo; no se presenta como progresión oficial del marco fuente.,src_csta_2026,,"{""official_relation"":false}"
r_prog_prac_cs_manage_L1_next,L2,prog_prac_cs_manage_L1,next_level,prog_prac_cs_manage_L2,progression,ordered_progression,expert_synthesis,needs_expert_review,0.85,Orden propuesto de sofisticación creciente; no implica secuencia rígida ni etiqueta permanente.,src_csta_2026,,"{""official_relation"":false}"
r_prac_cs_manage_has_3,L2,prac_cs_manage,has_progression_level,prog_prac_cs_manage_L3,progression,erandi_progression_synthesis,expert_synthesis,needs_expert_review,0.72,Progresión de Erandi: útil para razonamiento y prototipo; no se presenta como progresión oficial del marco fuente.,src_csta_2026,,"{""official_relation"":false}"
r_prog_prac_cs_manage_L2_next,L2,prog_prac_cs_manage_L2,next_level,prog_prac_cs_manage_L3,progression,ordered_progression,expert_synthesis,needs_expert_review,0.85,Orden propuesto de sofisticación creciente; no implica secuencia rígida ni etiqueta permanente.,src_csta_2026,,"{""official_relation"":false}"
r_prac_cs_collaborate_has_1,L2,prac_cs_collaborate,has_progression_level,prog_prac_cs_collaborate_L1,progression,erandi_progression_synthesis,expert_synthesis,needs_expert_review,0.72,Progresión de Erandi: útil para razonamiento y prototipo; no se presenta como progresión oficial del marco fuente.,src_csta_2026,,"{""official_relation"":false}"
r_prac_cs_collaborate_has_2,L2,prac_cs_collaborate,has_progression_level,prog_prac_cs_collaborate_L2,progression,erandi_progression_synthesis,expert_synthesis,needs_expert_review,0.72,Progresión de Erandi: útil para razonamiento y prototipo; no se presenta como progresión oficial del marco fuente.,src_csta_2026,,"{""official_relation"":false}"
r_prog_prac_cs_collaborate_L1_next,L2,prog_prac_cs_collaborate_L1,next_level,prog_prac_cs_collaborate_L2,progression,ordered_progression,expert_synthesis,needs_expert_review,0.85,Orden propuesto de sofisticación creciente; no implica secuencia rígida ni etiqueta permanente.,src_csta_2026,,"{""official_relation"":false}"
r_prac_cs_collaborate_has_3,L2,prac_cs_collaborate,has_progression_level,prog_prac_cs_collaborate_L3,progression,erandi_progression_synthesis,expert_synthesis,needs_expert_review,0.72,Progresión de Erandi: útil para razonamiento y prototipo; no se presenta como progresión oficial del marco fuente.,src_csta_2026,,"{""official_relation"":false}"
r_prog_prac_cs_collaborate_L2_next,L2,prog_prac_cs_collaborate_L2,next_level,prog_prac_cs_collaborate_L3,progression,ordered_progression,expert_synthesis,needs_expert_review,0.85,Orden propuesto de sofisticación creciente; no implica secuencia rígida ni etiqueta permanente.,src_csta_2026,,"{""official_relation"":false}"
r_prac_cs_define_problem_has_1,L2,prac_cs_define_problem,has_progression_level,prog_prac_cs_define_problem_L1,progression,erandi_progression_synthesis,expert_synthesis,needs_expert_review,0.72,Progresión de Erandi: útil para razonamiento y prototipo; no se presenta como progresión oficial del marco fuente.,src_csta_2026,,"{""official_relation"":false}"
r_prac_cs_define_problem_has_2,L2,prac_cs_define_problem,has_progression_level,prog_prac_cs_define_problem_L2,progression,erandi_progression_synthesis,expert_synthesis,needs_expert_review,0.72,Progresión de Erandi: útil para razonamiento y prototipo; no se presenta como progresión oficial del marco fuente.,src_csta_2026,,"{""official_relation"":false}"
r_prog_prac_cs_define_problem_L1_next,L2,prog_prac_cs_define_problem_L1,next_level,prog_prac_cs_define_problem_L2,progression,ordered_progression,expert_synthesis,needs_expert_review,0.85,Orden propuesto de sofisticación creciente; no implica secuencia rígida ni etiqueta permanente.,src_csta_2026,,"{""official_relation"":false}"
r_prac_cs_define_problem_has_3,L2,prac_cs_define_problem,has_progression_level,prog_prac_cs_define_problem_L3,progression,erandi_progression_synthesis,expert_synthesis,needs_expert_review,0.72,Progresión de Erandi: útil para razonamiento y prototipo; no se presenta como progresión oficial del marco fuente.,src_csta_2026,,"{""official_relation"":false}"
r_prog_prac_cs_define_problem_L2_next,L2,prog_prac_cs_define_problem_L2,next_level,prog_prac_cs_define_problem_L3,progression,ordered_progression,expert_synthesis,needs_expert_review,0.85,Orden propuesto de sofisticación creciente; no implica secuencia rígida ni etiqueta permanente.,src_csta_2026,,"{""official_relation"":false}"
r_prac_cs_abstraction_has_1,L2,prac_cs_abstraction,has_progression_level,prog_prac_cs_abstraction_L1,progression,erandi_progression_synthesis,expert_synthesis,needs_expert_review,0.72,Progresión de Erandi: útil para razonamiento y prototipo; no se presenta como progresión oficial del marco fuente.,src_csta_2026,,"{""official_relation"":false}"
r_prac_cs_abstraction_has_2,L2,prac_cs_abstraction,has_progression_level,prog_prac_cs_abstraction_L2,progression,erandi_progression_synthesis,expert_synthesis,needs_expert_review,0.72,Progresión de Erandi: útil para razonamiento y prototipo; no se presenta como progresión oficial del marco fuente.,src_csta_2026,,"{""official_relation"":false}"
r_prog_prac_cs_abstraction_L1_next,L2,prog_prac_cs_abstraction_L1,next_level,prog_prac_cs_abstraction_L2,progression,ordered_progression,expert_synthesis,needs_expert_review,0.85,Orden propuesto de sofisticación creciente; no implica secuencia rígida ni etiqueta permanente.,src_csta_2026,,"{""official_relation"":false}"
r_prac_cs_abstraction_has_3,L2,prac_cs_abstraction,has_progression_level,prog_prac_cs_abstraction_L3,progression,erandi_progression_synthesis,expert_synthesis,needs_expert_review,0.72,Progresión de Erandi: útil para razonamiento y prototipo; no se presenta como progresión oficial del marco fuente.,src_csta_2026,,"{""official_relation"":false}"
r_prog_prac_cs_abstraction_L2_next,L2,prog_prac_cs_abstraction_L2,next_level,prog_prac_cs_abstraction_L3,progression,ordered_progression,expert_synthesis,needs_expert_review,0.85,Orden propuesto de sofisticación creciente; no implica secuencia rígida ni etiqueta permanente.,src_csta_2026,,"{""official_relation"":false}"
r_prac_cs_create_has_1,L2,prac_cs_create,has_progression_level,prog_prac_cs_create_L1,progression,erandi_progression_synthesis,expert_synthesis,needs_expert_review,0.72,Progresión de Erandi: útil para razonamiento y prototipo; no se presenta como progresión oficial del marco fuente.,src_csta_2026,,"{""official_relation"":false}"
r_prac_cs_create_has_2,L2,prac_cs_create,has_progression_level,prog_prac_cs_create_L2,progression,erandi_progression_synthesis,expert_synthesis,needs_expert_review,0.72,Progresión de Erandi: útil para razonamiento y prototipo; no se presenta como progresión oficial del marco fuente.,src_csta_2026,,"{""official_relation"":false}"
r_prog_prac_cs_create_L1_next,L2,prog_prac_cs_create_L1,next_level,prog_prac_cs_create_L2,progression,ordered_progression,expert_synthesis,needs_expert_review,0.85,Orden propuesto de sofisticación creciente; no implica secuencia rígida ni etiqueta permanente.,src_csta_2026,,"{""official_relation"":false}"
r_prac_cs_create_has_3,L2,prac_cs_create,has_progression_level,prog_prac_cs_create_L3,progression,erandi_progression_synthesis,expert_synthesis,needs_expert_review,0.72,Progresión de Erandi: útil para razonamiento y prototipo; no se presenta como progresión oficial del marco fuente.,src_csta_2026,,"{""official_relation"":false}"
r_prog_prac_cs_create_L2_next,L2,prog_prac_cs_create_L2,next_level,prog_prac_cs_create_L3,progression,ordered_progression,expert_synthesis,needs_expert_review,0.85,Orden propuesto de sofisticación creciente; no implica secuencia rígida ni etiqueta permanente.,src_csta_2026,,"{""official_relation"":false}"
r_prac_cs_test_refine_has_1,L2,prac_cs_test_refine,has_progression_level,prog_prac_cs_test_refine_L1,progression,erandi_progression_synthesis,expert_synthesis,needs_expert_review,0.72,Progresión de Erandi: útil para razonamiento y prototipo; no se presenta como progresión oficial del marco fuente.,src_csta_2026,,"{""official_relation"":false}"
r_prac_cs_test_refine_has_2,L2,prac_cs_test_refine,has_progression_level,prog_prac_cs_test_refine_L2,progression,erandi_progression_synthesis,expert_synthesis,needs_expert_review,0.72,Progresión de Erandi: útil para razonamiento y prototipo; no se presenta como progresión oficial del marco fuente.,src_csta_2026,,"{""official_relation"":false}"
r_prog_prac_cs_test_refine_L1_next,L2,prog_prac_cs_test_refine_L1,next_level,prog_prac_cs_test_refine_L2,progression,ordered_progression,expert_synthesis,needs_expert_review,0.85,Orden propuesto de sofisticación creciente; no implica secuencia rígida ni etiqueta permanente.,src_csta_2026,,"{""official_relation"":false}"
r_prac_cs_test_refine_has_3,L2,prac_cs_test_refine,has_progression_level,prog_prac_cs_test_refine_L3,progression,erandi_progression_synthesis,expert_synthesis,needs_expert_review,0.72,Progresión de Erandi: útil para razonamiento y prototipo; no se presenta como progresión oficial del marco fuente.,src_csta_2026,,"{""official_relation"":false}"
r_prog_prac_cs_test_refine_L2_next,L2,prog_prac_cs_test_refine_L2,next_level,prog_prac_cs_test_refine_L3,progression,ordered_progression,expert_synthesis,needs_expert_review,0.85,Orden propuesto de sofisticación creciente; no implica secuencia rígida ni etiqueta permanente.,src_csta_2026,,"{""official_relation"":false}"
r_prac_cs_users_has_1,L2,prac_cs_users,has_progression_level,prog_prac_cs_users_L1,progression,erandi_progression_synthesis,expert_synthesis,needs_expert_review,0.72,Progresión de Erandi: útil para razonamiento y prototipo; no se presenta como progresión oficial del marco fuente.,src_csta_2026,,"{""official_relation"":false}"
r_prac_cs_users_has_2,L2,prac_cs_users,has_progression_level,prog_prac_cs_users_L2,progression,erandi_progression_synthesis,expert_synthesis,needs_expert_review,0.72,Progresión de Erandi: útil para razonamiento y prototipo; no se presenta como progresión oficial del marco fuente.,src_csta_2026,,"{""official_relation"":false}"
r_prog_prac_cs_users_L1_next,L2,prog_prac_cs_users_L1,next_level,prog_prac_cs_users_L2,progression,ordered_progression,expert_synthesis,needs_expert_review,0.85,Orden propuesto de sofisticación creciente; no implica secuencia rígida ni etiqueta permanente.,src_csta_2026,,"{""official_relation"":false}"
r_prac_cs_users_has_3,L2,prac_cs_users,has_progression_level,prog_prac_cs_users_L3,progression,erandi_progression_synthesis,expert_synthesis,needs_expert_review,0.72,Progresión de Erandi: útil para razonamiento y prototipo; no se presenta como progresión oficial del marco fuente.,src_csta_2026,,"{""official_relation"":false}"
r_prog_prac_cs_users_L2_next,L2,prog_prac_cs_users_L2,next_level,prog_prac_cs_users_L3,progression,ordered_progression,expert_synthesis,needs_expert_review,0.85,Orden propuesto de sofisticación creciente; no implica secuencia rígida ni etiqueta permanente.,src_csta_2026,,"{""official_relation"":false}"
r_prac_cs_iterative_design_has_1,L2,prac_cs_iterative_design,has_progression_level,prog_prac_cs_iterative_design_L1,progression,erandi_progression_synthesis,expert_synthesis,needs_expert_review,0.72,Progresión de Erandi: útil para razonamiento y prototipo; no se presenta como progresión oficial del marco fuente.,src_csta_2026,,"{""official_relation"":false}"
r_prac_cs_iterative_design_has_2,L2,prac_cs_iterative_design,has_progression_level,prog_prac_cs_iterative_design_L2,progression,erandi_progression_synthesis,expert_synthesis,needs_expert_review,0.72,Progresión de Erandi: útil para razonamiento y prototipo; no se presenta como progresión oficial del marco fuente.,src_csta_2026,,"{""official_relation"":false}"
r_prog_prac_cs_iterative_design_L1_next,L2,prog_prac_cs_iterative_design_L1,next_level,prog_prac_cs_iterative_design_L2,progression,ordered_progression,expert_synthesis,needs_expert_review,0.85,Orden propuesto de sofisticación creciente; no implica secuencia rígida ni etiqueta permanente.,src_csta_2026,,"{""official_relation"":false}"
r_prac_cs_iterative_design_has_3,L2,prac_cs_iterative_design,has_progression_level,prog_prac_cs_iterative_design_L3,progression,erandi_progression_synthesis,expert_synthesis,needs_expert_review,0.72,Progresión de Erandi: útil para razonamiento y prototipo; no se presenta como progresión oficial del marco fuente.,src_csta_2026,,"{""official_relation"":false}"
r_prog_prac_cs_iterative_design_L2_next,L2,prog_prac_cs_iterative_design_L2,next_level,prog_prac_cs_iterative_design_L3,progression,ordered_progression,expert_synthesis,needs_expert_review,0.85,Orden propuesto de sofisticación creciente; no implica secuencia rígida ni etiqueta permanente.,src_csta_2026,,"{""official_relation"":false}"
r_prac_cs_empower_has_1,L2,prac_cs_empower,has_progression_level,prog_prac_cs_empower_L1,progression,erandi_progression_synthesis,expert_synthesis,needs_expert_review,0.72,Progresión de Erandi: útil para razonamiento y prototipo; no se presenta como progresión oficial del marco fuente.,src_csta_2026,,"{""official_relation"":false}"
r_prac_cs_empower_has_2,L2,prac_cs_empower,has_progression_level,prog_prac_cs_empower_L2,progression,erandi_progression_synthesis,expert_synthesis,needs_expert_review,0.72,Progresión de Erandi: útil para razonamiento y prototipo; no se presenta como progresión oficial del marco fuente.,src_csta_2026,,"{""official_relation"":false}"
r_prog_prac_cs_empower_L1_next,L2,prog_prac_cs_empower_L1,next_level,prog_prac_cs_empower_L2,progression,ordered_progression,expert_synthesis,needs_expert_review,0.85,Orden propuesto de sofisticación creciente; no implica secuencia rígida ni etiqueta permanente.,src_csta_2026,,"{""official_relation"":false}"
r_prac_cs_empower_has_3,L2,prac_cs_empower,has_progression_level,prog_prac_cs_empower_L3,progression,erandi_progression_synthesis,expert_synthesis,needs_expert_review,0.72,Progresión de Erandi: útil para razonamiento y prototipo; no se presenta como progresión oficial del marco fuente.,src_csta_2026,,"{""official_relation"":false}"
r_prog_prac_cs_empower_L2_next,L2,prog_prac_cs_empower_L2,next_level,prog_prac_cs_empower_L3,progression,ordered_progression,expert_synthesis,needs_expert_review,0.85,Orden propuesto de sofisticación creciente; no implica secuencia rígida ni etiqueta permanente.,src_csta_2026,,"{""official_relation"":false}"
r_prac_art_generate_has_1,L2,prac_art_generate,has_progression_level,prog_prac_art_generate_L1,progression,erandi_progression_synthesis,expert_synthesis,needs_expert_review,0.72,Progresión de Erandi: útil para razonamiento y prototipo; no se presenta como progresión oficial del marco fuente.,src_ncas,,"{""official_relation"":false}"
r_prac_art_generate_has_2,L2,prac_art_generate,has_progression_level,prog_prac_art_generate_L2,progression,erandi_progression_synthesis,expert_synthesis,needs_expert_review,0.72,Progresión de Erandi: útil para razonamiento y prototipo; no se presenta como progresión oficial del marco fuente.,src_ncas,,"{""official_relation"":false}"
r_prog_prac_art_generate_L1_next,L2,prog_prac_art_generate_L1,next_level,prog_prac_art_generate_L2,progression,ordered_progression,expert_synthesis,needs_expert_review,0.85,Orden propuesto de sofisticación creciente; no implica secuencia rígida ni etiqueta permanente.,src_ncas,,"{""official_relation"":false}"
r_prac_art_generate_has_3,L2,prac_art_generate,has_progression_level,prog_prac_art_generate_L3,progression,erandi_progression_synthesis,expert_synthesis,needs_expert_review,0.72,Progresión de Erandi: útil para razonamiento y prototipo; no se presenta como progresión oficial del marco fuente.,src_ncas,,"{""official_relation"":false}"
r_prog_prac_art_generate_L2_next,L2,prog_prac_art_generate_L2,next_level,prog_prac_art_generate_L3,progression,ordered_progression,expert_synthesis,needs_expert_review,0.85,Orden propuesto de sofisticación creciente; no implica secuencia rígida ni etiqueta permanente.,src_ncas,,"{""official_relation"":false}"
r_prac_art_develop_has_1,L2,prac_art_develop,has_progression_level,prog_prac_art_develop_L1,progression,erandi_progression_synthesis,expert_synthesis,needs_expert_review,0.72,Progresión de Erandi: útil para razonamiento y prototipo; no se presenta como progresión oficial del marco fuente.,src_ncas,,"{""official_relation"":false}"
r_prac_art_develop_has_2,L2,prac_art_develop,has_progression_level,prog_prac_art_develop_L2,progression,erandi_progression_synthesis,expert_synthesis,needs_expert_review,0.72,Progresión de Erandi: útil para razonamiento y prototipo; no se presenta como progresión oficial del marco fuente.,src_ncas,,"{""official_relation"":false}"
r_prog_prac_art_develop_L1_next,L2,prog_prac_art_develop_L1,next_level,prog_prac_art_develop_L2,progression,ordered_progression,expert_synthesis,needs_expert_review,0.85,Orden propuesto de sofisticación creciente; no implica secuencia rígida ni etiqueta permanente.,src_ncas,,"{""official_relation"":false}"
r_prac_art_develop_has_3,L2,prac_art_develop,has_progression_level,prog_prac_art_develop_L3,progression,erandi_progression_synthesis,expert_synthesis,needs_expert_review,0.72,Progresión de Erandi: útil para razonamiento y prototipo; no se presenta como progresión oficial del marco fuente.,src_ncas,,"{""official_relation"":false}"
r_prog_prac_art_develop_L2_next,L2,prog_prac_art_develop_L2,next_level,prog_prac_art_develop_L3,progression,ordered_progression,expert_synthesis,needs_expert_review,0.85,Orden propuesto de sofisticación creciente; no implica secuencia rígida ni etiqueta permanente.,src_ncas,,"{""official_relation"":false}"
r_prac_art_refine_has_1,L2,prac_art_refine,has_progression_level,prog_prac_art_refine_L1,progression,erandi_progression_synthesis,expert_synthesis,needs_expert_review,0.72,Progresión de Erandi: útil para razonamiento y prototipo; no se presenta como progresión oficial del marco fuente.,src_ncas,,"{""official_relation"":false}"
r_prac_art_refine_has_2,L2,prac_art_refine,has_progression_level,prog_prac_art_refine_L2,progression,erandi_progression_synthesis,expert_synthesis,needs_expert_review,0.72,Progresión de Erandi: útil para razonamiento y prototipo; no se presenta como progresión oficial del marco fuente.,src_ncas,,"{""official_relation"":false}"
r_prog_prac_art_refine_L1_next,L2,prog_prac_art_refine_L1,next_level,prog_prac_art_refine_L2,progression,ordered_progression,expert_synthesis,needs_expert_review,0.85,Orden propuesto de sofisticación creciente; no implica secuencia rígida ni etiqueta permanente.,src_ncas,,"{""official_relation"":false}"
r_prac_art_refine_has_3,L2,prac_art_refine,has_progression_level,prog_prac_art_refine_L3,progression,erandi_progression_synthesis,expert_synthesis,needs_expert_review,0.72,Progresión de Erandi: útil para razonamiento y prototipo; no se presenta como progresión oficial del marco fuente.,src_ncas,,"{""official_relation"":false}"
r_prog_prac_art_refine_L2_next,L2,prog_prac_art_refine_L2,next_level,prog_prac_art_refine_L3,progression,ordered_progression,expert_synthesis,needs_expert_review,0.85,Orden propuesto de sofisticación creciente; no implica secuencia rígida ni etiqueta permanente.,src_ncas,,"{""official_relation"":false}"
r_prac_art_select_present_has_1,L2,prac_art_select_present,has_progression_level,prog_prac_art_select_present_L1,progression,erandi_progression_synthesis,expert_synthesis,needs_expert_review,0.72,Progresión de Erandi: útil para razonamiento y prototipo; no se presenta como progresión oficial del marco fuente.,src_ncas,,"{""official_relation"":false}"
r_prac_art_select_present_has_2,L2,prac_art_select_present,has_progression_level,prog_prac_art_select_present_L2,progression,erandi_progression_synthesis,expert_synthesis,needs_expert_review,0.72,Progresión de Erandi: útil para razonamiento y prototipo; no se presenta como progresión oficial del marco fuente.,src_ncas,,"{""official_relation"":false}"
r_prog_prac_art_select_present_L1_next,L2,prog_prac_art_select_present_L1,next_level,prog_prac_art_select_present_L2,progression,ordered_progression,expert_synthesis,needs_expert_review,0.85,Orden propuesto de sofisticación creciente; no implica secuencia rígida ni etiqueta permanente.,src_ncas,,"{""official_relation"":false}"
r_prac_art_select_present_has_3,L2,prac_art_select_present,has_progression_level,prog_prac_art_select_present_L3,progression,erandi_progression_synthesis,expert_synthesis,needs_expert_review,0.72,Progresión de Erandi: útil para razonamiento y prototipo; no se presenta como progresión oficial del marco fuente.,src_ncas,,"{""official_relation"":false}"
r_prog_prac_art_select_present_L2_next,L2,prog_prac_art_select_present_L2,next_level,prog_prac_art_select_present_L3,progression,ordered_progression,expert_synthesis,needs_expert_review,0.85,Orden propuesto de sofisticación creciente; no implica secuencia rígida ni etiqueta permanente.,src_ncas,,"{""official_relation"":false}"
r_prac_art_prepare_present_has_1,L2,prac_art_prepare_present,has_progression_level,prog_prac_art_prepare_present_L1,progression,erandi_progression_synthesis,expert_synthesis,needs_expert_review,0.72,Progresión de Erandi: útil para razonamiento y prototipo; no se presenta como progresión oficial del marco fuente.,src_ncas,,"{""official_relation"":false}"
r_prac_art_prepare_present_has_2,L2,prac_art_prepare_present,has_progression_level,prog_prac_art_prepare_present_L2,progression,erandi_progression_synthesis,expert_synthesis,needs_expert_review,0.72,Progresión de Erandi: útil para razonamiento y prototipo; no se presenta como progresión oficial del marco fuente.,src_ncas,,"{""official_relation"":false}"
r_prog_prac_art_prepare_present_L1_next,L2,prog_prac_art_prepare_present_L1,next_level,prog_prac_art_prepare_present_L2,progression,ordered_progression,expert_synthesis,needs_expert_review,0.85,Orden propuesto de sofisticación creciente; no implica secuencia rígida ni etiqueta permanente.,src_ncas,,"{""official_relation"":false}"
r_prac_art_prepare_present_has_3,L2,prac_art_prepare_present,has_progression_level,prog_prac_art_prepare_present_L3,progression,erandi_progression_synthesis,expert_synthesis,needs_expert_review,0.72,Progresión de Erandi: útil para razonamiento y prototipo; no se presenta como progresión oficial del marco fuente.,src_ncas,,"{""official_relation"":false}"
r_prog_prac_art_prepare_present_L2_next,L2,prog_prac_art_prepare_present_L2,next_level,prog_prac_art_prepare_present_L3,progression,ordered_progression,expert_synthesis,needs_expert_review,0.85,Orden propuesto de sofisticación creciente; no implica secuencia rígida ni etiqueta permanente.,src_ncas,,"{""official_relation"":false}"
r_prac_art_convey_has_1,L2,prac_art_convey,has_progression_level,prog_prac_art_convey_L1,progression,erandi_progression_synthesis,expert_synthesis,needs_expert_review,0.72,Progresión de Erandi: útil para razonamiento y prototipo; no se presenta como progresión oficial del marco fuente.,src_ncas,,"{""official_relation"":false}"
r_prac_art_convey_has_2,L2,prac_art_convey,has_progression_level,prog_prac_art_convey_L2,progression,erandi_progression_synthesis,expert_synthesis,needs_expert_review,0.72,Progresión de Erandi: útil para razonamiento y prototipo; no se presenta como progresión oficial del marco fuente.,src_ncas,,"{""official_relation"":false}"
r_prog_prac_art_convey_L1_next,L2,prog_prac_art_convey_L1,next_level,prog_prac_art_convey_L2,progression,ordered_progression,expert_synthesis,needs_expert_review,0.85,Orden propuesto de sofisticación creciente; no implica secuencia rígida ni etiqueta permanente.,src_ncas,,"{""official_relation"":false}"
r_prac_art_convey_has_3,L2,prac_art_convey,has_progression_level,prog_prac_art_convey_L3,progression,erandi_progression_synthesis,expert_synthesis,needs_expert_review,0.72,Progresión de Erandi: útil para razonamiento y prototipo; no se presenta como progresión oficial del marco fuente.,src_ncas,,"{""official_relation"":false}"
r_prog_prac_art_convey_L2_next,L2,prog_prac_art_convey_L2,next_level,prog_prac_art_convey_L3,progression,ordered_progression,expert_synthesis,needs_expert_review,0.85,Orden propuesto de sofisticación creciente; no implica secuencia rígida ni etiqueta permanente.,src_ncas,,"{""official_relation"":false}"
r_prac_art_perceive_has_1,L2,prac_art_perceive,has_progression_level,prog_prac_art_perceive_L1,progression,erandi_progression_synthesis,expert_synthesis,needs_expert_review,0.72,Progresión de Erandi: útil para razonamiento y prototipo; no se presenta como progresión oficial del marco fuente.,src_ncas,,"{""official_relation"":false}"
r_prac_art_perceive_has_2,L2,prac_art_perceive,has_progression_level,prog_prac_art_perceive_L2,progression,erandi_progression_synthesis,expert_synthesis,needs_expert_review,0.72,Progresión de Erandi: útil para razonamiento y prototipo; no se presenta como progresión oficial del marco fuente.,src_ncas,,"{""official_relation"":false}"
r_prog_prac_art_perceive_L1_next,L2,prog_prac_art_perceive_L1,next_level,prog_prac_art_perceive_L2,progression,ordered_progression,expert_synthesis,needs_expert_review,0.85,Orden propuesto de sofisticación creciente; no implica secuencia rígida ni etiqueta permanente.,src_ncas,,"{""official_relation"":false}"
r_prac_art_perceive_has_3,L2,prac_art_perceive,has_progression_level,prog_prac_art_perceive_L3,progression,erandi_progression_synthesis,expert_synthesis,needs_expert_review,0.72,Progresión de Erandi: útil para razonamiento y prototipo; no se presenta como progresión oficial del marco fuente.,src_ncas,,"{""official_relation"":false}"
r_prog_prac_art_perceive_L2_next,L2,prog_prac_art_perceive_L2,next_level,prog_prac_art_perceive_L3,progression,ordered_progression,expert_synthesis,needs_expert_review,0.85,Orden propuesto de sofisticación creciente; no implica secuencia rígida ni etiqueta permanente.,src_ncas,,"{""official_relation"":false}"
r_prac_art_interpret_has_1,L2,prac_art_interpret,has_progression_level,prog_prac_art_interpret_L1,progression,erandi_progression_synthesis,expert_synthesis,needs_expert_review,0.72,Progresión de Erandi: útil para razonamiento y prototipo; no se presenta como progresión oficial del marco fuente.,src_ncas,,"{""official_relation"":false}"
r_prac_art_interpret_has_2,L2,prac_art_interpret,has_progression_level,prog_prac_art_interpret_L2,progression,erandi_progression_synthesis,expert_synthesis,needs_expert_review,0.72,Progresión de Erandi: útil para razonamiento y prototipo; no se presenta como progresión oficial del marco fuente.,src_ncas,,"{""official_relation"":false}"
r_prog_prac_art_interpret_L1_next,L2,prog_prac_art_interpret_L1,next_level,prog_prac_art_interpret_L2,progression,ordered_progression,expert_synthesis,needs_expert_review,0.85,Orden propuesto de sofisticación creciente; no implica secuencia rígida ni etiqueta permanente.,src_ncas,,"{""official_relation"":false}"
r_prac_art_interpret_has_3,L2,prac_art_interpret,has_progression_level,prog_prac_art_interpret_L3,progression,erandi_progression_synthesis,expert_synthesis,needs_expert_review,0.72,Progresión de Erandi: útil para razonamiento y prototipo; no se presenta como progresión oficial del marco fuente.,src_ncas,,"{""official_relation"":false}"
r_prog_prac_art_interpret_L2_next,L2,prog_prac_art_interpret_L2,next_level,prog_prac_art_interpret_L3,progression,ordered_progression,expert_synthesis,needs_expert_review,0.85,Orden propuesto de sofisticación creciente; no implica secuencia rígida ni etiqueta permanente.,src_ncas,,"{""official_relation"":false}"
r_prac_art_evaluate_has_1,L2,prac_art_evaluate,has_progression_level,prog_prac_art_evaluate_L1,progression,erandi_progression_synthesis,expert_synthesis,needs_expert_review,0.72,Progresión de Erandi: útil para razonamiento y prototipo; no se presenta como progresión oficial del marco fuente.,src_ncas,,"{""official_relation"":false}"
r_prac_art_evaluate_has_2,L2,prac_art_evaluate,has_progression_level,prog_prac_art_evaluate_L2,progression,erandi_progression_synthesis,expert_synthesis,needs_expert_review,0.72,Progresión de Erandi: útil para razonamiento y prototipo; no se presenta como progresión oficial del marco fuente.,src_ncas,,"{""official_relation"":false}"
r_prog_prac_art_evaluate_L1_next,L2,prog_prac_art_evaluate_L1,next_level,prog_prac_art_evaluate_L2,progression,ordered_progression,expert_synthesis,needs_expert_review,0.85,Orden propuesto de sofisticación creciente; no implica secuencia rígida ni etiqueta permanente.,src_ncas,,"{""official_relation"":false}"
r_prac_art_evaluate_has_3,L2,prac_art_evaluate,has_progression_level,prog_prac_art_evaluate_L3,progression,erandi_progression_synthesis,expert_synthesis,needs_expert_review,0.72,Progresión de Erandi: útil para razonamiento y prototipo; no se presenta como progresión oficial del marco fuente.,src_ncas,,"{""official_relation"":false}"
r_prog_prac_art_evaluate_L2_next,L2,prog_prac_art_evaluate_L2,next_level,prog_prac_art_evaluate_L3,progression,ordered_progression,expert_synthesis,needs_expert_review,0.85,Orden propuesto de sofisticación creciente; no implica secuencia rígida ni etiqueta permanente.,src_ncas,,"{""official_relation"":false}"
r_prac_art_connect_personal_has_1,L2,prac_art_connect_personal,has_progression_level,prog_prac_art_connect_personal_L1,progression,erandi_progression_synthesis,expert_synthesis,needs_expert_review,0.72,Progresión de Erandi: útil para razonamiento y prototipo; no se presenta como progresión oficial del marco fuente.,src_ncas,,"{""official_relation"":false}"
r_prac_art_connect_personal_has_2,L2,prac_art_connect_personal,has_progression_level,prog_prac_art_connect_personal_L2,progression,erandi_progression_synthesis,expert_synthesis,needs_expert_review,0.72,Progresión de Erandi: útil para razonamiento y prototipo; no se presenta como progresión oficial del marco fuente.,src_ncas,,"{""official_relation"":false}"
r_prog_prac_art_connect_personal_L1_next,L2,prog_prac_art_connect_personal_L1,next_level,prog_prac_art_connect_personal_L2,progression,ordered_progression,expert_synthesis,needs_expert_review,0.85,Orden propuesto de sofisticación creciente; no implica secuencia rígida ni etiqueta permanente.,src_ncas,,"{""official_relation"":false}"
r_prac_art_connect_personal_has_3,L2,prac_art_connect_personal,has_progression_level,prog_prac_art_connect_personal_L3,progression,erandi_progression_synthesis,expert_synthesis,needs_expert_review,0.72,Progresión de Erandi: útil para razonamiento y prototipo; no se presenta como progresión oficial del marco fuente.,src_ncas,,"{""official_relation"":false}"
r_prog_prac_art_connect_personal_L2_next,L2,prog_prac_art_connect_personal_L2,next_level,prog_prac_art_connect_personal_L3,progression,ordered_progression,expert_synthesis,needs_expert_review,0.85,Orden propuesto de sofisticación creciente; no implica secuencia rígida ni etiqueta permanente.,src_ncas,,"{""official_relation"":false}"
r_prac_art_connect_context_has_1,L2,prac_art_connect_context,has_progression_level,prog_prac_art_connect_context_L1,progression,erandi_progression_synthesis,expert_synthesis,needs_expert_review,0.72,Progresión de Erandi: útil para razonamiento y prototipo; no se presenta como progresión oficial del marco fuente.,src_ncas,,"{""official_relation"":false}"
r_prac_art_connect_context_has_2,L2,prac_art_connect_context,has_progression_level,prog_prac_art_connect_context_L2,progression,erandi_progression_synthesis,expert_synthesis,needs_expert_review,0.72,Progresión de Erandi: útil para razonamiento y prototipo; no se presenta como progresión oficial del marco fuente.,src_ncas,,"{""official_relation"":false}"
r_prog_prac_art_connect_context_L1_next,L2,prog_prac_art_connect_context_L1,next_level,prog_prac_art_connect_context_L2,progression,ordered_progression,expert_synthesis,needs_expert_review,0.85,Orden propuesto de sofisticación creciente; no implica secuencia rígida ni etiqueta permanente.,src_ncas,,"{""official_relation"":false}"
r_prac_art_connect_context_has_3,L2,prac_art_connect_context,has_progression_level,prog_prac_art_connect_context_L3,progression,erandi_progression_synthesis,expert_synthesis,needs_expert_review,0.72,Progresión de Erandi: útil para razonamiento y prototipo; no se presenta como progresión oficial del marco fuente.,src_ncas,,"{""official_relation"":false}"
r_prog_prac_art_connect_context_L2_next,L2,prog_prac_art_connect_context_L2,next_level,prog_prac_art_connect_context_L3,progression,ordered_progression,expert_synthesis,needs_expert_review,0.85,Orden propuesto de sofisticación creciente; no implica secuencia rígida ni etiqueta permanente.,src_ncas,,"{""official_relation"":false}"
