entity_id,layer,local_type,normalized_type,code,name,description,domain_code,subject_code,grade_code,axis_code,origin,provenance_class,verification_status,source_id,secondary_source_ids,properties_json
cl_mineduc_bc_1_6,L1,Marco curricular,curriculum_framework,CL-BC-1-6,Bases Curriculares 1° a 6° Básico — Chile,Marco curricular chileno para Educación Básica 1° a 6°.,,,,,official,official_curriculum,verified,src_mineduc_bases_1_6,,{}
grade_cl_3b,L1,Curso,grade_level,3B,3° Básico,3° año de Educación Básica.,,,3B,,official,official_curriculum,verified,src_mineduc_bases_1_6,,{}
subj_cn,L1,Asignatura,subject,CN,Ciencias Naturales,Asignatura de Ciencias Naturales.,,CN,,,official,official_curriculum,verified,src_mineduc_bases_1_6,,{}
axis_cn_life,L1,Eje,curriculum_axis,CN-LIFE,Ciencias de la Vida,"Eje de Ciencias Naturales centrado en seres vivos, cuerpo humano y medioambiente.",,CN,,CN-LIFE,official,official_curriculum,verified,src_mineduc_cn03,,{}
orient_cn_scientific_literacy,L1,Perspectiva/énfasis,subject_orientation,,Alfabetización científica,Promover una comprensión de la ciencia que permita interpretar fenómenos y participar informadamente.,,CN,,,expert_curated,expert_interpretation,expert_curated,src_daniela_map,src_mineduc_cn_org,{}
orient_cn_big_ideas,L1,Perspectiva/énfasis,subject_orientation,,Comprensión de grandes ideas de la ciencia,Organizar el aprendizaje alrededor de ideas científicas amplias y conectadas.,,CN,,,expert_curated,expert_interpretation,expert_curated,src_daniela_map,src_mineduc_cn_org,{}
orient_cn_scientific_thinking,L1,Perspectiva/énfasis,subject_orientation,,Desarrollo progresivo del pensamiento científico,Desarrollar progresivamente habilidades y métodos propios del quehacer científico.,,CN,,,expert_curated,expert_interpretation,expert_curated,src_daniela_map,src_mineduc_cn_org,{}
orient_cn_evidence_reasoning,L1,Perspectiva/énfasis,subject_orientation,,Preguntas y conclusiones basadas en evidencia,Favorecer preguntas investigables y conclusiones sustentadas en observaciones/evidencia.,,CN,,,expert_curated,expert_interpretation,expert_curated,src_daniela_map,src_mineduc_cn_org,{}
oa_cn03_03,L1,Objetivo de Aprendizaje,learning_objective,CN03 OA 03,Ciclo de vida de plantas con flor,"Observar y describir algunos cambios de las plantas con flor durante su ciclo de vida (germinación, crecimiento, reproducción, formación de la flor y del fruto), reconociendo la importancia de la polinización y de la dispersión de la semilla.",,CN,3B,CN-LIFE,official,official_curriculum,verified,src_cn03_oa_03,,{}
oa_cn03_01,L1,Objetivo de Aprendizaje,learning_objective,CN03 OA 01,Necesidades de las plantas y sus estructuras,Observar y describir las necesidades de las plantas y la relación entre estructuras y funciones.,,CN,3B,CN-LIFE,official,official_curriculum,verified,src_mineduc_cn03,,"{""note"":""Descripción abreviada para prototipo; usar texto oficial íntegro del KG de origen en producción.""}"
oa_cn03_04,L1,Objetivo de Aprendizaje,learning_objective,CN03 OA 04,Importancia y cuidado de las plantas,"Describir la importancia de las plantas para los seres vivos, el ser humano y el ambiente, y proponer acciones de cuidado.",,CN,3B,CN-LIFE,official,official_curriculum,verified,src_mineduc_cn03,,"{""note"":""Descripción abreviada para prototipo; usar texto oficial íntegro del KG de origen en producción.""}"
skillarch_cn_inquiry,L1,Arquitectura de habilidades,skill_architecture,,Investigación científica,Organización curricular de habilidades y etapas de investigación científica en Ciencias Naturales.,,CN,,,official,official_curriculum,verified,src_mineduc_cn_skills,,{}
skillstage_cn_observe_question,L1,Etapa de investigación,skill_stage,,Observar y preguntar,"Etapa centrada en observación, preguntas, inferencias y predicciones.",,CN,3B,,official,official_curriculum,verified,src_mineduc_cn_skills,,{}
skillstage_cn_plan_conduct_3_6,L1,Etapa de investigación,skill_stage,,Planificar y conducir una investigación,"Etapa aplicable de 3° a 6° básico para planificar/participar en investigaciones, medir y registrar.",,CN,3B,,official,official_curriculum,verified,src_mineduc_cn_skills,,{}
skillstage_cn_analyze_communicate,L1,Etapa de investigación,skill_stage,,Analizar la evidencia y comunicar,"Etapa centrada en sintetizar, analizar y comunicar evidencia e ideas.",,CN,3B,,official,official_curriculum,verified,src_mineduc_cn_skills,,{}
oah_cn03_a,L1,Objetivo de Aprendizaje de Habilidad,skill_objective,CN03 OAH a,"Observar, preguntar, inferir y predecir","Observar, plantear preguntas, formular inferencias y predicciones, en forma guiada, sobre objetos y eventos del entorno.",,CN,3B,,official,official_curriculum,verified,src_mineduc_cn03,,{}
oah_cn03_b,L1,Objetivo de Aprendizaje de Habilidad,skill_objective,CN03 OAH b,Participar en investigaciones guiadas,"Participar en investigaciones experimentales y no experimentales guiadas, obteniendo información desde diversas fuentes y mediante observación, manipulación y clasificación de evidencia, de forma individual y colaborativa.",,CN,3B,,official,official_curriculum,verified,src_mineduc_cn03,,{}
oah_cn03_c,L1,Objetivo de Aprendizaje de Habilidad,skill_objective,CN03 OAH c,"Observar, medir y registrar datos","Observar, medir y registrar datos en forma precisa, utilizando instrumentos y unidades estandarizadas, organizándolos en tablas y gráficos y utilizando TIC cuando corresponda.",,CN,3B,,official,official_curriculum,verified,src_mineduc_cn03,,{}
oah_cn03_d,L1,Objetivo de Aprendizaje de Habilidad,skill_objective,CN03 OAH d,Usar materiales e instrumentos con seguridad,Usar materiales e instrumentos en forma segura y autónoma para hacer observaciones y mediciones.,,CN,3B,,official,official_curriculum,verified,src_mineduc_cn03,,{}
oah_cn03_e,L1,Objetivo de Aprendizaje de Habilidad,skill_objective,CN03 OAH e,Resumir evidencias,Resumir las evidencias obtenidas a partir de observaciones para responder la pregunta inicial.,,CN,3B,,official,official_curriculum,verified,src_mineduc_cn03,,{}
oah_cn03_f,L1,Objetivo de Aprendizaje de Habilidad,skill_objective,CN03 OAH f,Comunicar y comparar ideas y evidencia,"Comunicar y comparar ideas, observaciones, mediciones y experiencias utilizando diagramas, material concreto, modelos, informes sencillos, presentaciones y TIC, entre otros.",,CN,3B,,official,official_curriculum,verified,src_mineduc_cn03,,{}
oaa_cn03_a,L1,Objetivo de Aprendizaje de Actitud,attitude_objective,CN03 OAA A,Curiosidad e interés por el entorno natural,Objetivo de actitud oficial de Ciencias Naturales 3° Básico.,,CN,3B,,official,official_curriculum,verified,src_mineduc_cn03,,{}
oaa_cn03_b,L1,Objetivo de Aprendizaje de Actitud,attitude_objective,CN03 OAA B,Trabajo riguroso y perseverante,Objetivo de actitud oficial de Ciencias Naturales 3° Básico.,,CN,3B,,official,official_curriculum,verified,src_mineduc_cn03,,{}
oaa_cn03_c,L1,Objetivo de Aprendizaje de Actitud,attitude_objective,CN03 OAA C,Cuidado y protección del ambiente,Objetivo de actitud oficial de Ciencias Naturales 3° Básico.,,CN,3B,,official,official_curriculum,verified,src_mineduc_cn03,,{}
oaa_cn03_d,L1,Objetivo de Aprendizaje de Actitud,attitude_objective,CN03 OAA D,Responsabilidad y colaboración,Objetivo de actitud oficial de Ciencias Naturales 3° Básico.,,CN,3B,,official,official_curriculum,verified,src_mineduc_cn03,,{}
oaa_cn03_e,L1,Objetivo de Aprendizaje de Actitud,attitude_objective,CN03 OAA E,Estilo de vida saludable y autocuidado,Objetivo de actitud oficial de Ciencias Naturales 3° Básico.,,CN,3B,,official,official_curriculum,verified,src_mineduc_cn03,,{}
oaa_cn03_f,L1,Objetivo de Aprendizaje de Actitud,attitude_objective,CN03 OAA F,Seguridad personal y colectiva,Objetivo de actitud oficial de Ciencias Naturales 3° Básico.,,CN,3B,,official,official_curriculum,verified,src_mineduc_cn03,,{}
skill_cn_observe,L1,Habilidad atómica,atomic_skill,,Observar,Vocabulario normalizado de habilidad científica para conectar OAH y prácticas STEAM.,,CN,,,expert_curated,expert_interpretation,expert_curated,src_daniela_map,src_mineduc_cn03;src_mineduc_cn_skills,{}
skill_cn_question,L1,Habilidad atómica,atomic_skill,,Formular preguntas,Vocabulario normalizado de habilidad científica para conectar OAH y prácticas STEAM.,,CN,,,expert_curated,expert_interpretation,expert_curated,src_daniela_map,src_mineduc_cn03;src_mineduc_cn_skills,{}
skill_cn_infer,L1,Habilidad atómica,atomic_skill,,Inferir,Vocabulario normalizado de habilidad científica para conectar OAH y prácticas STEAM.,,CN,,,expert_curated,expert_interpretation,expert_curated,src_daniela_map,src_mineduc_cn03;src_mineduc_cn_skills,{}
skill_cn_predict,L1,Habilidad atómica,atomic_skill,,Predecir,Vocabulario normalizado de habilidad científica para conectar OAH y prácticas STEAM.,,CN,,,expert_curated,expert_interpretation,expert_curated,src_daniela_map,src_mineduc_cn03;src_mineduc_cn_skills,{}
skill_cn_investigate,L1,Habilidad atómica,atomic_skill,,Investigar,Vocabulario normalizado de habilidad científica para conectar OAH y prácticas STEAM.,,CN,,,expert_curated,expert_interpretation,expert_curated,src_daniela_map,src_mineduc_cn03;src_mineduc_cn_skills,{}
skill_cn_explore,L1,Habilidad atómica,atomic_skill,,Explorar,Vocabulario normalizado de habilidad científica para conectar OAH y prácticas STEAM.,,CN,,,expert_curated,expert_interpretation,expert_curated,src_daniela_map,src_mineduc_cn03;src_mineduc_cn_skills,{}
skill_cn_classify,L1,Habilidad atómica,atomic_skill,,Clasificar,Vocabulario normalizado de habilidad científica para conectar OAH y prácticas STEAM.,,CN,,,expert_curated,expert_interpretation,expert_curated,src_daniela_map,src_mineduc_cn03;src_mineduc_cn_skills,{}
skill_cn_measure,L1,Habilidad atómica,atomic_skill,,Medir,Vocabulario normalizado de habilidad científica para conectar OAH y prácticas STEAM.,,CN,,,expert_curated,expert_interpretation,expert_curated,src_daniela_map,src_mineduc_cn03;src_mineduc_cn_skills,{}
skill_cn_record,L1,Habilidad atómica,atomic_skill,,Registrar,Vocabulario normalizado de habilidad científica para conectar OAH y prácticas STEAM.,,CN,,,expert_curated,expert_interpretation,expert_curated,src_daniela_map,src_mineduc_cn03;src_mineduc_cn_skills,{}
skill_cn_organize_data,L1,Habilidad atómica,atomic_skill,,Organizar datos,Vocabulario normalizado de habilidad científica para conectar OAH y prácticas STEAM.,,CN,,,expert_curated,expert_interpretation,expert_curated,src_daniela_map,src_mineduc_cn03;src_mineduc_cn_skills,{}
skill_cn_use_instruments,L1,Habilidad atómica,atomic_skill,,Usar instrumentos,Vocabulario normalizado de habilidad científica para conectar OAH y prácticas STEAM.,,CN,,,expert_curated,expert_interpretation,expert_curated,src_daniela_map,src_mineduc_cn03;src_mineduc_cn_skills,{}
skill_cn_plan,L1,Habilidad atómica,atomic_skill,,Planificar,Vocabulario normalizado de habilidad científica para conectar OAH y prácticas STEAM.,,CN,,,expert_curated,expert_interpretation,expert_curated,src_daniela_map,src_mineduc_cn03;src_mineduc_cn_skills,{}
skill_cn_analyze,L1,Habilidad atómica,atomic_skill,,Analizar,Vocabulario normalizado de habilidad científica para conectar OAH y prácticas STEAM.,,CN,,,expert_curated,expert_interpretation,expert_curated,src_daniela_map,src_mineduc_cn03;src_mineduc_cn_skills,{}
skill_cn_compare,L1,Habilidad atómica,atomic_skill,,Comparar,Vocabulario normalizado de habilidad científica para conectar OAH y prácticas STEAM.,,CN,,,expert_curated,expert_interpretation,expert_curated,src_daniela_map,src_mineduc_cn03;src_mineduc_cn_skills,{}
skill_cn_summarize_evidence,L1,Habilidad atómica,atomic_skill,,Resumir evidencias,Vocabulario normalizado de habilidad científica para conectar OAH y prácticas STEAM.,,CN,,,expert_curated,expert_interpretation,expert_curated,src_daniela_map,src_mineduc_cn03;src_mineduc_cn_skills,{}
skill_cn_communicate,L1,Habilidad atómica,atomic_skill,,Comunicar,Vocabulario normalizado de habilidad científica para conectar OAH y prácticas STEAM.,,CN,,,expert_curated,expert_interpretation,expert_curated,src_daniela_map,src_mineduc_cn03;src_mineduc_cn_skills,{}
skill_cn_evaluate,L1,Habilidad atómica,atomic_skill,,Evaluar,Vocabulario normalizado de habilidad científica para conectar OAH y prácticas STEAM.,,CN,,,expert_curated,expert_interpretation,expert_curated,src_daniela_map,src_mineduc_cn03;src_mineduc_cn_skills,{}
skill_cn_experiment,L1,Habilidad atómica,atomic_skill,,Experimentar,Vocabulario normalizado de habilidad científica para conectar OAH y prácticas STEAM.,,CN,,,expert_curated,expert_interpretation,expert_curated,src_daniela_map,src_mineduc_cn03;src_mineduc_cn_skills,{}
skill_cn_use_models,L1,Habilidad atómica,atomic_skill,,Usar modelos,Vocabulario normalizado de habilidad científica para conectar OAH y prácticas STEAM.,,CN,,,expert_curated,expert_interpretation,expert_curated,src_daniela_map,src_mineduc_cn03;src_mineduc_cn_skills,{}
concept_cn_plant_structures,L1,Concepto canónico,canonical_concept,,Estructuras de las plantas,Partes/estructuras observables de plantas.,,CN,,CN-LIFE,expert_curated,expert_interpretation,expert_curated,src_daniela_map,,"{""official_relation"":false,""note"":""Concepto normalizado/curado; no se presenta como nodo normativo salvo que el OA lo nombre explícitamente.""}"
concept_cn_plant_needs,L1,Concepto canónico,canonical_concept,,Necesidades de las plantas,Condiciones y recursos necesarios para el desarrollo de las plantas.,,CN,,CN-LIFE,expert_curated,expert_interpretation,expert_curated,src_daniela_map,,"{""official_relation"":false,""note"":""Concepto normalizado/curado; no se presenta como nodo normativo salvo que el OA lo nombre explícitamente.""}"
concept_cn_life_cycles,L1,Concepto canónico,canonical_concept,,Ciclos de vida,Cambios y etapas a lo largo de la vida de seres vivos.,,CN,,CN-LIFE,expert_curated,expert_interpretation,expert_curated,src_daniela_map,,"{""official_relation"":false,""note"":""Concepto normalizado/curado; no se presenta como nodo normativo salvo que el OA lo nombre explícitamente.""}"
concept_cn_flowering_lifecycle,L1,Concepto canónico,canonical_concept,,Ciclo de vida de plantas con flor,Secuencia de cambios en plantas con flor.,,CN,,CN-LIFE,expert_curated,expert_interpretation,expert_curated,src_daniela_map,src_cn03_oa_03,"{""official_relation"":false,""note"":""Concepto normalizado/curado; no se presenta como nodo normativo salvo que el OA lo nombre explícitamente.""}"
concept_cn_germination,L1,Concepto canónico,canonical_concept,,Germinación,Inicio del desarrollo desde la semilla.,,CN,,CN-LIFE,expert_curated,expert_interpretation,expert_curated,src_daniela_map,src_cn03_oa_03,"{""official_relation"":false,""note"":""Concepto normalizado/curado; no se presenta como nodo normativo salvo que el OA lo nombre explícitamente.""}"
concept_cn_plant_growth,L1,Concepto canónico,canonical_concept,,Crecimiento vegetal,Cambios asociados al crecimiento de las plantas.,,CN,,CN-LIFE,expert_curated,expert_interpretation,expert_curated,src_daniela_map,src_cn03_oa_03,"{""official_relation"":false,""note"":""Concepto normalizado/curado; no se presenta como nodo normativo salvo que el OA lo nombre explícitamente.""}"
concept_cn_plant_reproduction,L1,Concepto canónico,canonical_concept,,Reproducción de plantas,Procesos relacionados con la formación de nuevas plantas.,,CN,,CN-LIFE,expert_curated,expert_interpretation,expert_curated,src_daniela_map,src_cn03_oa_03,"{""official_relation"":false,""note"":""Concepto normalizado/curado; no se presenta como nodo normativo salvo que el OA lo nombre explícitamente.""}"
concept_cn_flower_fruit,L1,Concepto canónico,canonical_concept,,Formación de flor y fruto,"Relación entre floración, reproducción y formación de fruto.",,CN,,CN-LIFE,expert_curated,expert_interpretation,expert_curated,src_daniela_map,src_cn03_oa_03,"{""official_relation"":false,""note"":""Concepto normalizado/curado; no se presenta como nodo normativo salvo que el OA lo nombre explícitamente.""}"
concept_cn_pollination,L1,Concepto canónico,canonical_concept,,Polinización,Transferencia de polen asociada a la reproducción de plantas con flor.,,CN,,CN-LIFE,expert_curated,expert_interpretation,expert_curated,src_daniela_map,src_cn03_oa_03,"{""official_relation"":false,""note"":""Concepto normalizado/curado; no se presenta como nodo normativo salvo que el OA lo nombre explícitamente.""}"
concept_cn_seed_dispersal,L1,Concepto canónico,canonical_concept,,Dispersión de semillas,Mecanismos por los que semillas se desplazan desde la planta de origen.,,CN,,CN-LIFE,expert_curated,expert_interpretation,expert_curated,src_daniela_map,src_cn03_oa_03,"{""official_relation"":false,""note"":""Concepto normalizado/curado; no se presenta como nodo normativo salvo que el OA lo nombre explícitamente.""}"
concept_cn_plant_importance,L1,Concepto canónico,canonical_concept,,Importancia de las plantas,Funciones e importancia de las plantas para seres vivos y ambiente.,,CN,,CN-LIFE,expert_curated,expert_interpretation,expert_curated,src_daniela_map,,"{""official_relation"":false,""note"":""Concepto normalizado/curado; no se presenta como nodo normativo salvo que el OA lo nombre explícitamente.""}"
concept_erandi_pollen_transfer,L1,Concepto canónico,canonical_concept,,Transferencia de polen,Constructo semántico experto útil para explicar el mecanismo de polinización.,,CN,,CN-LIFE,expert_curated,expert_interpretation,needs_expert_review,src_nrc_framework,,"{""official_relation"":false,""note"":""Concepto normalizado/curado; no se presenta como nodo normativo salvo que el OA lo nombre explícitamente.""}"
concept_erandi_pollinator,L1,Concepto canónico,canonical_concept,,Polinizador,Organismo que puede contribuir a transferir polen entre flores.,,CN,,CN-LIFE,expert_curated,expert_interpretation,needs_expert_review,src_nrc_framework,,"{""official_relation"":false,""note"":""Concepto normalizado/curado; no se presenta como nodo normativo salvo que el OA lo nombre explícitamente.""}"
theme_bees,L1,Tema/Fenómeno,theme_phenomenon,,Abejas y polinización,Fenómeno de entrada curado por Erandi para explorar polinización y relaciones planta-polinizador; no es un requerimiento curricular.,,,,,erandi,expert_synthesis,experimental,src_cn03_oa_03,,"{""official_curriculum"":false}"
domain_science,L2,Dominio STEAM,steam_domain,SCI,Ciencia,Prácticas para construir explicaciones y conocimiento sobre el mundo natural.,SCI,,,,external_framework,external_framework,verified_external,src_nrc_framework,,{}
domain_engineering,L2,Dominio STEAM,steam_domain,ENG,Ingeniería,"Prácticas para definir problemas, diseñar, probar y mejorar soluciones.",ENG,,,,external_framework,external_framework,verified_external,src_nrc_framework,,{}
domain_math,L2,Dominio STEAM,steam_domain,MAT,Matemática,"Prácticas matemáticas para resolver, modelar, representar y justificar.",MAT,,,,external_framework,external_framework,verified_external,src_ccss_math,,{}
domain_computing,L2,Dominio STEAM,steam_domain,TEC,Tecnología y Computación,"Prácticas de computación, pensamiento computacional y diseño humano.",TEC,,,,external_framework,external_framework,verified_external,src_csta_2026,,{}
domain_arts_design,L2,Dominio STEAM,steam_domain,ART,Artes y Diseño,"Procesos para crear, presentar, responder y conectar mediante prácticas artísticas/de diseño.",ART,,,,external_framework,external_framework,verified_external,src_ncas,,{}
prac_sci_observation,L2,Práctica disciplinar STEAM,disciplinary_practice,SCI-OBS,Observación científica,"Observar de manera intencional, describir, comparar y registrar rasgos relevantes para producir evidencia.",SCI,,,,erandi,expert_synthesis,expert_curated,src_mineduc_cn03,,{}
prac_sci_questioning,L2,Práctica disciplinar STEAM,disciplinary_practice,SCI-Q,Formulación de preguntas científicas,Plantear y refinar preguntas sobre fenómenos que orienten la indagación y la construcción de explicaciones.,SCI,,,,external_framework,external_framework,verified_external,src_nrc_framework,,{}
prac_sci_prediction,L2,Práctica disciplinar STEAM,disciplinary_practice,SCI-PRED,Predicción e inferencia,"Anticipar resultados o relaciones a partir de conocimiento previo, patrones o modelos, distinguiendo predicción de observación.",SCI,,,,erandi,expert_synthesis,expert_curated,src_mineduc_cn03,,{}
prac_sci_modeling,L2,Práctica disciplinar STEAM,disciplinary_practice,SCI-MOD,Desarrollo y uso de modelos,"Construir, usar, comparar y revisar representaciones para describir, explicar o predecir fenómenos.",SCI,,,,external_framework,external_framework,verified_external,src_nrc_framework,,{}
prac_sci_investigation,L2,Práctica disciplinar STEAM,disciplinary_practice,SCI-INV,Planificación y realización de investigaciones,Planificar y realizar observaciones o pruebas sistemáticas para generar evidencia pertinente.,SCI,,,,external_framework,external_framework,verified_external,src_nrc_framework,,{}
prac_sci_data,L2,Práctica disciplinar STEAM,disciplinary_practice,SCI-DATA,Análisis e interpretación de datos,"Organizar, representar, comparar e interpretar datos para identificar patrones y responder preguntas.",SCI,,,,external_framework,external_framework,verified_external,src_nrc_framework,,{}
prac_sci_mathcomp,L2,Práctica disciplinar STEAM,disciplinary_practice,SCI-MC,Uso de matemática y pensamiento computacional en ciencia,"Usar cuantificación, representaciones matemáticas o herramientas computacionales para analizar fenómenos y evidencia.",SCI,,,,external_framework,external_framework,verified_external,src_nrc_framework,,{}
prac_sci_explanation,L2,Práctica disciplinar STEAM,disciplinary_practice,SCI-EXP,Construcción de explicaciones,Construir explicaciones que articulen ideas científicas con evidencia pertinente.,SCI,,,,external_framework,external_framework,verified_external,src_nrc_framework,,{}
prac_sci_argument,L2,Práctica disciplinar STEAM,disciplinary_practice,SCI-ARG,Argumentación a partir de evidencia,"Evaluar y defender afirmaciones considerando evidencia, razones y explicaciones alternativas.",SCI,,,,external_framework,external_framework,verified_external,src_nrc_framework,,{}
prac_sci_communication,L2,Práctica disciplinar STEAM,disciplinary_practice,SCI-COM,"Obtención, evaluación y comunicación de información científica","Interpretar y comunicar información, ideas y evidencia científica mediante representaciones apropiadas.",SCI,,,,external_framework,external_framework,verified_external,src_nrc_framework,,{}
prac_sci_systems,L2,Práctica disciplinar STEAM,disciplinary_practice,SCI-SYS,Pensamiento de sistemas,"Razonar sobre componentes, relaciones, límites, retroalimentaciones y efectos dentro de un sistema.",SCI,,,,erandi,expert_synthesis,needs_expert_review,src_nrc_framework,,{}
prac_eng_define,L2,Práctica disciplinar STEAM,disciplinary_practice,ENG-DEF,Definir problemas de diseño,Precisar una necesidad o problema que pueda abordarse mediante diseño.,ENG,,,,external_framework,external_framework,verified_external,src_nrc_framework,,{}
prac_eng_criteria,L2,Práctica disciplinar STEAM,disciplinary_practice,ENG-CC,Establecer criterios y restricciones,Hacer explícito qué debe lograr una solución y qué límites debe respetar.,ENG,,,,erandi,expert_synthesis,needs_expert_review,src_nrc_framework,,{}
prac_eng_ideate,L2,Práctica disciplinar STEAM,disciplinary_practice,ENG-IDEA,Generar alternativas de solución,Producir y comparar múltiples ideas posibles antes de seleccionar una dirección.,ENG,,,,erandi,expert_synthesis,needs_expert_review,src_nrc_framework,,{}
prac_eng_modelproto,L2,Práctica disciplinar STEAM,disciplinary_practice,ENG-PROT,Modelar y prototipar soluciones,"Representar o construir versiones parciales de una solución para razonar, comunicar y probar.",ENG,,,,external_framework,external_framework,verified_external,src_nrc_framework,,{}
prac_eng_test,L2,Práctica disciplinar STEAM,disciplinary_practice,ENG-TEST,Probar y evaluar soluciones,Recolectar evidencia sobre el desempeño de una solución frente a criterios y restricciones.,ENG,,,,external_framework,external_framework,verified_external,src_nrc_framework,,{}
prac_eng_iterate,L2,Práctica disciplinar STEAM,disciplinary_practice,ENG-ITER,Iterar y optimizar,Modificar una solución usando resultados de pruebas y nueva evidencia.,ENG,,,,erandi,expert_synthesis,needs_expert_review,src_nrc_framework,,{}
prac_eng_tradeoffs,L2,Práctica disciplinar STEAM,disciplinary_practice,ENG-TRADE,Razonar sobre compromisos y trade-offs,"Comparar ventajas, limitaciones y tensiones entre criterios para justificar decisiones de diseño.",ENG,,,,erandi,expert_synthesis,needs_expert_review,src_nrc_framework,,{}
prac_eng_argument,L2,Práctica disciplinar STEAM,disciplinary_practice,ENG-ARG,Argumentar decisiones de diseño,"Defender decisiones y soluciones utilizando criterios, datos y evidencia de pruebas.",ENG,,,,external_framework,external_framework,verified_external,src_nrc_framework,,{}
prac_eng_communicate,L2,Práctica disciplinar STEAM,disciplinary_practice,ENG-COM,Comunicar el diseño,"Representar y explicar problema, proceso, decisiones, evidencia y solución a otras personas.",ENG,,,,external_framework,external_framework,verified_external,src_nrc_framework,,{}
prac_eng_systems,L2,Práctica disciplinar STEAM,disciplinary_practice,ENG-SYS,Pensamiento sistémico en diseño,"Considerar cómo una solución interactúa con personas, materiales, ambiente y otros componentes del sistema.",ENG,,,,erandi,expert_synthesis,needs_expert_review,src_nrc_framework,,{}
prac_math_make_sense,L2,Práctica disciplinar STEAM,disciplinary_practice,MAT-1,Dar sentido a problemas y perseverar,"Comprender la situación, planificar una estrategia, monitorear y sostener el esfuerzo.",MAT,,,,external_framework,external_framework,verified_external,src_ccss_math,,{}
prac_math_reason_abstract,L2,Práctica disciplinar STEAM,disciplinary_practice,MAT-2,Razonar de manera abstracta y cuantitativa,Moverse entre cantidades contextualizadas y representaciones abstractas.,MAT,,,,external_framework,external_framework,verified_external,src_ccss_math,,{}
prac_math_argument,L2,Práctica disciplinar STEAM,disciplinary_practice,MAT-3,Construir argumentos y criticar razonamientos,Justificar conclusiones y analizar razonamientos de otras personas.,MAT,,,,external_framework,external_framework,verified_external,src_ccss_math,,{}
prac_math_model,L2,Práctica disciplinar STEAM,disciplinary_practice,MAT-4,Modelar con matemática,"Usar matemática para representar, analizar y tomar decisiones sobre situaciones reales.",MAT,,,,external_framework,external_framework,verified_external,src_ccss_math,,{}
prac_math_tools,L2,Práctica disciplinar STEAM,disciplinary_practice,MAT-5,Usar herramientas estratégicamente,"Seleccionar y usar instrumentos, representaciones o tecnologías de manera pertinente.",MAT,,,,external_framework,external_framework,verified_external,src_ccss_math,,{}
prac_math_precision,L2,Práctica disciplinar STEAM,disciplinary_practice,MAT-6,Atender a la precisión,"Usar unidades, lenguaje, cálculos y representaciones con precisión suficiente al propósito.",MAT,,,,external_framework,external_framework,verified_external,src_ccss_math,,{}
prac_math_structure,L2,Práctica disciplinar STEAM,disciplinary_practice,MAT-7,Buscar y usar estructura,"Identificar organización, relaciones y estructuras que simplifican o explican.",MAT,,,,external_framework,external_framework,verified_external,src_ccss_math,,{}
prac_math_regularity,L2,Práctica disciplinar STEAM,disciplinary_practice,MAT-8,Buscar regularidad en razonamientos repetidos,Detectar patrones en procesos repetidos y usarlos para generalizar o anticipar.,MAT,,,,external_framework,external_framework,verified_external,src_ccss_math,,{}
prac_cs_positive_impact,L2,Práctica disciplinar STEAM,disciplinary_practice,TEC-1,Usar la computación para un impacto social positivo,Considerar cómo la computación puede contribuir responsablemente a personas y comunidades.,TEC,,,,external_framework,external_framework,verified_external,src_csta_2026,,{}
prac_cs_rights_dignity,L2,Práctica disciplinar STEAM,disciplinary_practice,TEC-2,"Respetar derechos, privacidad y dignidad","Crear productos computacionales respetando propiedad, privacidad, seguridad y dignidad.",TEC,,,,external_framework,external_framework,verified_external,src_csta_2026,,{}
prac_cs_communicate,L2,Práctica disciplinar STEAM,disciplinary_practice,TEC-3,Comunicar eficazmente sobre computación,"Explicar procesos, decisiones, resultados y limitaciones de soluciones computacionales.",TEC,,,,external_framework,external_framework,verified_external,src_csta_2026,,{}
prac_cs_manage,L2,Práctica disciplinar STEAM,disciplinary_practice,TEC-4,Gestionar proyectos computacionales,"Planificar, organizar recursos y monitorear el avance de un proyecto computacional.",TEC,,,,external_framework,external_framework,verified_external,src_csta_2026,,{}
prac_cs_collaborate,L2,Práctica disciplinar STEAM,disciplinary_practice,TEC-5,Participar responsablemente en colaboraciones computacionales,"Contribuir de forma inclusiva, responsable y coordinada al trabajo colectivo.",TEC,,,,external_framework,external_framework,verified_external,src_csta_2026,,{}
prac_cs_define_problem,L2,Práctica disciplinar STEAM,disciplinary_practice,TEC-6,Reconocer y definir problemas computacionales,Identificar problemas o partes de problemas que pueden representarse o abordarse computacionalmente.,TEC,,,,external_framework,external_framework,verified_external,src_csta_2026,,{}
prac_cs_abstraction,L2,Práctica disciplinar STEAM,disciplinary_practice,TEC-7,Desarrollar y usar abstracciones,Representar información o procesos omitiendo detalles innecesarios para resolver un propósito.,TEC,,,,external_framework,external_framework,verified_external,src_csta_2026,,{}
prac_cs_create,L2,Práctica disciplinar STEAM,disciplinary_practice,TEC-8,Crear productos computacionales,"Diseñar y construir artefactos, representaciones o sistemas computacionales.",TEC,,,,external_framework,external_framework,verified_external,src_csta_2026,,{}
prac_cs_test_refine,L2,Práctica disciplinar STEAM,disciplinary_practice,TEC-9,Probar y refinar productos computacionales,"Evaluar resultados, encontrar problemas y mejorar productos mediante iteración.",TEC,,,,external_framework,external_framework,verified_external,src_csta_2026,,{}
prac_cs_users,L2,Práctica disciplinar STEAM,disciplinary_practice,TEC-10,Comprender e involucrar a usuarios diversos,Investigar necesidades y perspectivas de usuarios para orientar decisiones de diseño.,TEC,,,,external_framework,external_framework,verified_external,src_csta_2026,,{}
prac_cs_iterative_design,L2,Práctica disciplinar STEAM,disciplinary_practice,TEC-11,Aplicar procesos iterativos de diseño,"Generar, probar y revisar soluciones en ciclos basados en evidencia y retroalimentación.",TEC,,,,external_framework,external_framework,verified_external,src_csta_2026,,{}
prac_cs_empower,L2,Práctica disciplinar STEAM,disciplinary_practice,TEC-12,Crear tecnologías que empoderen e informen,"Diseñar tecnologías que amplíen agencia, acceso, comprensión o participación.",TEC,,,,external_framework,external_framework,verified_external,src_csta_2026,,{}
prac_art_generate,L2,Práctica disciplinar STEAM,disciplinary_practice,ART-1,Generar y conceptualizar ideas artísticas,"Generar ideas, preguntas y posibilidades para crear trabajo artístico o de diseño.",ART,,,,external_framework,external_framework,verified_external,src_ncas,,{}
prac_art_develop,L2,Práctica disciplinar STEAM,disciplinary_practice,ART-2,Organizar y desarrollar ideas y trabajo,"Explorar materiales, decisiones y composiciones para desarrollar una creación.",ART,,,,external_framework,external_framework,verified_external,src_ncas,,{}
prac_art_refine,L2,Práctica disciplinar STEAM,disciplinary_practice,ART-3,Refinar y completar trabajo,"Revisar y mejorar una creación usando intención, criterios y retroalimentación.",ART,,,,external_framework,external_framework,verified_external,src_ncas,,{}
prac_art_select_present,L2,Práctica disciplinar STEAM,disciplinary_practice,ART-4,Seleccionar trabajo para presentar,"Elegir qué y cómo presentar según intención, audiencia y contexto.",ART,,,,external_framework,external_framework,verified_external,src_ncas,,{}
prac_art_prepare_present,L2,Práctica disciplinar STEAM,disciplinary_practice,ART-5,Desarrollar y refinar para presentación,"Preparar, ajustar y cuidar decisiones técnicas/expresivas para compartir una obra.",ART,,,,external_framework,external_framework,verified_external,src_ncas,,{}
prac_art_convey,L2,Práctica disciplinar STEAM,disciplinary_practice,ART-6,Transmitir significado mediante la presentación,Usar decisiones visuales/artísticas para comunicar ideas o significados.,ART,,,,external_framework,external_framework,verified_external,src_ncas,,{}
prac_art_perceive,L2,Práctica disciplinar STEAM,disciplinary_practice,ART-7,Percibir y analizar trabajo artístico,"Observar con atención y analizar elementos, relaciones y características.",ART,,,,external_framework,external_framework,verified_external,src_ncas,,{}
prac_art_interpret,L2,Práctica disciplinar STEAM,disciplinary_practice,ART-8,Interpretar intención y significado,"Construir interpretaciones fundamentadas de obras, diseños o representaciones.",ART,,,,external_framework,external_framework,verified_external,src_ncas,,{}
prac_art_evaluate,L2,Práctica disciplinar STEAM,disciplinary_practice,ART-9,Aplicar criterios para evaluar,Usar criterios explícitos para valorar y retroalimentar trabajo artístico/de diseño.,ART,,,,external_framework,external_framework,verified_external,src_ncas,,{}
prac_art_connect_personal,L2,Práctica disciplinar STEAM,disciplinary_practice,ART-10,Conectar conocimiento y experiencias personales,"Relacionar creación artística con experiencias, conocimientos e intereses.",ART,,,,external_framework,external_framework,verified_external,src_ncas,,{}
prac_art_connect_context,L2,Práctica disciplinar STEAM,disciplinary_practice,ART-11,"Conectar arte con contextos sociales, culturales e históricos","Comprender y crear considerando contextos culturales, comunitarios e históricos.",ART,,,,external_framework,external_framework,verified_external,src_ncas,,{}
comp_creativity,L2,Competencia transversal,cross_cutting_competency,,Creatividad,"Generar, explorar, combinar y refinar ideas o representaciones novedosas y pertinentes.",X,,,,erandi,expert_synthesis,needs_expert_review,src_nrc_framework,src_ccss_math;src_csta_2026;src_ncas,{}
comp_critical_thinking,L2,Competencia transversal,cross_cutting_competency,,Pensamiento crítico,"Analizar información, relaciones, supuestos, evidencia y alternativas para formar juicios razonados.",X,,,,erandi,expert_synthesis,needs_expert_review,src_nrc_framework,src_ccss_math;src_csta_2026;src_ncas,{}
comp_problem_solving,L2,Competencia transversal,cross_cutting_competency,,Resolución de problemas,"Comprender una situación desafiante, desarrollar estrategias, probarlas y ajustarlas.",X,,,,erandi,expert_synthesis,needs_expert_review,src_nrc_framework,src_ccss_math;src_csta_2026;src_ncas,{}
comp_communication,L2,Competencia transversal,cross_cutting_competency,,Comunicación,"Expresar, representar, escuchar e interpretar ideas y evidencia para una audiencia y propósito.",X,,,,erandi,expert_synthesis,needs_expert_review,src_nrc_framework,src_ccss_math;src_csta_2026;src_ncas,{}
comp_collaboration,L2,Competencia transversal,cross_cutting_competency,,Colaboración,"Construir conocimiento o soluciones con otras personas mediante contribución, coordinación y responsabilidad compartida.",X,,,,erandi,expert_synthesis,needs_expert_review,src_nrc_framework,src_ccss_math;src_csta_2026;src_ncas,{}
prog_prac_sci_observation_L1,L2,Nivel de progresión,practice_progression_level,SCI-OBS-L1,Notar,Identifica rasgos o eventos relevantes con apoyo y los distingue de información no observable.,SCI,,,,erandi,expert_synthesis,needs_expert_review,src_mineduc_cn03,src_daniela_map,"{""practice_id"":""prac_sci_observation"",""level_order"":1,""official_progression"":false}"
prog_prac_sci_observation_L2,L2,Nivel de progresión,practice_progression_level,SCI-OBS-L2,Describir y comparar,Describe observaciones con mayor especificidad y compara semejanzas/diferencias usando criterios simples.,SCI,,,,erandi,expert_synthesis,needs_expert_review,src_mineduc_cn03,src_daniela_map,"{""practice_id"":""prac_sci_observation"",""level_order"":2,""official_progression"":false}"
prog_prac_sci_observation_L3,L2,Nivel de progresión,practice_progression_level,SCI-OBS-L3,Registrar,"Registra observaciones mediante dibujos, tablas, medidas u otras representaciones apropiadas al propósito.",SCI,,,,erandi,expert_synthesis,needs_expert_review,src_mineduc_cn03,src_daniela_map,"{""practice_id"":""prac_sci_observation"",""level_order"":3,""official_progression"":false}"
prog_prac_sci_observation_L4,L2,Nivel de progresión,practice_progression_level,SCI-OBS-L4,Usar como evidencia,Usa patrones de observación registrados para apoyar o revisar una explicación.,SCI,,,,erandi,expert_synthesis,needs_expert_review,src_mineduc_cn03,src_daniela_map,"{""practice_id"":""prac_sci_observation"",""level_order"":4,""official_progression"":false}"
prog_prac_sci_questioning_L1,L2,Nivel de progresión,practice_progression_level,SCI-Q-L1,Preguntar desde la curiosidad,Formula preguntas sobre un fenómeno a partir de lo que observa o ya sabe.,SCI,,,,erandi,expert_synthesis,needs_expert_review,src_nrc_framework,src_daniela_map,"{""practice_id"":""prac_sci_questioning"",""level_order"":1,""official_progression"":false}"
prog_prac_sci_questioning_L2,L2,Nivel de progresión,practice_progression_level,SCI-Q-L2,Distinguir preguntas investigables,"Reconoce cuáles preguntas podrían abordarse mediante observación, datos o pruebas.",SCI,,,,erandi,expert_synthesis,needs_expert_review,src_nrc_framework,src_daniela_map,"{""practice_id"":""prac_sci_questioning"",""level_order"":2,""official_progression"":false}"
prog_prac_sci_questioning_L3,L2,Nivel de progresión,practice_progression_level,SCI-Q-L3,Refinar,Ajusta una pregunta para precisar qué se quiere saber y qué evidencia sería útil.,SCI,,,,erandi,expert_synthesis,needs_expert_review,src_nrc_framework,src_daniela_map,"{""practice_id"":""prac_sci_questioning"",""level_order"":3,""official_progression"":false}"
prog_prac_sci_questioning_L4,L2,Nivel de progresión,practice_progression_level,SCI-Q-L4,Conectar pregunta y evidencia,Relaciona explícitamente la pregunta con el diseño de recolección de evidencia.,SCI,,,,erandi,expert_synthesis,needs_expert_review,src_nrc_framework,src_daniela_map,"{""practice_id"":""prac_sci_questioning"",""level_order"":4,""official_progression"":false}"
prog_prac_sci_prediction_L1,L2,Nivel de progresión,practice_progression_level,SCI-PRED-L1,Anticipar,Expresa qué cree que ocurrirá antes de observar o probar.,SCI,,,,erandi,expert_synthesis,needs_expert_review,src_mineduc_cn03,src_daniela_map,"{""practice_id"":""prac_sci_prediction"",""level_order"":1,""official_progression"":false}"
prog_prac_sci_prediction_L2,L2,Nivel de progresión,practice_progression_level,SCI-PRED-L2,Justificar,"Da una razón simple basada en experiencia, patrón o conocimiento previo.",SCI,,,,erandi,expert_synthesis,needs_expert_review,src_mineduc_cn03,src_daniela_map,"{""practice_id"":""prac_sci_prediction"",""level_order"":2,""official_progression"":false}"
prog_prac_sci_prediction_L3,L2,Nivel de progresión,practice_progression_level,SCI-PRED-L3,Usar un modelo,Hace predicciones a partir de relaciones representadas en un modelo.,SCI,,,,erandi,expert_synthesis,needs_expert_review,src_mineduc_cn03,src_daniela_map,"{""practice_id"":""prac_sci_prediction"",""level_order"":3,""official_progression"":false}"
prog_prac_sci_prediction_L4,L2,Nivel de progresión,practice_progression_level,SCI-PRED-L4,Revisar frente a evidencia,"Compara predicción y resultado, explicando qué cambió en su pensamiento.",SCI,,,,erandi,expert_synthesis,needs_expert_review,src_mineduc_cn03,src_daniela_map,"{""practice_id"":""prac_sci_prediction"",""level_order"":4,""official_progression"":false}"
prog_prac_sci_modeling_L1,L2,Nivel de progresión,practice_progression_level,SCI-MOD-L1,Representar componentes,Incluye elementos relevantes del fenómeno en una representación.,SCI,,,,erandi,expert_synthesis,needs_expert_review,src_nrc_framework,src_daniela_map,"{""practice_id"":""prac_sci_modeling"",""level_order"":1,""official_progression"":false}"
prog_prac_sci_modeling_L2,L2,Nivel de progresión,practice_progression_level,SCI-MOD-L2,Representar relaciones,"Muestra cómo se relacionan componentes, usando flechas, posiciones, secuencias u otras convenciones.",SCI,,,,erandi,expert_synthesis,needs_expert_review,src_nrc_framework,src_daniela_map,"{""practice_id"":""prac_sci_modeling"",""level_order"":2,""official_progression"":false}"
prog_prac_sci_modeling_L3,L2,Nivel de progresión,practice_progression_level,SCI-MOD-L3,Explicar o predecir,Usa el modelo para explicar un fenómeno o anticipar un cambio.,SCI,,,,erandi,expert_synthesis,needs_expert_review,src_nrc_framework,src_daniela_map,"{""practice_id"":""prac_sci_modeling"",""level_order"":3,""official_progression"":false}"
prog_prac_sci_modeling_L4,L2,Nivel de progresión,practice_progression_level,SCI-MOD-L4,Revisar con evidencia,"Compara el modelo con nueva evidencia, identifica limitaciones y lo modifica.",SCI,,,,erandi,expert_synthesis,needs_expert_review,src_nrc_framework,src_daniela_map,"{""practice_id"":""prac_sci_modeling"",""level_order"":4,""official_progression"":false}"
prog_prac_sci_investigation_L1,L2,Nivel de progresión,practice_progression_level,SCI-INV-L1,Participar en una indagación guiada,Sigue una secuencia con propósito claro y contribuye a observar o recolectar evidencia.,SCI,,,,erandi,expert_synthesis,needs_expert_review,src_nrc_framework,src_daniela_map,"{""practice_id"":""prac_sci_investigation"",""level_order"":1,""official_progression"":false}"
prog_prac_sci_investigation_L2,L2,Nivel de progresión,practice_progression_level,SCI-INV-L2,Relacionar pregunta y procedimiento,Comprende cómo las acciones de la investigación ayudan a responder la pregunta.,SCI,,,,erandi,expert_synthesis,needs_expert_review,src_nrc_framework,src_daniela_map,"{""practice_id"":""prac_sci_investigation"",""level_order"":2,""official_progression"":false}"
prog_prac_sci_investigation_L3,L2,Nivel de progresión,practice_progression_level,SCI-INV-L3,Tomar decisiones simples de diseño,"Participa en decisiones sobre qué comparar, medir, registrar o mantener consistente.",SCI,,,,erandi,expert_synthesis,needs_expert_review,src_nrc_framework,src_daniela_map,"{""practice_id"":""prac_sci_investigation"",""level_order"":3,""official_progression"":false}"
prog_prac_sci_investigation_L4,L2,Nivel de progresión,practice_progression_level,SCI-INV-L4,Evaluar la investigación,Identifica limitaciones de la evidencia y propone mejoras al procedimiento.,SCI,,,,erandi,expert_synthesis,needs_expert_review,src_nrc_framework,src_daniela_map,"{""practice_id"":""prac_sci_investigation"",""level_order"":4,""official_progression"":false}"
prog_prac_sci_data_L1,L2,Nivel de progresión,practice_progression_level,SCI-DATA-L1,Organizar,Agrupa o registra datos de forma que puedan revisarse.,SCI,,,,erandi,expert_synthesis,needs_expert_review,src_nrc_framework,src_daniela_map,"{""practice_id"":""prac_sci_data"",""level_order"":1,""official_progression"":false}"
prog_prac_sci_data_L2,L2,Nivel de progresión,practice_progression_level,SCI-DATA-L2,Representar y comparar,"Usa tablas, gráficos o categorías simples para comparar resultados.",SCI,,,,erandi,expert_synthesis,needs_expert_review,src_nrc_framework,src_daniela_map,"{""practice_id"":""prac_sci_data"",""level_order"":2,""official_progression"":false}"
prog_prac_sci_data_L3,L2,Nivel de progresión,practice_progression_level,SCI-DATA-L3,Identificar patrones,"Describe regularidades, diferencias o relaciones presentes en los datos.",SCI,,,,erandi,expert_synthesis,needs_expert_review,src_nrc_framework,src_daniela_map,"{""practice_id"":""prac_sci_data"",""level_order"":3,""official_progression"":false}"
prog_prac_sci_data_L4,L2,Nivel de progresión,practice_progression_level,SCI-DATA-L4,Interpretar para responder,Usa los patrones como evidencia para responder una pregunta o evaluar una explicación.,SCI,,,,erandi,expert_synthesis,needs_expert_review,src_nrc_framework,src_daniela_map,"{""practice_id"":""prac_sci_data"",""level_order"":4,""official_progression"":false}"
prog_prac_sci_mathcomp_L1,L2,Nivel de progresión,practice_progression_level,SCI-MC-L1,Participar con apoyo,"Participa en la práctica «Uso de matemática y pensamiento computacional en ciencia» con apoyos explícitos, ejemplos o una estructura provista.",SCI,,,,erandi,expert_synthesis,needs_expert_review,src_nrc_framework,src_daniela_map,"{""practice_id"":""prac_sci_mathcomp"",""level_order"":1,""official_progression"":false}"
prog_prac_sci_mathcomp_L2,L2,Nivel de progresión,practice_progression_level,SCI-MC-L2,Aplicar con propósito,"Aplica «Uso de matemática y pensamiento computacional en ciencia» en una situación conocida, explicando decisiones básicas y usando representaciones/herramientas pertinentes.",SCI,,,,erandi,expert_synthesis,needs_expert_review,src_nrc_framework,src_daniela_map,"{""practice_id"":""prac_sci_mathcomp"",""level_order"":2,""official_progression"":false}"
prog_prac_sci_mathcomp_L3,L2,Nivel de progresión,practice_progression_level,SCI-MC-L3,"Seleccionar, justificar y revisar","Usa «Uso de matemática y pensamiento computacional en ciencia» con mayor autonomía; selecciona estrategias, justifica decisiones y revisa su trabajo frente a criterios, evidencia o retroalimentación.",SCI,,,,erandi,expert_synthesis,needs_expert_review,src_nrc_framework,src_daniela_map,"{""practice_id"":""prac_sci_mathcomp"",""level_order"":3,""official_progression"":false}"
prog_prac_sci_explanation_L1,L2,Nivel de progresión,practice_progression_level,SCI-EXP-L1,Describir lo ocurrido,Expresa qué ocurrió o qué relación observa.,SCI,,,,erandi,expert_synthesis,needs_expert_review,src_nrc_framework,src_daniela_map,"{""practice_id"":""prac_sci_explanation"",""level_order"":1,""official_progression"":false}"
prog_prac_sci_explanation_L2,L2,Nivel de progresión,practice_progression_level,SCI-EXP-L2,Conectar idea y evidencia,Relaciona una idea explicativa simple con observaciones o datos relevantes.,SCI,,,,erandi,expert_synthesis,needs_expert_review,src_nrc_framework,src_daniela_map,"{""practice_id"":""prac_sci_explanation"",""level_order"":2,""official_progression"":false}"
prog_prac_sci_explanation_L3,L2,Nivel de progresión,practice_progression_level,SCI-EXP-L3,Explicar causalmente,Articula cómo o por qué componentes/relaciones producen el fenómeno.,SCI,,,,erandi,expert_synthesis,needs_expert_review,src_nrc_framework,src_daniela_map,"{""practice_id"":""prac_sci_explanation"",""level_order"":3,""official_progression"":false}"
prog_prac_sci_explanation_L4,L2,Nivel de progresión,practice_progression_level,SCI-EXP-L4,Revisar explicación,Modifica la explicación al considerar nueva evidencia o una explicación alternativa.,SCI,,,,erandi,expert_synthesis,needs_expert_review,src_nrc_framework,src_daniela_map,"{""practice_id"":""prac_sci_explanation"",""level_order"":4,""official_progression"":false}"
prog_prac_sci_argument_L1,L2,Nivel de progresión,practice_progression_level,SCI-ARG-L1,Expresar una afirmación,Propone una conclusión o interpretación.,SCI,,,,erandi,expert_synthesis,needs_expert_review,src_nrc_framework,src_daniela_map,"{""practice_id"":""prac_sci_argument"",""level_order"":1,""official_progression"":false}"
prog_prac_sci_argument_L2,L2,Nivel de progresión,practice_progression_level,SCI-ARG-L2,Apoyar con evidencia,Selecciona evidencia pertinente para apoyar la afirmación.,SCI,,,,erandi,expert_synthesis,needs_expert_review,src_nrc_framework,src_daniela_map,"{""practice_id"":""prac_sci_argument"",""level_order"":2,""official_progression"":false}"
prog_prac_sci_argument_L3,L2,Nivel de progresión,practice_progression_level,SCI-ARG-L3,Comparar argumentos,Considera evidencia/razones de otras explicaciones y responde a ellas.,SCI,,,,erandi,expert_synthesis,needs_expert_review,src_nrc_framework,src_daniela_map,"{""practice_id"":""prac_sci_argument"",""level_order"":3,""official_progression"":false}"
prog_prac_sci_argument_L4,L2,Nivel de progresión,practice_progression_level,SCI-ARG-L4,Revisar y justificar,Ajusta su afirmación o justificación cuando la evidencia lo requiere.,SCI,,,,erandi,expert_synthesis,needs_expert_review,src_nrc_framework,src_daniela_map,"{""practice_id"":""prac_sci_argument"",""level_order"":4,""official_progression"":false}"
prog_prac_sci_communication_L1,L2,Nivel de progresión,practice_progression_level,SCI-COM-L1,Representar una idea,"Comunica observaciones o ideas mediante lenguaje, dibujo, material concreto o modelo.",SCI,,,,erandi,expert_synthesis,needs_expert_review,src_nrc_framework,src_daniela_map,"{""practice_id"":""prac_sci_communication"",""level_order"":1,""official_progression"":false}"
prog_prac_sci_communication_L2,L2,Nivel de progresión,practice_progression_level,SCI-COM-L2,Seleccionar evidencia,Incluye información/evidencia relevante al propósito.,SCI,,,,erandi,expert_synthesis,needs_expert_review,src_nrc_framework,src_daniela_map,"{""practice_id"":""prac_sci_communication"",""level_order"":2,""official_progression"":false}"
prog_prac_sci_communication_L3,L2,Nivel de progresión,practice_progression_level,SCI-COM-L3,Adecuar a audiencia y propósito,Elige representaciones y nivel de detalle apropiados.,SCI,,,,erandi,expert_synthesis,needs_expert_review,src_nrc_framework,src_daniela_map,"{""practice_id"":""prac_sci_communication"",""level_order"":3,""official_progression"":false}"
prog_prac_sci_communication_L4,L2,Nivel de progresión,practice_progression_level,SCI-COM-L4,Integrar y responder,"Compara ideas, responde preguntas y revisa la comunicación para mejorar claridad/precisión.",SCI,,,,erandi,expert_synthesis,needs_expert_review,src_nrc_framework,src_daniela_map,"{""practice_id"":""prac_sci_communication"",""level_order"":4,""official_progression"":false}"
prog_prac_sci_systems_L1,L2,Nivel de progresión,practice_progression_level,SCI-SYS-L1,Identificar componentes,Reconoce partes relevantes de un sistema.,SCI,,,,erandi,expert_synthesis,needs_expert_review,src_nrc_framework,src_daniela_map,"{""practice_id"":""prac_sci_systems"",""level_order"":1,""official_progression"":false}"
prog_prac_sci_systems_L2,L2,Nivel de progresión,practice_progression_level,SCI-SYS-L2,Conectar componentes,Representa relaciones entre componentes.,SCI,,,,erandi,expert_synthesis,needs_expert_review,src_nrc_framework,src_daniela_map,"{""practice_id"":""prac_sci_systems"",""level_order"":2,""official_progression"":false}"
prog_prac_sci_systems_L3,L2,Nivel de progresión,practice_progression_level,SCI-SYS-L3,Rastrear efectos,Predice cómo un cambio en una parte puede afectar otras.,SCI,,,,erandi,expert_synthesis,needs_expert_review,src_nrc_framework,src_daniela_map,"{""practice_id"":""prac_sci_systems"",""level_order"":3,""official_progression"":false}"
prog_prac_sci_systems_L4,L2,Nivel de progresión,practice_progression_level,SCI-SYS-L4,Razonar sobre límites y retroalimentaciones,"Considera múltiples relaciones, límites del modelo y efectos indirectos.",SCI,,,,erandi,expert_synthesis,needs_expert_review,src_nrc_framework,src_daniela_map,"{""practice_id"":""prac_sci_systems"",""level_order"":4,""official_progression"":false}"
prog_prac_eng_define_L1,L2,Nivel de progresión,practice_progression_level,ENG-DEF-L1,Reconocer una necesidad,Identifica una situación que podría mejorarse o resolverse.,ENG,,,,erandi,expert_synthesis,needs_expert_review,src_nrc_framework,,"{""practice_id"":""prac_eng_define"",""level_order"":1,""official_progression"":false}"
prog_prac_eng_define_L2,L2,Nivel de progresión,practice_progression_level,ENG-DEF-L2,Enunciar el problema,Describe para quién es el problema y qué necesita lograrse.,ENG,,,,erandi,expert_synthesis,needs_expert_review,src_nrc_framework,,"{""practice_id"":""prac_eng_define"",""level_order"":2,""official_progression"":false}"
prog_prac_eng_define_L3,L2,Nivel de progresión,practice_progression_level,ENG-DEF-L3,Delimitar,Distingue el problema central de aspectos secundarios y explicita información necesaria.,ENG,,,,erandi,expert_synthesis,needs_expert_review,src_nrc_framework,,"{""practice_id"":""prac_eng_define"",""level_order"":3,""official_progression"":false}"
prog_prac_eng_define_L4,L2,Nivel de progresión,practice_progression_level,ENG-DEF-L4,Reformular con evidencia,Ajusta la definición del problema después de investigar usuarios/contexto.,ENG,,,,erandi,expert_synthesis,needs_expert_review,src_nrc_framework,,"{""practice_id"":""prac_eng_define"",""level_order"":4,""official_progression"":false}"
prog_prac_eng_criteria_L1,L2,Nivel de progresión,practice_progression_level,ENG-CC-L1,Reconocer éxito y límites,Identifica qué debería lograr la solución y una limitación relevante.,ENG,,,,erandi,expert_synthesis,needs_expert_review,src_nrc_framework,,"{""practice_id"":""prac_eng_criteria"",""level_order"":1,""official_progression"":false}"
prog_prac_eng_criteria_L2,L2,Nivel de progresión,practice_progression_level,ENG-CC-L2,Explicitar criterios/restricciones,Formula criterios de éxito y restricciones observables.,ENG,,,,erandi,expert_synthesis,needs_expert_review,src_nrc_framework,,"{""practice_id"":""prac_eng_criteria"",""level_order"":2,""official_progression"":false}"
prog_prac_eng_criteria_L3,L2,Nivel de progresión,practice_progression_level,ENG-CC-L3,Priorizar y medir,Decide cuáles criterios importan más y cómo se comprobarán.,ENG,,,,erandi,expert_synthesis,needs_expert_review,src_nrc_framework,,"{""practice_id"":""prac_eng_criteria"",""level_order"":3,""official_progression"":false}"
prog_prac_eng_criteria_L4,L2,Nivel de progresión,practice_progression_level,ENG-CC-L4,Revisar criterios,Ajusta criterios/restricciones según evidencia y contexto.,ENG,,,,erandi,expert_synthesis,needs_expert_review,src_nrc_framework,,"{""practice_id"":""prac_eng_criteria"",""level_order"":4,""official_progression"":false}"
prog_prac_eng_ideate_L1,L2,Nivel de progresión,practice_progression_level,ENG-IDEA-L1,Generar una idea,Propone al menos una solución posible.,ENG,,,,erandi,expert_synthesis,needs_expert_review,src_nrc_framework,,"{""practice_id"":""prac_eng_ideate"",""level_order"":1,""official_progression"":false}"
prog_prac_eng_ideate_L2,L2,Nivel de progresión,practice_progression_level,ENG-IDEA-L2,Generar alternativas,Produce varias opciones diferentes antes de elegir.,ENG,,,,erandi,expert_synthesis,needs_expert_review,src_nrc_framework,,"{""practice_id"":""prac_eng_ideate"",""level_order"":2,""official_progression"":false}"
prog_prac_eng_ideate_L3,L2,Nivel de progresión,practice_progression_level,ENG-IDEA-L3,Combinar y comparar,Usa criterios para combinar fortalezas o seleccionar una alternativa.,ENG,,,,erandi,expert_synthesis,needs_expert_review,src_nrc_framework,,"{""practice_id"":""prac_eng_ideate"",""level_order"":3,""official_progression"":false}"
prog_prac_eng_ideate_L4,L2,Nivel de progresión,practice_progression_level,ENG-IDEA-L4,Idear estratégicamente,Genera alternativas dirigidas a superar fallas o trade-offs observados.,ENG,,,,erandi,expert_synthesis,needs_expert_review,src_nrc_framework,,"{""practice_id"":""prac_eng_ideate"",""level_order"":4,""official_progression"":false}"
prog_prac_eng_modelproto_L1,L2,Nivel de progresión,practice_progression_level,ENG-PROT-L1,Representar una solución,"Produce un dibujo, modelo o construcción parcial de una idea.",ENG,,,,erandi,expert_synthesis,needs_expert_review,src_nrc_framework,,"{""practice_id"":""prac_eng_modelproto"",""level_order"":1,""official_progression"":false}"
prog_prac_eng_modelproto_L2,L2,Nivel de progresión,practice_progression_level,ENG-PROT-L2,Hacer visible el funcionamiento,El prototipo representa componentes y relaciones relevantes al criterio de diseño.,ENG,,,,erandi,expert_synthesis,needs_expert_review,src_nrc_framework,,"{""practice_id"":""prac_eng_modelproto"",""level_order"":2,""official_progression"":false}"
prog_prac_eng_modelproto_L3,L2,Nivel de progresión,practice_progression_level,ENG-PROT-L3,Prototipar para probar,Construye deliberadamente una versión que permita recolectar evidencia sobre una hipótesis de diseño.,ENG,,,,erandi,expert_synthesis,needs_expert_review,src_nrc_framework,,"{""practice_id"":""prac_eng_modelproto"",""level_order"":3,""official_progression"":false}"
prog_prac_eng_modelproto_L4,L2,Nivel de progresión,practice_progression_level,ENG-PROT-L4,Elegir fidelidad estratégicamente,Selecciona qué aspectos prototipar con mayor detalle según la pregunta de prueba.,ENG,,,,erandi,expert_synthesis,needs_expert_review,src_nrc_framework,,"{""practice_id"":""prac_eng_modelproto"",""level_order"":4,""official_progression"":false}"
prog_prac_eng_test_L1,L2,Nivel de progresión,practice_progression_level,ENG-TEST-L1,Probar funcionamiento,Observa qué ocurre cuando se usa o prueba la solución.,ENG,,,,erandi,expert_synthesis,needs_expert_review,src_nrc_framework,,"{""practice_id"":""prac_eng_test"",""level_order"":1,""official_progression"":false}"
prog_prac_eng_test_L2,L2,Nivel de progresión,practice_progression_level,ENG-TEST-L2,Probar contra un criterio,Recolecta evidencia vinculada explícitamente a un criterio.,ENG,,,,erandi,expert_synthesis,needs_expert_review,src_nrc_framework,,"{""practice_id"":""prac_eng_test"",""level_order"":2,""official_progression"":false}"
prog_prac_eng_test_L3,L2,Nivel de progresión,practice_progression_level,ENG-TEST-L3,Comparar alternativas,Aplica un procedimiento comparable a más de una solución o versión.,ENG,,,,erandi,expert_synthesis,needs_expert_review,src_nrc_framework,,"{""practice_id"":""prac_eng_test"",""level_order"":3,""official_progression"":false}"
prog_prac_eng_test_L4,L2,Nivel de progresión,practice_progression_level,ENG-TEST-L4,Evaluar validez de la prueba,Identifica si la prueba realmente permite juzgar el criterio y propone mejoras.,ENG,,,,erandi,expert_synthesis,needs_expert_review,src_nrc_framework,,"{""practice_id"":""prac_eng_test"",""level_order"":4,""official_progression"":false}"
prog_prac_eng_iterate_L1,L2,Nivel de progresión,practice_progression_level,ENG-ITER-L1,Cambiar después de probar,Modifica una solución después de observar un problema.,ENG,,,,erandi,expert_synthesis,needs_expert_review,src_nrc_framework,,"{""practice_id"":""prac_eng_iterate"",""level_order"":1,""official_progression"":false}"
prog_prac_eng_iterate_L2,L2,Nivel de progresión,practice_progression_level,ENG-ITER-L2,Usar evidencia para cambiar,Explica qué evidencia motivó una modificación específica.,ENG,,,,erandi,expert_synthesis,needs_expert_review,src_nrc_framework,,"{""practice_id"":""prac_eng_iterate"",""level_order"":2,""official_progression"":false}"
prog_prac_eng_iterate_L3,L2,Nivel de progresión,practice_progression_level,ENG-ITER-L3,Priorizar cambios,"Decide qué modificar primero según criterios, restricciones y resultados.",ENG,,,,erandi,expert_synthesis,needs_expert_review,src_nrc_framework,,"{""practice_id"":""prac_eng_iterate"",""level_order"":3,""official_progression"":false}"
prog_prac_eng_iterate_L4,L2,Nivel de progresión,practice_progression_level,ENG-ITER-L4,Optimizar,Realiza ciclos de prueba y revisión gestionando múltiples criterios/trade-offs.,ENG,,,,erandi,expert_synthesis,needs_expert_review,src_nrc_framework,,"{""practice_id"":""prac_eng_iterate"",""level_order"":4,""official_progression"":false}"
prog_prac_eng_tradeoffs_L1,L2,Nivel de progresión,practice_progression_level,ENG-TRADE-L1,Reconocer ventajas y limitaciones,Identifica algo que una solución hace bien y algo que limita.,ENG,,,,erandi,expert_synthesis,needs_expert_review,src_nrc_framework,,"{""practice_id"":""prac_eng_tradeoffs"",""level_order"":1,""official_progression"":false}"
prog_prac_eng_tradeoffs_L2,L2,Nivel de progresión,practice_progression_level,ENG-TRADE-L2,Comparar contra varios criterios,Observa que una alternativa puede ser mejor en un criterio y peor en otro.,ENG,,,,erandi,expert_synthesis,needs_expert_review,src_nrc_framework,,"{""practice_id"":""prac_eng_tradeoffs"",""level_order"":2,""official_progression"":false}"
prog_prac_eng_tradeoffs_L3,L2,Nivel de progresión,practice_progression_level,ENG-TRADE-L3,Justificar una elección,Explica por qué acepta ciertos compromisos según prioridades.,ENG,,,,erandi,expert_synthesis,needs_expert_review,src_nrc_framework,,"{""practice_id"":""prac_eng_tradeoffs"",""level_order"":3,""official_progression"":false}"
prog_prac_eng_tradeoffs_L4,L2,Nivel de progresión,practice_progression_level,ENG-TRADE-L4,Gestionar trade-offs explícitamente,Usa evidencia y prioridades para optimizar entre criterios en tensión.,ENG,,,,erandi,expert_synthesis,needs_expert_review,src_nrc_framework,,"{""practice_id"":""prac_eng_tradeoffs"",""level_order"":4,""official_progression"":false}"
prog_prac_eng_argument_L1,L2,Nivel de progresión,practice_progression_level,ENG-ARG-L1,Expresar decisión,Indica qué solución o cambio prefiere.,ENG,,,,erandi,expert_synthesis,needs_expert_review,src_nrc_framework,,"{""practice_id"":""prac_eng_argument"",""level_order"":1,""official_progression"":false}"
prog_prac_eng_argument_L2,L2,Nivel de progresión,practice_progression_level,ENG-ARG-L2,Justificar con criterios/evidencia,Relaciona su decisión con resultados de prueba o criterios.,ENG,,,,erandi,expert_synthesis,needs_expert_review,src_nrc_framework,,"{""practice_id"":""prac_eng_argument"",""level_order"":2,""official_progression"":false}"
prog_prac_eng_argument_L3,L2,Nivel de progresión,practice_progression_level,ENG-ARG-L3,Comparar alternativas,Contrasta evidencia de distintas soluciones.,ENG,,,,erandi,expert_synthesis,needs_expert_review,src_nrc_framework,,"{""practice_id"":""prac_eng_argument"",""level_order"":3,""official_progression"":false}"
prog_prac_eng_argument_L4,L2,Nivel de progresión,practice_progression_level,ENG-ARG-L4,Defender/revisar decisión,Responde a objeciones y cambia su decisión cuando la evidencia lo amerita.,ENG,,,,erandi,expert_synthesis,needs_expert_review,src_nrc_framework,,"{""practice_id"":""prac_eng_argument"",""level_order"":4,""official_progression"":false}"
prog_prac_eng_communicate_L1,L2,Nivel de progresión,practice_progression_level,ENG-COM-L1,Mostrar la solución,Representa qué construyó y qué intenta lograr.,ENG,,,,erandi,expert_synthesis,needs_expert_review,src_nrc_framework,,"{""practice_id"":""prac_eng_communicate"",""level_order"":1,""official_progression"":false}"
prog_prac_eng_communicate_L2,L2,Nivel de progresión,practice_progression_level,ENG-COM-L2,Explicar decisiones,"Comunica criterios, restricciones y decisiones centrales.",ENG,,,,erandi,expert_synthesis,needs_expert_review,src_nrc_framework,,"{""practice_id"":""prac_eng_communicate"",""level_order"":2,""official_progression"":false}"
prog_prac_eng_communicate_L3,L2,Nivel de progresión,practice_progression_level,ENG-COM-L3,Comunicar evidencia,Integra resultados de pruebas para justificar cambios.,ENG,,,,erandi,expert_synthesis,needs_expert_review,src_nrc_framework,,"{""practice_id"":""prac_eng_communicate"",""level_order"":3,""official_progression"":false}"
prog_prac_eng_communicate_L4,L2,Nivel de progresión,practice_progression_level,ENG-COM-L4,Comunicar proceso y limitaciones,"Explica iteraciones, trade-offs, evidencia y límites de la solución.",ENG,,,,erandi,expert_synthesis,needs_expert_review,src_nrc_framework,,"{""practice_id"":""prac_eng_communicate"",""level_order"":4,""official_progression"":false}"
prog_prac_eng_systems_L1,L2,Nivel de progresión,practice_progression_level,ENG-SYS-L1,Identificar elementos,"Reconoce usuario, solución y componentes básicos del contexto.",ENG,,,,erandi,expert_synthesis,needs_expert_review,src_nrc_framework,,"{""practice_id"":""prac_eng_systems"",""level_order"":1,""official_progression"":false}"
prog_prac_eng_systems_L2,L2,Nivel de progresión,practice_progression_level,ENG-SYS-L2,Conectar impactos,"Describe interacciones entre solución, usuario, materiales y ambiente.",ENG,,,,erandi,expert_synthesis,needs_expert_review,src_nrc_framework,,"{""practice_id"":""prac_eng_systems"",""level_order"":2,""official_progression"":false}"
prog_prac_eng_systems_L3,L2,Nivel de progresión,practice_progression_level,ENG-SYS-L3,Anticipar consecuencias,Predice efectos directos e indirectos de decisiones de diseño.,ENG,,,,erandi,expert_synthesis,needs_expert_review,src_nrc_framework,,"{""practice_id"":""prac_eng_systems"",""level_order"":3,""official_progression"":false}"
prog_prac_eng_systems_L4,L2,Nivel de progresión,practice_progression_level,ENG-SYS-L4,Rediseñar considerando el sistema,Modifica una solución considerando múltiples actores/efectos y tensiones.,ENG,,,,erandi,expert_synthesis,needs_expert_review,src_nrc_framework,,"{""practice_id"":""prac_eng_systems"",""level_order"":4,""official_progression"":false}"
prog_prac_math_make_sense_L1,L2,Nivel de progresión,practice_progression_level,MAT-1-L1,Participar con apoyo,"Participa en la práctica «Dar sentido a problemas y perseverar» con apoyos explícitos, ejemplos o una estructura provista.",MAT,,,,erandi,expert_synthesis,needs_expert_review,src_ccss_math,,"{""practice_id"":""prac_math_make_sense"",""level_order"":1,""official_progression"":false}"
prog_prac_math_make_sense_L2,L2,Nivel de progresión,practice_progression_level,MAT-1-L2,Aplicar con propósito,"Aplica «Dar sentido a problemas y perseverar» en una situación conocida, explicando decisiones básicas y usando representaciones/herramientas pertinentes.",MAT,,,,erandi,expert_synthesis,needs_expert_review,src_ccss_math,,"{""practice_id"":""prac_math_make_sense"",""level_order"":2,""official_progression"":false}"
prog_prac_math_make_sense_L3,L2,Nivel de progresión,practice_progression_level,MAT-1-L3,"Seleccionar, justificar y revisar","Usa «Dar sentido a problemas y perseverar» con mayor autonomía; selecciona estrategias, justifica decisiones y revisa su trabajo frente a criterios, evidencia o retroalimentación.",MAT,,,,erandi,expert_synthesis,needs_expert_review,src_ccss_math,,"{""practice_id"":""prac_math_make_sense"",""level_order"":3,""official_progression"":false}"
prog_prac_math_reason_abstract_L1,L2,Nivel de progresión,practice_progression_level,MAT-2-L1,Participar con apoyo,"Participa en la práctica «Razonar de manera abstracta y cuantitativa» con apoyos explícitos, ejemplos o una estructura provista.",MAT,,,,erandi,expert_synthesis,needs_expert_review,src_ccss_math,,"{""practice_id"":""prac_math_reason_abstract"",""level_order"":1,""official_progression"":false}"
prog_prac_math_reason_abstract_L2,L2,Nivel de progresión,practice_progression_level,MAT-2-L2,Aplicar con propósito,"Aplica «Razonar de manera abstracta y cuantitativa» en una situación conocida, explicando decisiones básicas y usando representaciones/herramientas pertinentes.",MAT,,,,erandi,expert_synthesis,needs_expert_review,src_ccss_math,,"{""practice_id"":""prac_math_reason_abstract"",""level_order"":2,""official_progression"":false}"
prog_prac_math_reason_abstract_L3,L2,Nivel de progresión,practice_progression_level,MAT-2-L3,"Seleccionar, justificar y revisar","Usa «Razonar de manera abstracta y cuantitativa» con mayor autonomía; selecciona estrategias, justifica decisiones y revisa su trabajo frente a criterios, evidencia o retroalimentación.",MAT,,,,erandi,expert_synthesis,needs_expert_review,src_ccss_math,,"{""practice_id"":""prac_math_reason_abstract"",""level_order"":3,""official_progression"":false}"
prog_prac_math_argument_L1,L2,Nivel de progresión,practice_progression_level,MAT-3-L1,Participar con apoyo,"Participa en la práctica «Construir argumentos y criticar razonamientos» con apoyos explícitos, ejemplos o una estructura provista.",MAT,,,,erandi,expert_synthesis,needs_expert_review,src_ccss_math,,"{""practice_id"":""prac_math_argument"",""level_order"":1,""official_progression"":false}"
prog_prac_math_argument_L2,L2,Nivel de progresión,practice_progression_level,MAT-3-L2,Aplicar con propósito,"Aplica «Construir argumentos y criticar razonamientos» en una situación conocida, explicando decisiones básicas y usando representaciones/herramientas pertinentes.",MAT,,,,erandi,expert_synthesis,needs_expert_review,src_ccss_math,,"{""practice_id"":""prac_math_argument"",""level_order"":2,""official_progression"":false}"
prog_prac_math_argument_L3,L2,Nivel de progresión,practice_progression_level,MAT-3-L3,"Seleccionar, justificar y revisar","Usa «Construir argumentos y criticar razonamientos» con mayor autonomía; selecciona estrategias, justifica decisiones y revisa su trabajo frente a criterios, evidencia o retroalimentación.",MAT,,,,erandi,expert_synthesis,needs_expert_review,src_ccss_math,,"{""practice_id"":""prac_math_argument"",""level_order"":3,""official_progression"":false}"
prog_prac_math_model_L1,L2,Nivel de progresión,practice_progression_level,MAT-4-L1,Participar con apoyo,"Participa en la práctica «Modelar con matemática» con apoyos explícitos, ejemplos o una estructura provista.",MAT,,,,erandi,expert_synthesis,needs_expert_review,src_ccss_math,,"{""practice_id"":""prac_math_model"",""level_order"":1,""official_progression"":false}"
prog_prac_math_model_L2,L2,Nivel de progresión,practice_progression_level,MAT-4-L2,Aplicar con propósito,"Aplica «Modelar con matemática» en una situación conocida, explicando decisiones básicas y usando representaciones/herramientas pertinentes.",MAT,,,,erandi,expert_synthesis,needs_expert_review,src_ccss_math,,"{""practice_id"":""prac_math_model"",""level_order"":2,""official_progression"":false}"
prog_prac_math_model_L3,L2,Nivel de progresión,practice_progression_level,MAT-4-L3,"Seleccionar, justificar y revisar","Usa «Modelar con matemática» con mayor autonomía; selecciona estrategias, justifica decisiones y revisa su trabajo frente a criterios, evidencia o retroalimentación.",MAT,,,,erandi,expert_synthesis,needs_expert_review,src_ccss_math,,"{""practice_id"":""prac_math_model"",""level_order"":3,""official_progression"":false}"
prog_prac_math_tools_L1,L2,Nivel de progresión,practice_progression_level,MAT-5-L1,Participar con apoyo,"Participa en la práctica «Usar herramientas estratégicamente» con apoyos explícitos, ejemplos o una estructura provista.",MAT,,,,erandi,expert_synthesis,needs_expert_review,src_ccss_math,,"{""practice_id"":""prac_math_tools"",""level_order"":1,""official_progression"":false}"
prog_prac_math_tools_L2,L2,Nivel de progresión,practice_progression_level,MAT-5-L2,Aplicar con propósito,"Aplica «Usar herramientas estratégicamente» en una situación conocida, explicando decisiones básicas y usando representaciones/herramientas pertinentes.",MAT,,,,erandi,expert_synthesis,needs_expert_review,src_ccss_math,,"{""practice_id"":""prac_math_tools"",""level_order"":2,""official_progression"":false}"
prog_prac_math_tools_L3,L2,Nivel de progresión,practice_progression_level,MAT-5-L3,"Seleccionar, justificar y revisar","Usa «Usar herramientas estratégicamente» con mayor autonomía; selecciona estrategias, justifica decisiones y revisa su trabajo frente a criterios, evidencia o retroalimentación.",MAT,,,,erandi,expert_synthesis,needs_expert_review,src_ccss_math,,"{""practice_id"":""prac_math_tools"",""level_order"":3,""official_progression"":false}"
prog_prac_math_precision_L1,L2,Nivel de progresión,practice_progression_level,MAT-6-L1,Participar con apoyo,"Participa en la práctica «Atender a la precisión» con apoyos explícitos, ejemplos o una estructura provista.",MAT,,,,erandi,expert_synthesis,needs_expert_review,src_ccss_math,,"{""practice_id"":""prac_math_precision"",""level_order"":1,""official_progression"":false}"
prog_prac_math_precision_L2,L2,Nivel de progresión,practice_progression_level,MAT-6-L2,Aplicar con propósito,"Aplica «Atender a la precisión» en una situación conocida, explicando decisiones básicas y usando representaciones/herramientas pertinentes.",MAT,,,,erandi,expert_synthesis,needs_expert_review,src_ccss_math,,"{""practice_id"":""prac_math_precision"",""level_order"":2,""official_progression"":false}"
prog_prac_math_precision_L3,L2,Nivel de progresión,practice_progression_level,MAT-6-L3,"Seleccionar, justificar y revisar","Usa «Atender a la precisión» con mayor autonomía; selecciona estrategias, justifica decisiones y revisa su trabajo frente a criterios, evidencia o retroalimentación.",MAT,,,,erandi,expert_synthesis,needs_expert_review,src_ccss_math,,"{""practice_id"":""prac_math_precision"",""level_order"":3,""official_progression"":false}"
prog_prac_math_structure_L1,L2,Nivel de progresión,practice_progression_level,MAT-7-L1,Participar con apoyo,"Participa en la práctica «Buscar y usar estructura» con apoyos explícitos, ejemplos o una estructura provista.",MAT,,,,erandi,expert_synthesis,needs_expert_review,src_ccss_math,,"{""practice_id"":""prac_math_structure"",""level_order"":1,""official_progression"":false}"
prog_prac_math_structure_L2,L2,Nivel de progresión,practice_progression_level,MAT-7-L2,Aplicar con propósito,"Aplica «Buscar y usar estructura» en una situación conocida, explicando decisiones básicas y usando representaciones/herramientas pertinentes.",MAT,,,,erandi,expert_synthesis,needs_expert_review,src_ccss_math,,"{""practice_id"":""prac_math_structure"",""level_order"":2,""official_progression"":false}"
prog_prac_math_structure_L3,L2,Nivel de progresión,practice_progression_level,MAT-7-L3,"Seleccionar, justificar y revisar","Usa «Buscar y usar estructura» con mayor autonomía; selecciona estrategias, justifica decisiones y revisa su trabajo frente a criterios, evidencia o retroalimentación.",MAT,,,,erandi,expert_synthesis,needs_expert_review,src_ccss_math,,"{""practice_id"":""prac_math_structure"",""level_order"":3,""official_progression"":false}"
prog_prac_math_regularity_L1,L2,Nivel de progresión,practice_progression_level,MAT-8-L1,Participar con apoyo,"Participa en la práctica «Buscar regularidad en razonamientos repetidos» con apoyos explícitos, ejemplos o una estructura provista.",MAT,,,,erandi,expert_synthesis,needs_expert_review,src_ccss_math,,"{""practice_id"":""prac_math_regularity"",""level_order"":1,""official_progression"":false}"
prog_prac_math_regularity_L2,L2,Nivel de progresión,practice_progression_level,MAT-8-L2,Aplicar con propósito,"Aplica «Buscar regularidad en razonamientos repetidos» en una situación conocida, explicando decisiones básicas y usando representaciones/herramientas pertinentes.",MAT,,,,erandi,expert_synthesis,needs_expert_review,src_ccss_math,,"{""practice_id"":""prac_math_regularity"",""level_order"":2,""official_progression"":false}"
prog_prac_math_regularity_L3,L2,Nivel de progresión,practice_progression_level,MAT-8-L3,"Seleccionar, justificar y revisar","Usa «Buscar regularidad en razonamientos repetidos» con mayor autonomía; selecciona estrategias, justifica decisiones y revisa su trabajo frente a criterios, evidencia o retroalimentación.",MAT,,,,erandi,expert_synthesis,needs_expert_review,src_ccss_math,,"{""practice_id"":""prac_math_regularity"",""level_order"":3,""official_progression"":false}"
prog_prac_cs_positive_impact_L1,L2,Nivel de progresión,practice_progression_level,TEC-1-L1,Participar con apoyo,"Participa en la práctica «Usar la computación para un impacto social positivo» con apoyos explícitos, ejemplos o una estructura provista.",TEC,,,,erandi,expert_synthesis,needs_expert_review,src_csta_2026,,"{""practice_id"":""prac_cs_positive_impact"",""level_order"":1,""official_progression"":false}"
prog_prac_cs_positive_impact_L2,L2,Nivel de progresión,practice_progression_level,TEC-1-L2,Aplicar con propósito,"Aplica «Usar la computación para un impacto social positivo» en una situación conocida, explicando decisiones básicas y usando representaciones/herramientas pertinentes.",TEC,,,,erandi,expert_synthesis,needs_expert_review,src_csta_2026,,"{""practice_id"":""prac_cs_positive_impact"",""level_order"":2,""official_progression"":false}"
prog_prac_cs_positive_impact_L3,L2,Nivel de progresión,practice_progression_level,TEC-1-L3,"Seleccionar, justificar y revisar","Usa «Usar la computación para un impacto social positivo» con mayor autonomía; selecciona estrategias, justifica decisiones y revisa su trabajo frente a criterios, evidencia o retroalimentación.",TEC,,,,erandi,expert_synthesis,needs_expert_review,src_csta_2026,,"{""practice_id"":""prac_cs_positive_impact"",""level_order"":3,""official_progression"":false}"
prog_prac_cs_rights_dignity_L1,L2,Nivel de progresión,practice_progression_level,TEC-2-L1,Participar con apoyo,"Participa en la práctica «Respetar derechos, privacidad y dignidad» con apoyos explícitos, ejemplos o una estructura provista.",TEC,,,,erandi,expert_synthesis,needs_expert_review,src_csta_2026,,"{""practice_id"":""prac_cs_rights_dignity"",""level_order"":1,""official_progression"":false}"
prog_prac_cs_rights_dignity_L2,L2,Nivel de progresión,practice_progression_level,TEC-2-L2,Aplicar con propósito,"Aplica «Respetar derechos, privacidad y dignidad» en una situación conocida, explicando decisiones básicas y usando representaciones/herramientas pertinentes.",TEC,,,,erandi,expert_synthesis,needs_expert_review,src_csta_2026,,"{""practice_id"":""prac_cs_rights_dignity"",""level_order"":2,""official_progression"":false}"
prog_prac_cs_rights_dignity_L3,L2,Nivel de progresión,practice_progression_level,TEC-2-L3,"Seleccionar, justificar y revisar","Usa «Respetar derechos, privacidad y dignidad» con mayor autonomía; selecciona estrategias, justifica decisiones y revisa su trabajo frente a criterios, evidencia o retroalimentación.",TEC,,,,erandi,expert_synthesis,needs_expert_review,src_csta_2026,,"{""practice_id"":""prac_cs_rights_dignity"",""level_order"":3,""official_progression"":false}"
prog_prac_cs_communicate_L1,L2,Nivel de progresión,practice_progression_level,TEC-3-L1,Participar con apoyo,"Participa en la práctica «Comunicar eficazmente sobre computación» con apoyos explícitos, ejemplos o una estructura provista.",TEC,,,,erandi,expert_synthesis,needs_expert_review,src_csta_2026,,"{""practice_id"":""prac_cs_communicate"",""level_order"":1,""official_progression"":false}"
prog_prac_cs_communicate_L2,L2,Nivel de progresión,practice_progression_level,TEC-3-L2,Aplicar con propósito,"Aplica «Comunicar eficazmente sobre computación» en una situación conocida, explicando decisiones básicas y usando representaciones/herramientas pertinentes.",TEC,,,,erandi,expert_synthesis,needs_expert_review,src_csta_2026,,"{""practice_id"":""prac_cs_communicate"",""level_order"":2,""official_progression"":false}"
prog_prac_cs_communicate_L3,L2,Nivel de progresión,practice_progression_level,TEC-3-L3,"Seleccionar, justificar y revisar","Usa «Comunicar eficazmente sobre computación» con mayor autonomía; selecciona estrategias, justifica decisiones y revisa su trabajo frente a criterios, evidencia o retroalimentación.",TEC,,,,erandi,expert_synthesis,needs_expert_review,src_csta_2026,,"{""practice_id"":""prac_cs_communicate"",""level_order"":3,""official_progression"":false}"
prog_prac_cs_manage_L1,L2,Nivel de progresión,practice_progression_level,TEC-4-L1,Participar con apoyo,"Participa en la práctica «Gestionar proyectos computacionales» con apoyos explícitos, ejemplos o una estructura provista.",TEC,,,,erandi,expert_synthesis,needs_expert_review,src_csta_2026,,"{""practice_id"":""prac_cs_manage"",""level_order"":1,""official_progression"":false}"
prog_prac_cs_manage_L2,L2,Nivel de progresión,practice_progression_level,TEC-4-L2,Aplicar con propósito,"Aplica «Gestionar proyectos computacionales» en una situación conocida, explicando decisiones básicas y usando representaciones/herramientas pertinentes.",TEC,,,,erandi,expert_synthesis,needs_expert_review,src_csta_2026,,"{""practice_id"":""prac_cs_manage"",""level_order"":2,""official_progression"":false}"
prog_prac_cs_manage_L3,L2,Nivel de progresión,practice_progression_level,TEC-4-L3,"Seleccionar, justificar y revisar","Usa «Gestionar proyectos computacionales» con mayor autonomía; selecciona estrategias, justifica decisiones y revisa su trabajo frente a criterios, evidencia o retroalimentación.",TEC,,,,erandi,expert_synthesis,needs_expert_review,src_csta_2026,,"{""practice_id"":""prac_cs_manage"",""level_order"":3,""official_progression"":false}"
prog_prac_cs_collaborate_L1,L2,Nivel de progresión,practice_progression_level,TEC-5-L1,Participar con apoyo,"Participa en la práctica «Participar responsablemente en colaboraciones computacionales» con apoyos explícitos, ejemplos o una estructura provista.",TEC,,,,erandi,expert_synthesis,needs_expert_review,src_csta_2026,,"{""practice_id"":""prac_cs_collaborate"",""level_order"":1,""official_progression"":false}"
prog_prac_cs_collaborate_L2,L2,Nivel de progresión,practice_progression_level,TEC-5-L2,Aplicar con propósito,"Aplica «Participar responsablemente en colaboraciones computacionales» en una situación conocida, explicando decisiones básicas y usando representaciones/herramientas pertinentes.",TEC,,,,erandi,expert_synthesis,needs_expert_review,src_csta_2026,,"{""practice_id"":""prac_cs_collaborate"",""level_order"":2,""official_progression"":false}"
prog_prac_cs_collaborate_L3,L2,Nivel de progresión,practice_progression_level,TEC-5-L3,"Seleccionar, justificar y revisar","Usa «Participar responsablemente en colaboraciones computacionales» con mayor autonomía; selecciona estrategias, justifica decisiones y revisa su trabajo frente a criterios, evidencia o retroalimentación.",TEC,,,,erandi,expert_synthesis,needs_expert_review,src_csta_2026,,"{""practice_id"":""prac_cs_collaborate"",""level_order"":3,""official_progression"":false}"
prog_prac_cs_define_problem_L1,L2,Nivel de progresión,practice_progression_level,TEC-6-L1,Participar con apoyo,"Participa en la práctica «Reconocer y definir problemas computacionales» con apoyos explícitos, ejemplos o una estructura provista.",TEC,,,,erandi,expert_synthesis,needs_expert_review,src_csta_2026,,"{""practice_id"":""prac_cs_define_problem"",""level_order"":1,""official_progression"":false}"
prog_prac_cs_define_problem_L2,L2,Nivel de progresión,practice_progression_level,TEC-6-L2,Aplicar con propósito,"Aplica «Reconocer y definir problemas computacionales» en una situación conocida, explicando decisiones básicas y usando representaciones/herramientas pertinentes.",TEC,,,,erandi,expert_synthesis,needs_expert_review,src_csta_2026,,"{""practice_id"":""prac_cs_define_problem"",""level_order"":2,""official_progression"":false}"
prog_prac_cs_define_problem_L3,L2,Nivel de progresión,practice_progression_level,TEC-6-L3,"Seleccionar, justificar y revisar","Usa «Reconocer y definir problemas computacionales» con mayor autonomía; selecciona estrategias, justifica decisiones y revisa su trabajo frente a criterios, evidencia o retroalimentación.",TEC,,,,erandi,expert_synthesis,needs_expert_review,src_csta_2026,,"{""practice_id"":""prac_cs_define_problem"",""level_order"":3,""official_progression"":false}"
prog_prac_cs_abstraction_L1,L2,Nivel de progresión,practice_progression_level,TEC-7-L1,Participar con apoyo,"Participa en la práctica «Desarrollar y usar abstracciones» con apoyos explícitos, ejemplos o una estructura provista.",TEC,,,,erandi,expert_synthesis,needs_expert_review,src_csta_2026,,"{""practice_id"":""prac_cs_abstraction"",""level_order"":1,""official_progression"":false}"
prog_prac_cs_abstraction_L2,L2,Nivel de progresión,practice_progression_level,TEC-7-L2,Aplicar con propósito,"Aplica «Desarrollar y usar abstracciones» en una situación conocida, explicando decisiones básicas y usando representaciones/herramientas pertinentes.",TEC,,,,erandi,expert_synthesis,needs_expert_review,src_csta_2026,,"{""practice_id"":""prac_cs_abstraction"",""level_order"":2,""official_progression"":false}"
prog_prac_cs_abstraction_L3,L2,Nivel de progresión,practice_progression_level,TEC-7-L3,"Seleccionar, justificar y revisar","Usa «Desarrollar y usar abstracciones» con mayor autonomía; selecciona estrategias, justifica decisiones y revisa su trabajo frente a criterios, evidencia o retroalimentación.",TEC,,,,erandi,expert_synthesis,needs_expert_review,src_csta_2026,,"{""practice_id"":""prac_cs_abstraction"",""level_order"":3,""official_progression"":false}"
prog_prac_cs_create_L1,L2,Nivel de progresión,practice_progression_level,TEC-8-L1,Participar con apoyo,"Participa en la práctica «Crear productos computacionales» con apoyos explícitos, ejemplos o una estructura provista.",TEC,,,,erandi,expert_synthesis,needs_expert_review,src_csta_2026,,"{""practice_id"":""prac_cs_create"",""level_order"":1,""official_progression"":false}"
prog_prac_cs_create_L2,L2,Nivel de progresión,practice_progression_level,TEC-8-L2,Aplicar con propósito,"Aplica «Crear productos computacionales» en una situación conocida, explicando decisiones básicas y usando representaciones/herramientas pertinentes.",TEC,,,,erandi,expert_synthesis,needs_expert_review,src_csta_2026,,"{""practice_id"":""prac_cs_create"",""level_order"":2,""official_progression"":false}"
prog_prac_cs_create_L3,L2,Nivel de progresión,practice_progression_level,TEC-8-L3,"Seleccionar, justificar y revisar","Usa «Crear productos computacionales» con mayor autonomía; selecciona estrategias, justifica decisiones y revisa su trabajo frente a criterios, evidencia o retroalimentación.",TEC,,,,erandi,expert_synthesis,needs_expert_review,src_csta_2026,,"{""practice_id"":""prac_cs_create"",""level_order"":3,""official_progression"":false}"
prog_prac_cs_test_refine_L1,L2,Nivel de progresión,practice_progression_level,TEC-9-L1,Participar con apoyo,"Participa en la práctica «Probar y refinar productos computacionales» con apoyos explícitos, ejemplos o una estructura provista.",TEC,,,,erandi,expert_synthesis,needs_expert_review,src_csta_2026,,"{""practice_id"":""prac_cs_test_refine"",""level_order"":1,""official_progression"":false}"
prog_prac_cs_test_refine_L2,L2,Nivel de progresión,practice_progression_level,TEC-9-L2,Aplicar con propósito,"Aplica «Probar y refinar productos computacionales» en una situación conocida, explicando decisiones básicas y usando representaciones/herramientas pertinentes.",TEC,,,,erandi,expert_synthesis,needs_expert_review,src_csta_2026,,"{""practice_id"":""prac_cs_test_refine"",""level_order"":2,""official_progression"":false}"
prog_prac_cs_test_refine_L3,L2,Nivel de progresión,practice_progression_level,TEC-9-L3,"Seleccionar, justificar y revisar","Usa «Probar y refinar productos computacionales» con mayor autonomía; selecciona estrategias, justifica decisiones y revisa su trabajo frente a criterios, evidencia o retroalimentación.",TEC,,,,erandi,expert_synthesis,needs_expert_review,src_csta_2026,,"{""practice_id"":""prac_cs_test_refine"",""level_order"":3,""official_progression"":false}"
prog_prac_cs_users_L1,L2,Nivel de progresión,practice_progression_level,TEC-10-L1,Participar con apoyo,"Participa en la práctica «Comprender e involucrar a usuarios diversos» con apoyos explícitos, ejemplos o una estructura provista.",TEC,,,,erandi,expert_synthesis,needs_expert_review,src_csta_2026,,"{""practice_id"":""prac_cs_users"",""level_order"":1,""official_progression"":false}"
prog_prac_cs_users_L2,L2,Nivel de progresión,practice_progression_level,TEC-10-L2,Aplicar con propósito,"Aplica «Comprender e involucrar a usuarios diversos» en una situación conocida, explicando decisiones básicas y usando representaciones/herramientas pertinentes.",TEC,,,,erandi,expert_synthesis,needs_expert_review,src_csta_2026,,"{""practice_id"":""prac_cs_users"",""level_order"":2,""official_progression"":false}"
prog_prac_cs_users_L3,L2,Nivel de progresión,practice_progression_level,TEC-10-L3,"Seleccionar, justificar y revisar","Usa «Comprender e involucrar a usuarios diversos» con mayor autonomía; selecciona estrategias, justifica decisiones y revisa su trabajo frente a criterios, evidencia o retroalimentación.",TEC,,,,erandi,expert_synthesis,needs_expert_review,src_csta_2026,,"{""practice_id"":""prac_cs_users"",""level_order"":3,""official_progression"":false}"
prog_prac_cs_iterative_design_L1,L2,Nivel de progresión,practice_progression_level,TEC-11-L1,Participar con apoyo,"Participa en la práctica «Aplicar procesos iterativos de diseño» con apoyos explícitos, ejemplos o una estructura provista.",TEC,,,,erandi,expert_synthesis,needs_expert_review,src_csta_2026,,"{""practice_id"":""prac_cs_iterative_design"",""level_order"":1,""official_progression"":false}"
prog_prac_cs_iterative_design_L2,L2,Nivel de progresión,practice_progression_level,TEC-11-L2,Aplicar con propósito,"Aplica «Aplicar procesos iterativos de diseño» en una situación conocida, explicando decisiones básicas y usando representaciones/herramientas pertinentes.",TEC,,,,erandi,expert_synthesis,needs_expert_review,src_csta_2026,,"{""practice_id"":""prac_cs_iterative_design"",""level_order"":2,""official_progression"":false}"
prog_prac_cs_iterative_design_L3,L2,Nivel de progresión,practice_progression_level,TEC-11-L3,"Seleccionar, justificar y revisar","Usa «Aplicar procesos iterativos de diseño» con mayor autonomía; selecciona estrategias, justifica decisiones y revisa su trabajo frente a criterios, evidencia o retroalimentación.",TEC,,,,erandi,expert_synthesis,needs_expert_review,src_csta_2026,,"{""practice_id"":""prac_cs_iterative_design"",""level_order"":3,""official_progression"":false}"
prog_prac_cs_empower_L1,L2,Nivel de progresión,practice_progression_level,TEC-12-L1,Participar con apoyo,"Participa en la práctica «Crear tecnologías que empoderen e informen» con apoyos explícitos, ejemplos o una estructura provista.",TEC,,,,erandi,expert_synthesis,needs_expert_review,src_csta_2026,,"{""practice_id"":""prac_cs_empower"",""level_order"":1,""official_progression"":false}"
prog_prac_cs_empower_L2,L2,Nivel de progresión,practice_progression_level,TEC-12-L2,Aplicar con propósito,"Aplica «Crear tecnologías que empoderen e informen» en una situación conocida, explicando decisiones básicas y usando representaciones/herramientas pertinentes.",TEC,,,,erandi,expert_synthesis,needs_expert_review,src_csta_2026,,"{""practice_id"":""prac_cs_empower"",""level_order"":2,""official_progression"":false}"
prog_prac_cs_empower_L3,L2,Nivel de progresión,practice_progression_level,TEC-12-L3,"Seleccionar, justificar y revisar","Usa «Crear tecnologías que empoderen e informen» con mayor autonomía; selecciona estrategias, justifica decisiones y revisa su trabajo frente a criterios, evidencia o retroalimentación.",TEC,,,,erandi,expert_synthesis,needs_expert_review,src_csta_2026,,"{""practice_id"":""prac_cs_empower"",""level_order"":3,""official_progression"":false}"
prog_prac_art_generate_L1,L2,Nivel de progresión,practice_progression_level,ART-1-L1,Participar con apoyo,"Participa en la práctica «Generar y conceptualizar ideas artísticas» con apoyos explícitos, ejemplos o una estructura provista.",ART,,,,erandi,expert_synthesis,needs_expert_review,src_ncas,,"{""practice_id"":""prac_art_generate"",""level_order"":1,""official_progression"":false}"
prog_prac_art_generate_L2,L2,Nivel de progresión,practice_progression_level,ART-1-L2,Aplicar con propósito,"Aplica «Generar y conceptualizar ideas artísticas» en una situación conocida, explicando decisiones básicas y usando representaciones/herramientas pertinentes.",ART,,,,erandi,expert_synthesis,needs_expert_review,src_ncas,,"{""practice_id"":""prac_art_generate"",""level_order"":2,""official_progression"":false}"
prog_prac_art_generate_L3,L2,Nivel de progresión,practice_progression_level,ART-1-L3,"Seleccionar, justificar y revisar","Usa «Generar y conceptualizar ideas artísticas» con mayor autonomía; selecciona estrategias, justifica decisiones y revisa su trabajo frente a criterios, evidencia o retroalimentación.",ART,,,,erandi,expert_synthesis,needs_expert_review,src_ncas,,"{""practice_id"":""prac_art_generate"",""level_order"":3,""official_progression"":false}"
prog_prac_art_develop_L1,L2,Nivel de progresión,practice_progression_level,ART-2-L1,Participar con apoyo,"Participa en la práctica «Organizar y desarrollar ideas y trabajo» con apoyos explícitos, ejemplos o una estructura provista.",ART,,,,erandi,expert_synthesis,needs_expert_review,src_ncas,,"{""practice_id"":""prac_art_develop"",""level_order"":1,""official_progression"":false}"
prog_prac_art_develop_L2,L2,Nivel de progresión,practice_progression_level,ART-2-L2,Aplicar con propósito,"Aplica «Organizar y desarrollar ideas y trabajo» en una situación conocida, explicando decisiones básicas y usando representaciones/herramientas pertinentes.",ART,,,,erandi,expert_synthesis,needs_expert_review,src_ncas,,"{""practice_id"":""prac_art_develop"",""level_order"":2,""official_progression"":false}"
prog_prac_art_develop_L3,L2,Nivel de progresión,practice_progression_level,ART-2-L3,"Seleccionar, justificar y revisar","Usa «Organizar y desarrollar ideas y trabajo» con mayor autonomía; selecciona estrategias, justifica decisiones y revisa su trabajo frente a criterios, evidencia o retroalimentación.",ART,,,,erandi,expert_synthesis,needs_expert_review,src_ncas,,"{""practice_id"":""prac_art_develop"",""level_order"":3,""official_progression"":false}"
prog_prac_art_refine_L1,L2,Nivel de progresión,practice_progression_level,ART-3-L1,Participar con apoyo,"Participa en la práctica «Refinar y completar trabajo» con apoyos explícitos, ejemplos o una estructura provista.",ART,,,,erandi,expert_synthesis,needs_expert_review,src_ncas,,"{""practice_id"":""prac_art_refine"",""level_order"":1,""official_progression"":false}"
prog_prac_art_refine_L2,L2,Nivel de progresión,practice_progression_level,ART-3-L2,Aplicar con propósito,"Aplica «Refinar y completar trabajo» en una situación conocida, explicando decisiones básicas y usando representaciones/herramientas pertinentes.",ART,,,,erandi,expert_synthesis,needs_expert_review,src_ncas,,"{""practice_id"":""prac_art_refine"",""level_order"":2,""official_progression"":false}"
prog_prac_art_refine_L3,L2,Nivel de progresión,practice_progression_level,ART-3-L3,"Seleccionar, justificar y revisar","Usa «Refinar y completar trabajo» con mayor autonomía; selecciona estrategias, justifica decisiones y revisa su trabajo frente a criterios, evidencia o retroalimentación.",ART,,,,erandi,expert_synthesis,needs_expert_review,src_ncas,,"{""practice_id"":""prac_art_refine"",""level_order"":3,""official_progression"":false}"
prog_prac_art_select_present_L1,L2,Nivel de progresión,practice_progression_level,ART-4-L1,Participar con apoyo,"Participa en la práctica «Seleccionar trabajo para presentar» con apoyos explícitos, ejemplos o una estructura provista.",ART,,,,erandi,expert_synthesis,needs_expert_review,src_ncas,,"{""practice_id"":""prac_art_select_present"",""level_order"":1,""official_progression"":false}"
prog_prac_art_select_present_L2,L2,Nivel de progresión,practice_progression_level,ART-4-L2,Aplicar con propósito,"Aplica «Seleccionar trabajo para presentar» en una situación conocida, explicando decisiones básicas y usando representaciones/herramientas pertinentes.",ART,,,,erandi,expert_synthesis,needs_expert_review,src_ncas,,"{""practice_id"":""prac_art_select_present"",""level_order"":2,""official_progression"":false}"
prog_prac_art_select_present_L3,L2,Nivel de progresión,practice_progression_level,ART-4-L3,"Seleccionar, justificar y revisar","Usa «Seleccionar trabajo para presentar» con mayor autonomía; selecciona estrategias, justifica decisiones y revisa su trabajo frente a criterios, evidencia o retroalimentación.",ART,,,,erandi,expert_synthesis,needs_expert_review,src_ncas,,"{""practice_id"":""prac_art_select_present"",""level_order"":3,""official_progression"":false}"
prog_prac_art_prepare_present_L1,L2,Nivel de progresión,practice_progression_level,ART-5-L1,Participar con apoyo,"Participa en la práctica «Desarrollar y refinar para presentación» con apoyos explícitos, ejemplos o una estructura provista.",ART,,,,erandi,expert_synthesis,needs_expert_review,src_ncas,,"{""practice_id"":""prac_art_prepare_present"",""level_order"":1,""official_progression"":false}"
prog_prac_art_prepare_present_L2,L2,Nivel de progresión,practice_progression_level,ART-5-L2,Aplicar con propósito,"Aplica «Desarrollar y refinar para presentación» en una situación conocida, explicando decisiones básicas y usando representaciones/herramientas pertinentes.",ART,,,,erandi,expert_synthesis,needs_expert_review,src_ncas,,"{""practice_id"":""prac_art_prepare_present"",""level_order"":2,""official_progression"":false}"
prog_prac_art_prepare_present_L3,L2,Nivel de progresión,practice_progression_level,ART-5-L3,"Seleccionar, justificar y revisar","Usa «Desarrollar y refinar para presentación» con mayor autonomía; selecciona estrategias, justifica decisiones y revisa su trabajo frente a criterios, evidencia o retroalimentación.",ART,,,,erandi,expert_synthesis,needs_expert_review,src_ncas,,"{""practice_id"":""prac_art_prepare_present"",""level_order"":3,""official_progression"":false}"
prog_prac_art_convey_L1,L2,Nivel de progresión,practice_progression_level,ART-6-L1,Participar con apoyo,"Participa en la práctica «Transmitir significado mediante la presentación» con apoyos explícitos, ejemplos o una estructura provista.",ART,,,,erandi,expert_synthesis,needs_expert_review,src_ncas,,"{""practice_id"":""prac_art_convey"",""level_order"":1,""official_progression"":false}"
prog_prac_art_convey_L2,L2,Nivel de progresión,practice_progression_level,ART-6-L2,Aplicar con propósito,"Aplica «Transmitir significado mediante la presentación» en una situación conocida, explicando decisiones básicas y usando representaciones/herramientas pertinentes.",ART,,,,erandi,expert_synthesis,needs_expert_review,src_ncas,,"{""practice_id"":""prac_art_convey"",""level_order"":2,""official_progression"":false}"
prog_prac_art_convey_L3,L2,Nivel de progresión,practice_progression_level,ART-6-L3,"Seleccionar, justificar y revisar","Usa «Transmitir significado mediante la presentación» con mayor autonomía; selecciona estrategias, justifica decisiones y revisa su trabajo frente a criterios, evidencia o retroalimentación.",ART,,,,erandi,expert_synthesis,needs_expert_review,src_ncas,,"{""practice_id"":""prac_art_convey"",""level_order"":3,""official_progression"":false}"
prog_prac_art_perceive_L1,L2,Nivel de progresión,practice_progression_level,ART-7-L1,Participar con apoyo,"Participa en la práctica «Percibir y analizar trabajo artístico» con apoyos explícitos, ejemplos o una estructura provista.",ART,,,,erandi,expert_synthesis,needs_expert_review,src_ncas,,"{""practice_id"":""prac_art_perceive"",""level_order"":1,""official_progression"":false}"
prog_prac_art_perceive_L2,L2,Nivel de progresión,practice_progression_level,ART-7-L2,Aplicar con propósito,"Aplica «Percibir y analizar trabajo artístico» en una situación conocida, explicando decisiones básicas y usando representaciones/herramientas pertinentes.",ART,,,,erandi,expert_synthesis,needs_expert_review,src_ncas,,"{""practice_id"":""prac_art_perceive"",""level_order"":2,""official_progression"":false}"
prog_prac_art_perceive_L3,L2,Nivel de progresión,practice_progression_level,ART-7-L3,"Seleccionar, justificar y revisar","Usa «Percibir y analizar trabajo artístico» con mayor autonomía; selecciona estrategias, justifica decisiones y revisa su trabajo frente a criterios, evidencia o retroalimentación.",ART,,,,erandi,expert_synthesis,needs_expert_review,src_ncas,,"{""practice_id"":""prac_art_perceive"",""level_order"":3,""official_progression"":false}"
prog_prac_art_interpret_L1,L2,Nivel de progresión,practice_progression_level,ART-8-L1,Participar con apoyo,"Participa en la práctica «Interpretar intención y significado» con apoyos explícitos, ejemplos o una estructura provista.",ART,,,,erandi,expert_synthesis,needs_expert_review,src_ncas,,"{""practice_id"":""prac_art_interpret"",""level_order"":1,""official_progression"":false}"
prog_prac_art_interpret_L2,L2,Nivel de progresión,practice_progression_level,ART-8-L2,Aplicar con propósito,"Aplica «Interpretar intención y significado» en una situación conocida, explicando decisiones básicas y usando representaciones/herramientas pertinentes.",ART,,,,erandi,expert_synthesis,needs_expert_review,src_ncas,,"{""practice_id"":""prac_art_interpret"",""level_order"":2,""official_progression"":false}"
prog_prac_art_interpret_L3,L2,Nivel de progresión,practice_progression_level,ART-8-L3,"Seleccionar, justificar y revisar","Usa «Interpretar intención y significado» con mayor autonomía; selecciona estrategias, justifica decisiones y revisa su trabajo frente a criterios, evidencia o retroalimentación.",ART,,,,erandi,expert_synthesis,needs_expert_review,src_ncas,,"{""practice_id"":""prac_art_interpret"",""level_order"":3,""official_progression"":false}"
prog_prac_art_evaluate_L1,L2,Nivel de progresión,practice_progression_level,ART-9-L1,Participar con apoyo,"Participa en la práctica «Aplicar criterios para evaluar» con apoyos explícitos, ejemplos o una estructura provista.",ART,,,,erandi,expert_synthesis,needs_expert_review,src_ncas,,"{""practice_id"":""prac_art_evaluate"",""level_order"":1,""official_progression"":false}"
prog_prac_art_evaluate_L2,L2,Nivel de progresión,practice_progression_level,ART-9-L2,Aplicar con propósito,"Aplica «Aplicar criterios para evaluar» en una situación conocida, explicando decisiones básicas y usando representaciones/herramientas pertinentes.",ART,,,,erandi,expert_synthesis,needs_expert_review,src_ncas,,"{""practice_id"":""prac_art_evaluate"",""level_order"":2,""official_progression"":false}"
prog_prac_art_evaluate_L3,L2,Nivel de progresión,practice_progression_level,ART-9-L3,"Seleccionar, justificar y revisar","Usa «Aplicar criterios para evaluar» con mayor autonomía; selecciona estrategias, justifica decisiones y revisa su trabajo frente a criterios, evidencia o retroalimentación.",ART,,,,erandi,expert_synthesis,needs_expert_review,src_ncas,,"{""practice_id"":""prac_art_evaluate"",""level_order"":3,""official_progression"":false}"
prog_prac_art_connect_personal_L1,L2,Nivel de progresión,practice_progression_level,ART-10-L1,Participar con apoyo,"Participa en la práctica «Conectar conocimiento y experiencias personales» con apoyos explícitos, ejemplos o una estructura provista.",ART,,,,erandi,expert_synthesis,needs_expert_review,src_ncas,,"{""practice_id"":""prac_art_connect_personal"",""level_order"":1,""official_progression"":false}"
prog_prac_art_connect_personal_L2,L2,Nivel de progresión,practice_progression_level,ART-10-L2,Aplicar con propósito,"Aplica «Conectar conocimiento y experiencias personales» en una situación conocida, explicando decisiones básicas y usando representaciones/herramientas pertinentes.",ART,,,,erandi,expert_synthesis,needs_expert_review,src_ncas,,"{""practice_id"":""prac_art_connect_personal"",""level_order"":2,""official_progression"":false}"
prog_prac_art_connect_personal_L3,L2,Nivel de progresión,practice_progression_level,ART-10-L3,"Seleccionar, justificar y revisar","Usa «Conectar conocimiento y experiencias personales» con mayor autonomía; selecciona estrategias, justifica decisiones y revisa su trabajo frente a criterios, evidencia o retroalimentación.",ART,,,,erandi,expert_synthesis,needs_expert_review,src_ncas,,"{""practice_id"":""prac_art_connect_personal"",""level_order"":3,""official_progression"":false}"
prog_prac_art_connect_context_L1,L2,Nivel de progresión,practice_progression_level,ART-11-L1,Participar con apoyo,"Participa en la práctica «Conectar arte con contextos sociales, culturales e históricos» con apoyos explícitos, ejemplos o una estructura provista.",ART,,,,erandi,expert_synthesis,needs_expert_review,src_ncas,,"{""practice_id"":""prac_art_connect_context"",""level_order"":1,""official_progression"":false}"
prog_prac_art_connect_context_L2,L2,Nivel de progresión,practice_progression_level,ART-11-L2,Aplicar con propósito,"Aplica «Conectar arte con contextos sociales, culturales e históricos» en una situación conocida, explicando decisiones básicas y usando representaciones/herramientas pertinentes.",ART,,,,erandi,expert_synthesis,needs_expert_review,src_ncas,,"{""practice_id"":""prac_art_connect_context"",""level_order"":2,""official_progression"":false}"
prog_prac_art_connect_context_L3,L2,Nivel de progresión,practice_progression_level,ART-11-L3,"Seleccionar, justificar y revisar","Usa «Conectar arte con contextos sociales, culturales e históricos» con mayor autonomía; selecciona estrategias, justifica decisiones y revisa su trabajo frente a criterios, evidencia o retroalimentación.",ART,,,,erandi,expert_synthesis,needs_expert_review,src_ncas,,"{""practice_id"":""prac_art_connect_context"",""level_order"":3,""official_progression"":false}"
devband_middle_primary,L3,Banda de desarrollo,developmental_band,DEV-3B,Primaria media / 3° Básico,"Referencia de diseño para aproximadamente 8–9 años: mantener rigor intelectual con fenómenos concretos, representaciones múltiples, instrucciones segmentadas y andamiaje contingente.",,,3B,,erandi,expert_synthesis,needs_expert_review,src_naeyc_dap,src_nap_prek5_science;src_mineduc_cn03,"{""age_proxy"":""aprox. 8–9"",""warning"":""La edad/curso es un prior de diseño, no una etiqueta de capacidad individual.""}"
udl_choice,L3,Consideración DUA,udl_consideration,DUA 7.1,Optimizar elección y autonomía,Ofrecer opciones auténticas cuando no alteran la meta de aprendizaje.,,,,,external_framework,research_framework,verified_external,src_cast_udl3,,{}
udl_relevance,L3,Consideración DUA,udl_consideration,DUA 7.2,"Optimizar relevancia, valor y autenticidad","Conectar la experiencia con fenómenos, intereses y contextos significativos.",,,,,external_framework,research_framework,verified_external,src_cast_udl3,,{}
udl_collab,L3,Consideración DUA,udl_consideration,DUA 8.3,"Fomentar colaboración, interdependencia y aprendizaje colectivo",Estructurar colaboración para que las contribuciones sean accesibles y significativas.,,,,,external_framework,research_framework,verified_external,src_cast_udl3,,{}
udl_feedback,L3,Consideración DUA,udl_consideration,DUA 8.5,Ofrecer retroalimentación orientada a la acción,Dar feedback que indique próximos pasos y apoye agencia.,,,,,external_framework,research_framework,verified_external,src_cast_udl3,,{}
udl_prior,L3,Consideración DUA,udl_consideration,DUA 3.1,Conectar conocimiento previo con nuevo aprendizaje,Activar y hacer visible lo que los estudiantes ya saben o creen.,,,,,external_framework,research_framework,verified_external,src_cast_udl3,,{}
udl_patterns,L3,Consideración DUA,udl_consideration,DUA 3.2,"Destacar patrones, rasgos críticos, ideas grandes y relaciones",Dirigir atención a información relevante sin resolver el pensamiento por el estudiante.,,,,,external_framework,research_framework,verified_external,src_cast_udl3,,{}
udl_multimedia,L3,Consideración DUA,udl_consideration,DUA 2.5,Ilustrar mediante múltiples medios,Representar ideas clave mediante más de un medio pertinente.,,,,,external_framework,research_framework,verified_external,src_cast_udl3,,{}
udl_response,L3,Consideración DUA,udl_consideration,DUA 4.1,"Variar y honrar métodos de respuesta, navegación y movimiento",Permitir distintas formas de interactuar cuando el modo no es el constructo evaluado.,,,,,external_framework,research_framework,verified_external,src_cast_udl3,,{}
udl_comm_media,L3,Consideración DUA,udl_consideration,DUA 5.1,Usar múltiples medios para comunicar,Permitir comunicar comprensión mediante formatos pertinentes a la meta.,,,,,external_framework,research_framework,verified_external,src_cast_udl3,,{}
udl_construct_tools,L3,Consideración DUA,udl_consideration,DUA 5.2,"Usar múltiples herramientas para construcción, composición y creatividad",Ofrecer herramientas variadas para construir y expresar ideas.,,,,,external_framework,research_framework,verified_external,src_cast_udl3,,{}
udl_grad_support,L3,Consideración DUA,udl_consideration,DUA 5.3,Construir fluidez con apoyos graduados,Agregar y retirar apoyos según la necesidad y la evidencia.,,,,,external_framework,research_framework,verified_external,src_cast_udl3,,{}
udl_organize,L3,Consideración DUA,udl_consideration,DUA 6.3,Organizar información y recursos,"Reducir carga de gestión mediante estructuras visibles, pasos y recursos organizados.",,,,,external_framework,research_framework,verified_external,src_cast_udl3,,{}
udl_monitor,L3,Consideración DUA,udl_consideration,DUA 6.4,Fortalecer monitoreo del progreso,"Hacer visible el objetivo, evidencia y avance para apoyar autorregulación.",,,,,external_framework,research_framework,verified_external,src_cast_udl3,,{}
move_initial_model,L3,Movimiento pedagógico,pedagogical_move,PED-INITIAL_MODEL,Modelo inicial,Hacer visible la representación inicial del fenómeno antes de instrucción extensa.,,,,,erandi,research_informed_synthesis,needs_expert_review,src_nap_prek5_science,src_wood_bruner_ross;src_cast_udl3;src_naeyc_dap,"{""move_type"":""elicitation"",""use_when"":""Útil para conocimiento previo, relaciones causales y comparación pre/post."",""avoid_when"":""No tratar el dibujo como diagnóstico total ni exigir vocabulario formal prematuramente."",""minutes_min"":10,""minutes_max"":20,""license_status"":""low""}"
move_stw,L3,Movimiento pedagógico,pedagogical_move,PED-STW,Observar–Interpretar–Preguntar (inspirado en See–Think–Wonder),Separar observación de interpretación y abrir preguntas de indagación.,,,,,external_resource,research_based_resource,needs_expert_review,src_pz_stw,src_wood_bruner_ross;src_cast_udl3;src_naeyc_dap,"{""move_type"":""thinking_routine"",""use_when"":""Útil al introducir imágenes, especímenes, fenómenos o datos ricos."",""avoid_when"":""Evitar convertir la rutina en una lista mecánica o corregir interpretaciones demasiado pronto."",""minutes_min"":8,""minutes_max"":15,""license_status"":""license_review_required""}"
move_tpe,L3,Movimiento pedagógico,pedagogical_move,PED-TPE,Pensar–Preguntarse–Explorar (inspirado en Think–Puzzle–Explore),"Activar ideas previas, identificar preguntas e imaginar rutas de exploración.",,,,,external_resource,research_based_resource,needs_expert_review,src_pz_tpe,src_wood_bruner_ross;src_cast_udl3;src_naeyc_dap,"{""move_type"":""thinking_routine"",""use_when"":""Útil al comenzar un tema o fenómeno abierto."",""avoid_when"":""No usar las ideas iniciales como evidencia de dominio; son hipótesis de partida."",""minutes_min"":10,""minutes_max"":20,""license_status"":""license_review_required""}"
move_csq,L3,Movimiento pedagógico,pedagogical_move,PED-CSQ,Afirmación–Soporte–Pregunta (inspirado en Claim–Support–Question),"Hacer explícita una afirmación, el soporte/evidencia y nuevas preguntas.",,,,,external_resource,research_based_resource,needs_expert_review,src_pz_csq,src_wood_bruner_ross;src_cast_udl3;src_naeyc_dap,"{""move_type"":""thinking_routine"",""use_when"":""Útil cuando ya existe evidencia suficiente para razonar."",""avoid_when"":""No pedir evidencia antes de haber generado/observado datos o fenómenos pertinentes."",""minutes_min"":10,""minutes_max"":20,""license_status"":""license_review_required""}"
move_ppc,L3,Movimiento pedagógico,pedagogical_move,PED-PPC,"Partes–Propósitos–Relaciones (inspirado en Parts, Purposes, Complexities para niños)","Observar un objeto/sistema, pensar qué hacen sus partes y cómo se relacionan.",,,,,external_resource,research_based_resource,needs_expert_review,src_pz_ppc,src_wood_bruner_ross;src_cast_udl3;src_naeyc_dap,"{""move_type"":""thinking_routine"",""use_when"":""Útil para sistemas, estructuras, modelos y diseño."",""avoid_when"":""Evitar complejidad terminológica; priorizar manipulación, dibujo y conversación."",""minutes_min"":10,""minutes_max"":25,""license_status"":""license_review_required""}"
move_poe,L3,Movimiento pedagógico,pedagogical_move,PED-POE,Predicción–Observación–Explicación,"Hacer una predicción, observar/medir lo que ocurre y explicar diferencias entre lo esperado y la evidencia.",,,,,erandi,research_informed_synthesis,needs_expert_review,src_poe_white_gunstone,src_wood_bruner_ross;src_cast_udl3;src_naeyc_dap,"{""move_type"":""investigation"",""use_when"":""Útil para fenómenos que pueden observarse o probarse."",""avoid_when"":""No confundir una predicción incorrecta con falta de aprendizaje; el contraste es productivo."",""minutes_min"":15,""minutes_max"":40,""license_status"":""none""}"
move_guided_investigation,L3,Movimiento pedagógico,pedagogical_move,PED-GUIDED_INVESTIGATION,Investigación guiada,"Estructurar una pregunta, procedimiento y evidencia con grados de decisión apropiados al grupo.",,,,,erandi,research_informed_synthesis,needs_expert_review,src_nap_prek5_science,src_wood_bruner_ross;src_cast_udl3;src_naeyc_dap,"{""move_type"":""investigation"",""use_when"":""Útil cuando el objetivo es participar auténticamente en indagación sin sobrecargar planificación."",""avoid_when"":""No convertirla en receta sin sentido; explicitar relación pregunta–evidencia."",""minutes_min"":25,""minutes_max"":60,""license_status"":""none""}"
move_concept_map,L3,Movimiento pedagógico,pedagogical_move,PED-CONCEPT_MAP,Mapa conceptual,Representar conceptos y relaciones mediante nodos y enlaces explícitos.,,,,,erandi,research_informed_synthesis,needs_expert_review,src_novak_canas,src_wood_bruner_ross;src_cast_udl3;src_naeyc_dap,"{""move_type"":""representation"",""use_when"":""Útil para hacer visibles relaciones y cambios en comprensión."",""avoid_when"":""No puntuar por cantidad de nodos; observar calidad y significado de relaciones."",""minutes_min"":15,""minutes_max"":30,""license_status"":""none""}"
move_worked_example,L3,Movimiento pedagógico,pedagogical_move,PED-WORKED_EXAMPLE,Ejemplo modelado/resuelto,Mostrar un proceso o representación de calidad haciendo visibles decisiones relevantes.,,,,,erandi,research_informed_synthesis,needs_expert_review,src_sweller_cooper,src_wood_bruner_ross;src_cast_udl3;src_naeyc_dap,"{""move_type"":""scaffold"",""use_when"":""Útil cuando el procedimiento o formato añade carga innecesaria para novatos."",""avoid_when"":""Evitar mantener el apoyo cuando ya no es necesario; considerar desvanecimiento."",""minutes_min"":5,""minutes_max"":15,""license_status"":""none""}"
move_self_explanation,L3,Movimiento pedagógico,pedagogical_move,PED-SELF_EXPLANATION,Autoexplicación guiada,"Pedir al estudiante explicar por qué un paso, relación o evidencia tiene sentido.",,,,,erandi,research_informed_synthesis,needs_expert_review,src_chi_selfexplanation,src_wood_bruner_ross;src_cast_udl3;src_naeyc_dap,"{""move_type"":""scaffold"",""use_when"":""Útil para conectar ejemplos, principios y razonamiento."",""avoid_when"":""Evitar prompts vagos; acotar la relación o decisión que debe explicarse."",""minutes_min"":5,""minutes_max"":15,""license_status"":""none""}"
move_peer_critique,L3,Movimiento pedagógico,pedagogical_move,PED-PEER_CRITIQUE,Crítica entre pares con criterios,Comparar trabajo con criterios y ofrecer retroalimentación específica para revisar.,,,,,erandi,research_informed_synthesis,needs_expert_review,src_black_wiliam,src_wood_bruner_ross;src_cast_udl3;src_naeyc_dap,"{""move_type"":""discussion"",""use_when"":""Útil cuando existe un objeto revisable y criterios comprensibles."",""avoid_when"":""No usar juicio social abierto sin estructura; proteger seguridad y foco en el trabajo."",""minutes_min"":10,""minutes_max"":25,""license_status"":""none""}"
move_design_challenge,L3,Movimiento pedagógico,pedagogical_move,PED-DESIGN_CHALLENGE,Desafío de diseño con criterios y restricciones,Plantear un problema de diseño auténtico con criterios y límites explícitos.,,,,,erandi,research_informed_synthesis,needs_expert_review,src_nrc_framework,src_wood_bruner_ross;src_cast_udl3;src_naeyc_dap,"{""move_type"":""construction"",""use_when"":""Útil para integrar ciencia con ingeniería y decisiones basadas en evidencia."",""avoid_when"":""No añadir un 'hacer manual' desconectado del aprendizaje científico."",""minutes_min"":30,""minutes_max"":120,""license_status"":""none""}"
move_prototype_test_iterate,L3,Movimiento pedagógico,pedagogical_move,PED-PROTOTYPE_TEST_ITERATE,Prototipar–Probar–Iterar,"Construir una versión, probarla contra criterios, interpretar evidencia y modificar.",,,,,erandi,research_informed_synthesis,needs_expert_review,src_nrc_framework,src_wood_bruner_ross;src_cast_udl3;src_naeyc_dap,"{""move_type"":""construction"",""use_when"":""Útil cuando la meta incluye ingeniería, iteración o resolución de problemas."",""avoid_when"":""No pedir iteración sin evidencia de prueba; evitar que 'decorar' cuente como mejora."",""minutes_min"":30,""minutes_max"":120,""license_status"":""none""}"
move_model_revision,L3,Movimiento pedagógico,pedagogical_move,PED-MODEL_REVISION,Revisión de modelo con nueva evidencia,Volver a una representación previa y modificarla usando evidencia acumulada.,,,,,erandi,research_informed_synthesis,needs_expert_review,src_nrc_framework,src_wood_bruner_ross;src_cast_udl3;src_naeyc_dap,"{""move_type"":""reflection"",""use_when"":""Útil para evidenciar cambio conceptual y desarrollar modelación científica."",""avoid_when"":""No premiar solo que el modelo cambie; buscar si el cambio responde a evidencia."",""minutes_min"":10,""minutes_max"":25,""license_status"":""none""}"
move_exit_check,L3,Movimiento pedagógico,pedagogical_move,PED-EXIT_CHECK,Chequeo formativo de salida,Elicitar una muestra breve y específica de la comprensión relevante para decidir el siguiente paso.,,,,,erandi,research_informed_synthesis,needs_expert_review,src_black_wiliam,src_wood_bruner_ross;src_cast_udl3;src_naeyc_dap,"{""move_type"":""assessment"",""use_when"":""Útil cuando una decisión pedagógica próxima depende de una evidencia puntual."",""avoid_when"":""No convertirlo en mini examen de todo; medir solo lo necesario para decidir."",""minutes_min"":3,""minutes_max"":10,""license_status"":""none""}"
evid_initial_model,L3,Intención de evidencia,evidence_intent,EVID-01,Representación inicial de la relación abeja–flor,"¿El estudiante representa solo objetos aislados o una relación funcional entre abeja, flor/polen y reproducción?",,,,,erandi,expert_synthesis,needs_expert_review,src_nap_prek5_science,src_black_wiliam;src_mineduc_cn03,"{""criteria"":[""0: evidencia insuficiente o no interpretable"",""1: representa abeja/flor como componentes sin relación"",""2: representa interacción directa abeja–flor"",""3: representa transferencia/función vinculada a polinización"",""4: conecta polinización con reproducción/ciclo de la planta""],""insufficient_evidence"":""Un dibujo bonito o el uso de vocabulario científico, por sí solo, no demuestra comprensión causal."",""decision_enabled"":""Decidir si conviene observar más, introducir un modelo concreto del polen o avanzar a indagación."",""target_practices"":[""prac_sci_modeling"",""prac_sci_communication""]}"
evid_stw,L3,Intención de evidencia,evidence_intent,EVID-02,Observación versus interpretación,¿Puede describir rasgos visibles antes de inferir qué significan y generar preguntas a partir de ellos?,,,,,erandi,expert_synthesis,needs_expert_review,src_pz_stw,src_black_wiliam;src_mineduc_cn03,"{""criteria"":[""0: no hay evidencia suficiente"",""1: mezcla observación con opinión/inferencia"",""2: produce al menos una observación específica"",""3: distingue observación e interpretación de manera consistente"",""4: usa observaciones para generar preguntas pertinentes""],""insufficient_evidence"":""Una pregunta curiosa no demuestra por sí misma capacidad de observación científica."",""decision_enabled"":""Decidir si modelar explícitamente ver vs. interpretar o avanzar a preguntas/investigación."",""target_practices"":[""prac_sci_observation"",""prac_sci_questioning"",""prac_art_perceive""]}"
evid_tpe,L3,Intención de evidencia,evidence_intent,EVID-03,Ideas previas y preguntas investigables,"¿Qué ideas previas, dudas y posibles rutas de exploración aparecen?",,,,,erandi,expert_synthesis,needs_expert_review,src_pz_tpe,src_black_wiliam;src_mineduc_cn03,"{""criteria"":[""0: evidencia insuficiente"",""1: expresa ideas/preguntas generales"",""2: formula preguntas conectadas al fenómeno"",""3: identifica al menos una pregunta abordable con observación/evidencia"",""4: propone una forma plausible de explorarla""],""insufficient_evidence"":""Las ideas iniciales no se califican como correctas/incorrectas para inferir dominio global."",""decision_enabled"":""Seleccionar fenómeno/pregunta para la trayectoria y nivel de andamiaje inicial."",""target_practices"":[""prac_sci_questioning"",""prac_sci_prediction"",""prac_sci_investigation""]}"
evid_csq,L3,Intención de evidencia,evidence_intent,EVID-04,Afirmación respaldada con evidencia,¿El estudiante distingue una afirmación de la evidencia y conecta ambas mediante una razón?,,,,,erandi,expert_synthesis,needs_expert_review,src_pz_csq,src_black_wiliam;src_mineduc_cn03,"{""criteria"":[""0: evidencia insuficiente"",""1: expresa afirmación sin soporte"",""2: agrega evidencia relevante"",""3: explica cómo la evidencia apoya la afirmación"",""4: reconoce límites/preguntas o revisa la afirmación""],""insufficient_evidence"":""Mencionar un dato no demuestra que se comprenda su relación con la afirmación."",""decision_enabled"":""Decidir si apoyar selección de evidencia, razonamiento causal o contraste de explicaciones."",""target_practices"":[""prac_sci_explanation"",""prac_sci_argument"",""prac_sci_communication""]}"
evid_ppc,L3,Intención de evidencia,evidence_intent,EVID-05,Razonamiento parte–función–sistema,¿El estudiante identifica partes relevantes y razona sobre funciones/relaciones dentro del sistema?,,,,,erandi,expert_synthesis,needs_expert_review,src_pz_ppc,src_black_wiliam;src_mineduc_cn03,"{""criteria"":[""0: insuficiente"",""1: enumera partes"",""2: vincula parte con función"",""3: explica relaciones entre varias partes"",""4: anticipa qué cambia si falta/modifica una parte""],""insufficient_evidence"":""Nombrar partes no demuestra pensamiento sistémico."",""decision_enabled"":""Decidir si profundizar funciones, relaciones o predicciones sobre cambios."",""target_practices"":[""prac_sci_observation"",""prac_sci_systems"",""prac_sci_modeling""]}"
evid_poe,L3,Intención de evidencia,evidence_intent,EVID-06,Uso productivo del contraste predicción–evidencia,¿El estudiante compara lo predicho con lo observado y usa la discrepancia para revisar su explicación?,,,,,erandi,expert_synthesis,needs_expert_review,src_poe_white_gunstone,src_black_wiliam;src_mineduc_cn03,"{""criteria"":[""0: insuficiente"",""1: registra predicción y observación sin compararlas"",""2: identifica coincidencia/diferencia"",""3: propone explicación basada en evidencia"",""4: revisa modelo/idea y justifica el cambio""],""insufficient_evidence"":""Que una predicción sea correcta no demuestra comprensión del mecanismo."",""decision_enabled"":""Decidir si pedir autoexplicación, repetir una observación o avanzar a modelación."",""target_practices"":[""prac_sci_prediction"",""prac_sci_observation"",""prac_sci_explanation""]}"
evid_guided_investigation,L3,Intención de evidencia,evidence_intent,EVID-07,Pregunta–procedimiento–evidencia,¿Los estudiantes comprenden cómo las acciones y registros de la investigación ayudan a responder la pregunta?,,,,,erandi,expert_synthesis,needs_expert_review,src_nap_prek5_science,src_black_wiliam;src_mineduc_cn03,"{""criteria"":[""0: insuficiente"",""1: sigue pasos sin conectar con pregunta"",""2: identifica qué se observa/mide y por qué"",""3: registra/organiza evidencia relevante"",""4: usa evidencia y reconoce una limitación simple""],""insufficient_evidence"":""Completar correctamente la hoja no demuestra comprensión del diseño de investigación."",""decision_enabled"":""Decidir si reducir procedimiento, fortalecer registro/análisis o abrir más decisiones al grupo."",""target_practices"":[""prac_sci_investigation"",""prac_sci_observation"",""prac_sci_data""]}"
evid_concept_map,L3,Intención de evidencia,evidence_intent,EVID-08,Relaciones conceptuales explícitas,¿El mapa representa relaciones significativas entre conceptos del fenómeno?,,,,,erandi,expert_synthesis,needs_expert_review,src_novak_canas,src_black_wiliam;src_mineduc_cn03,"{""criteria"":[""0: insuficiente"",""1: lista conceptos sin enlaces significativos"",""2: conecta pares con relaciones plausibles"",""3: integra varias relaciones en una estructura coherente"",""4: revisa conexiones a partir de evidencia/nueva comprensión""],""insufficient_evidence"":""Cantidad de conceptos no equivale a calidad de comprensión."",""decision_enabled"":""Identificar relaciones faltantes o contradictorias para el siguiente movimiento."",""target_practices"":[""prac_sci_modeling"",""prac_sci_systems"",""prac_sci_communication""]}"
evid_worked_example,L3,Intención de evidencia,evidence_intent,EVID-09,Comprensión de la estructura modelada,¿El estudiante reconoce por qué el ejemplo está organizado de esa manera y puede aplicar una parte con apoyo reducido?,,,,,erandi,expert_synthesis,needs_expert_review,src_sweller_cooper,src_black_wiliam;src_mineduc_cn03,"{""criteria"":[""0: insuficiente"",""1: imita formato superficial"",""2: identifica un paso/decisión clave"",""3: aplica el principio en caso similar"",""4: explica cuándo usar o modificar el procedimiento""],""insufficient_evidence"":""Copiar correctamente no demuestra comprensión."",""decision_enabled"":""Decidir si retirar apoyo, ofrecer otro ejemplo contrastante o volver al concepto."",""target_practices"":[""prac_sci_modeling"",""prac_math_model""]}"
evid_self_explanation,L3,Intención de evidencia,evidence_intent,EVID-10,Explicación de una relación o decisión,"¿El estudiante puede explicar por qué una relación, paso o evidencia tiene sentido?",,,,,erandi,expert_synthesis,needs_expert_review,src_chi_selfexplanation,src_black_wiliam;src_mineduc_cn03,"{""criteria"":[""0: insuficiente"",""1: repite la información"",""2: explica una relación local"",""3: conecta relación con principio/evidencia"",""4: detecta inconsistencia y revisa su explicación""],""insufficient_evidence"":""Hablar más no implica explicar mejor."",""decision_enabled"":""Detectar el punto exacto de razonamiento que necesita andamiaje."",""target_practices"":[""prac_sci_explanation"",""prac_sci_argument""]}"
evid_peer_critique,L3,Intención de evidencia,evidence_intent,EVID-11,Uso de criterios para retroalimentar y revisar,¿La retroalimentación se refiere a criterios/evidencia y conduce a una revisión útil?,,,,,erandi,expert_synthesis,needs_expert_review,src_black_wiliam,src_black_wiliam;src_mineduc_cn03,"{""criteria"":[""0: insuficiente"",""1: comentario de gusto/general"",""2: comentario vinculado a un criterio"",""3: usa evidencia específica y sugiere un cambio"",""4: autor incorpora/rechaza feedback justificadamente""],""insufficient_evidence"":""Amabilidad o cantidad de comentarios no equivale a calidad de crítica."",""decision_enabled"":""Decidir si clarificar criterios, modelar feedback o pasar a revisión."",""target_practices"":[""prac_sci_argument"",""prac_sci_communication"",""prac_eng_argument""]}"
evid_design_challenge,L3,Intención de evidencia,evidence_intent,EVID-12,Definición del problema y calidad de ideas,"¿Las ideas responden a un problema, criterios y restricciones explícitos?",,,,,erandi,expert_synthesis,needs_expert_review,src_nrc_framework,src_black_wiliam;src_mineduc_cn03,"{""criteria"":[""0: insuficiente"",""1: construye sin definir necesidad"",""2: identifica problema y al menos un criterio"",""3: genera/compara alternativas según criterios"",""4: justifica dirección considerando restricciones y evidencia""],""insufficient_evidence"":""Construir un objeto atractivo no demuestra ingeniería."",""decision_enabled"":""Decidir si detener construcción para aclarar problema/criterios o pasar a prototipo."",""target_practices"":[""prac_eng_define"",""prac_eng_criteria"",""prac_eng_ideate""]}"
evid_prototype_test_iterate,L3,Intención de evidencia,evidence_intent,EVID-13,Iteración basada en evidencia,¿Cada cambio del prototipo responde a una prueba y a un criterio?,,,,,erandi,expert_synthesis,needs_expert_review,src_nrc_framework,src_black_wiliam;src_mineduc_cn03,"{""criteria"":[""0: insuficiente"",""1: modifica sin prueba o razón explícita"",""2: prueba contra un criterio y registra resultado"",""3: realiza cambio vinculado a evidencia"",""4: compara ciclos/trade-offs y justifica optimización""],""insufficient_evidence"":""Más versiones no equivalen a mejor iteración si no existe evidencia."",""decision_enabled"":""Decidir si mejorar la prueba, clarificar criterio o realizar otro ciclo."",""target_practices"":[""prac_eng_modelproto"",""prac_eng_test"",""prac_eng_iterate""]}"
evid_model_revision,L3,Intención de evidencia,evidence_intent,EVID-14,Cambio conceptual basado en evidencia,¿La revisión del modelo refleja nueva evidencia o relaciones mejor explicadas?,,,,,erandi,expert_synthesis,needs_expert_review,src_nrc_framework,src_black_wiliam;src_mineduc_cn03,"{""criteria"":[""0: insuficiente"",""1: cambia elementos superficiales"",""2: agrega/corrige relación relevante"",""3: justifica el cambio con evidencia"",""4: usa el modelo revisado para explicar o predecir""],""insufficient_evidence"":""Un modelo distinto al inicial no demuestra mejora si el cambio no está justificado."",""decision_enabled"":""Decidir si la trayectoria puede avanzar o requiere otra experiencia conceptual."",""target_practices"":[""prac_sci_modeling"",""prac_sci_explanation"",""prac_sci_argument""]}"
evid_exit_check,L3,Intención de evidencia,evidence_intent,EVID-15,Evidencia mínima para la próxima decisión,¿La respuesta breve contiene la evidencia específica que se necesita para decidir el próximo paso?,,,,,erandi,expert_synthesis,needs_expert_review,src_black_wiliam,src_black_wiliam;src_mineduc_cn03,"{""criteria"":[""0: insuficiente/no responde constructo"",""1: evidencia parcial o ambigua"",""2: evidencia suficiente para una interpretación provisional"",""3: evidencia clara y justificada"",""4: evidencia transferida a una situación nueva""],""insufficient_evidence"":""No inferir dominio general desde un único ítem breve."",""decision_enabled"":""Continuar, agregar scaffold, volver a elicitar o diseñar evidencia adicional."",""target_practices"":[""prac_sci_explanation"",""prac_sci_communication""]}"
artifact_001,L3,Plantilla de soporte,support_artifact_template,ARTF-001,Provocación visual inicial,"Plantilla parametrizable; el contenido final se instancia desde fenómeno, OA, práctica, nivel de progresión y contexto.",,,,,erandi,expert_synthesis,prototype,src_nap_prek5_science,src_cast_udl3;src_mineduc_cn03,"{""artifact_type"":""presentation"",""template_format"":""markdown/json"",""parameterizable"":true}"
artifact_002,L3,Plantilla de soporte,support_artifact_template,ARTF-002,Lienzo de modelo inicial,"Plantilla parametrizable; el contenido final se instancia desde fenómeno, OA, práctica, nivel de progresión y contexto.",,,,,erandi,expert_synthesis,prototype,src_nap_prek5_science,src_cast_udl3;src_mineduc_cn03,"{""artifact_type"":""worksheet"",""template_format"":""markdown/json"",""parameterizable"":true}"
artifact_003,L3,Plantilla de soporte,support_artifact_template,ARTF-003,Guía de preguntas para explicación oral,"Plantilla parametrizable; el contenido final se instancia desde fenómeno, OA, práctica, nivel de progresión y contexto.",,,,,erandi,expert_synthesis,prototype,src_nap_prek5_science,src_cast_udl3;src_mineduc_cn03,"{""artifact_type"":""teacher_guide"",""template_format"":""markdown/json"",""parameterizable"":true}"
artifact_004,L3,Plantilla de soporte,support_artifact_template,ARTF-004,Fenómeno + fases de observar/interpretar/preguntar,"Plantilla parametrizable; el contenido final se instancia desde fenómeno, OA, práctica, nivel de progresión y contexto.",,,,,erandi,expert_synthesis,prototype,src_pz_stw,src_cast_udl3;src_mineduc_cn03,"{""artifact_type"":""presentation"",""template_format"":""markdown/json"",""parameterizable"":true}"
artifact_005,L3,Plantilla de soporte,support_artifact_template,ARTF-005,Registro opcional de observaciones e interpretaciones,"Plantilla parametrizable; el contenido final se instancia desde fenómeno, OA, práctica, nivel de progresión y contexto.",,,,,erandi,expert_synthesis,prototype,src_pz_stw,src_cast_udl3;src_mineduc_cn03,"{""artifact_type"":""worksheet"",""template_format"":""markdown/json"",""parameterizable"":true}"
artifact_006,L3,Plantilla de soporte,support_artifact_template,ARTF-006,Tarjeta docente: qué observar,"Plantilla parametrizable; el contenido final se instancia desde fenómeno, OA, práctica, nivel de progresión y contexto.",,,,,erandi,expert_synthesis,prototype,src_pz_stw,src_cast_udl3;src_mineduc_cn03,"{""artifact_type"":""observation_prompt"",""template_format"":""markdown/json"",""parameterizable"":true}"
artifact_007,L3,Plantilla de soporte,support_artifact_template,ARTF-007,Activación de ideas/preguntas/rutas,"Plantilla parametrizable; el contenido final se instancia desde fenómeno, OA, práctica, nivel de progresión y contexto.",,,,,erandi,expert_synthesis,prototype,src_pz_tpe,src_cast_udl3;src_mineduc_cn03,"{""artifact_type"":""presentation"",""template_format"":""markdown/json"",""parameterizable"":true}"
artifact_008,L3,Plantilla de soporte,support_artifact_template,ARTF-008,Muro o ficha de preguntas,"Plantilla parametrizable; el contenido final se instancia desde fenómeno, OA, práctica, nivel de progresión y contexto.",,,,,erandi,expert_synthesis,prototype,src_pz_tpe,src_cast_udl3;src_mineduc_cn03,"{""artifact_type"":""worksheet"",""template_format"":""markdown/json"",""parameterizable"":true}"
artifact_009,L3,Plantilla de soporte,support_artifact_template,ARTF-009,Guía para convertir curiosidad en pregunta exploratoria,"Plantilla parametrizable; el contenido final se instancia desde fenómeno, OA, práctica, nivel de progresión y contexto.",,,,,erandi,expert_synthesis,prototype,src_pz_tpe,src_cast_udl3;src_mineduc_cn03,"{""artifact_type"":""teacher_guide"",""template_format"":""markdown/json"",""parameterizable"":true}"
artifact_010,L3,Plantilla de soporte,support_artifact_template,ARTF-010,Estructura afirmación–evidencia–pregunta,"Plantilla parametrizable; el contenido final se instancia desde fenómeno, OA, práctica, nivel de progresión y contexto.",,,,,erandi,expert_synthesis,prototype,src_pz_csq,src_cast_udl3;src_mineduc_cn03,"{""artifact_type"":""presentation"",""template_format"":""markdown/json"",""parameterizable"":true}"
artifact_011,L3,Plantilla de soporte,support_artifact_template,ARTF-011,Organizador breve de razonamiento,"Plantilla parametrizable; el contenido final se instancia desde fenómeno, OA, práctica, nivel de progresión y contexto.",,,,,erandi,expert_synthesis,prototype,src_pz_csq,src_cast_udl3;src_mineduc_cn03,"{""artifact_type"":""worksheet"",""template_format"":""markdown/json"",""parameterizable"":true}"
artifact_012,L3,Plantilla de soporte,support_artifact_template,ARTF-012,Criterios para distinguir evidencia de afirmación,"Plantilla parametrizable; el contenido final se instancia desde fenómeno, OA, práctica, nivel de progresión y contexto.",,,,,erandi,expert_synthesis,prototype,src_pz_csq,src_cast_udl3;src_mineduc_cn03,"{""artifact_type"":""observation_prompt"",""template_format"":""markdown/json"",""parameterizable"":true}"
artifact_013,L3,Plantilla de soporte,support_artifact_template,ARTF-013,Objeto/sistema ampliado,"Plantilla parametrizable; el contenido final se instancia desde fenómeno, OA, práctica, nivel de progresión y contexto.",,,,,erandi,expert_synthesis,prototype,src_pz_ppc,src_cast_udl3;src_mineduc_cn03,"{""artifact_type"":""presentation"",""template_format"":""markdown/json"",""parameterizable"":true}"
artifact_014,L3,Plantilla de soporte,support_artifact_template,ARTF-014,Tarjetas de partes/funciones/relaciones,"Plantilla parametrizable; el contenido final se instancia desde fenómeno, OA, práctica, nivel de progresión y contexto.",,,,,erandi,expert_synthesis,prototype,src_pz_ppc,src_cast_udl3;src_mineduc_cn03,"{""artifact_type"":""student_cards"",""template_format"":""markdown/json"",""parameterizable"":true}"
artifact_015,L3,Plantilla de soporte,support_artifact_template,ARTF-015,Preguntas de sistema,"Plantilla parametrizable; el contenido final se instancia desde fenómeno, OA, práctica, nivel de progresión y contexto.",,,,,erandi,expert_synthesis,prototype,src_pz_ppc,src_cast_udl3;src_mineduc_cn03,"{""artifact_type"":""teacher_guide"",""template_format"":""markdown/json"",""parameterizable"":true}"
artifact_016,L3,Plantilla de soporte,support_artifact_template,ARTF-016,Registro predicción–observación–explicación,"Plantilla parametrizable; el contenido final se instancia desde fenómeno, OA, práctica, nivel de progresión y contexto.",,,,,erandi,expert_synthesis,prototype,src_poe_white_gunstone,src_cast_udl3;src_mineduc_cn03,"{""artifact_type"":""worksheet"",""template_format"":""markdown/json"",""parameterizable"":true}"
artifact_017,L3,Plantilla de soporte,support_artifact_template,ARTF-017,Secuencia de fenómeno/prueba,"Plantilla parametrizable; el contenido final se instancia desde fenómeno, OA, práctica, nivel de progresión y contexto.",,,,,erandi,expert_synthesis,prototype,src_poe_white_gunstone,src_cast_udl3;src_mineduc_cn03,"{""artifact_type"":""presentation"",""template_format"":""markdown/json"",""parameterizable"":true}"
artifact_018,L3,Plantilla de soporte,support_artifact_template,ARTF-018,Guía para explotar discrepancias,"Plantilla parametrizable; el contenido final se instancia desde fenómeno, OA, práctica, nivel de progresión y contexto.",,,,,erandi,expert_synthesis,prototype,src_poe_white_gunstone,src_cast_udl3;src_mineduc_cn03,"{""artifact_type"":""teacher_guide"",""template_format"":""markdown/json"",""parameterizable"":true}"
artifact_019,L3,Plantilla de soporte,support_artifact_template,ARTF-019,Guía de investigación y tabla de datos,"Plantilla parametrizable; el contenido final se instancia desde fenómeno, OA, práctica, nivel de progresión y contexto.",,,,,erandi,expert_synthesis,prototype,src_nap_prek5_science,src_cast_udl3;src_mineduc_cn03,"{""artifact_type"":""worksheet"",""template_format"":""markdown/json"",""parameterizable"":true}"
artifact_020,L3,Plantilla de soporte,support_artifact_template,ARTF-020,Pasos y objetivo de evidencia,"Plantilla parametrizable; el contenido final se instancia desde fenómeno, OA, práctica, nivel de progresión y contexto.",,,,,erandi,expert_synthesis,prototype,src_nap_prek5_science,src_cast_udl3;src_mineduc_cn03,"{""artifact_type"":""presentation"",""template_format"":""markdown/json"",""parameterizable"":true}"
artifact_021,L3,Plantilla de soporte,support_artifact_template,ARTF-021,"Roles, seguridad y decisiones que quedan abiertas","Plantilla parametrizable; el contenido final se instancia desde fenómeno, OA, práctica, nivel de progresión y contexto.",,,,,erandi,expert_synthesis,prototype,src_nap_prek5_science,src_cast_udl3;src_mineduc_cn03,"{""artifact_type"":""teacher_guide"",""template_format"":""markdown/json"",""parameterizable"":true}"
artifact_022,L3,Plantilla de soporte,support_artifact_template,ARTF-022,Tarjetas de conceptos movibles,"Plantilla parametrizable; el contenido final se instancia desde fenómeno, OA, práctica, nivel de progresión y contexto.",,,,,erandi,expert_synthesis,prototype,src_novak_canas,src_cast_udl3;src_mineduc_cn03,"{""artifact_type"":""student_cards"",""template_format"":""markdown/json"",""parameterizable"":true}"
artifact_023,L3,Plantilla de soporte,support_artifact_template,ARTF-023,Lienzo de mapa conceptual,"Plantilla parametrizable; el contenido final se instancia desde fenómeno, OA, práctica, nivel de progresión y contexto.",,,,,erandi,expert_synthesis,prototype,src_novak_canas,src_cast_udl3;src_mineduc_cn03,"{""artifact_type"":""worksheet"",""template_format"":""markdown/json"",""parameterizable"":true}"
artifact_024,L3,Plantilla de soporte,support_artifact_template,ARTF-024,Ejemplo de relación con palabra de enlace,"Plantilla parametrizable; el contenido final se instancia desde fenómeno, OA, práctica, nivel de progresión y contexto.",,,,,erandi,expert_synthesis,prototype,src_novak_canas,src_cast_udl3;src_mineduc_cn03,"{""artifact_type"":""presentation"",""template_format"":""markdown/json"",""parameterizable"":true}"
artifact_025,L3,Plantilla de soporte,support_artifact_template,ARTF-025,Ejemplo modelado paso a paso,"Plantilla parametrizable; el contenido final se instancia desde fenómeno, OA, práctica, nivel de progresión y contexto.",,,,,erandi,expert_synthesis,prototype,src_sweller_cooper,src_cast_udl3;src_mineduc_cn03,"{""artifact_type"":""presentation"",""template_format"":""markdown/json"",""parameterizable"":true}"
artifact_026,L3,Plantilla de soporte,support_artifact_template,ARTF-026,Qué hacer visible y cuándo retirar apoyo,"Plantilla parametrizable; el contenido final se instancia desde fenómeno, OA, práctica, nivel de progresión y contexto.",,,,,erandi,expert_synthesis,prototype,src_sweller_cooper,src_cast_udl3;src_mineduc_cn03,"{""artifact_type"":""teacher_guide"",""template_format"":""markdown/json"",""parameterizable"":true}"
artifact_027,L3,Plantilla de soporte,support_artifact_template,ARTF-027,Prompts breves de autoexplicación,"Plantilla parametrizable; el contenido final se instancia desde fenómeno, OA, práctica, nivel de progresión y contexto.",,,,,erandi,expert_synthesis,prototype,src_chi_selfexplanation,src_cast_udl3;src_mineduc_cn03,"{""artifact_type"":""student_cards"",""template_format"":""markdown/json"",""parameterizable"":true}"
artifact_028,L3,Plantilla de soporte,support_artifact_template,ARTF-028,Preguntas focales por relación,"Plantilla parametrizable; el contenido final se instancia desde fenómeno, OA, práctica, nivel de progresión y contexto.",,,,,erandi,expert_synthesis,prototype,src_chi_selfexplanation,src_cast_udl3;src_mineduc_cn03,"{""artifact_type"":""teacher_guide"",""template_format"":""markdown/json"",""parameterizable"":true}"
artifact_029,L3,Plantilla de soporte,support_artifact_template,ARTF-029,Criterios + protocolo de feedback,"Plantilla parametrizable; el contenido final se instancia desde fenómeno, OA, práctica, nivel de progresión y contexto.",,,,,erandi,expert_synthesis,prototype,src_black_wiliam,src_cast_udl3;src_mineduc_cn03,"{""artifact_type"":""student_cards"",""template_format"":""markdown/json"",""parameterizable"":true}"
artifact_030,L3,Plantilla de soporte,support_artifact_template,ARTF-030,Mini rúbrica de 1–2 criterios,"Plantilla parametrizable; el contenido final se instancia desde fenómeno, OA, práctica, nivel de progresión y contexto.",,,,,erandi,expert_synthesis,prototype,src_black_wiliam,src_cast_udl3;src_mineduc_cn03,"{""artifact_type"":""rubric"",""template_format"":""markdown/json"",""parameterizable"":true}"
artifact_031,L3,Plantilla de soporte,support_artifact_template,ARTF-031,Modelo de feedback centrado en el trabajo,"Plantilla parametrizable; el contenido final se instancia desde fenómeno, OA, práctica, nivel de progresión y contexto.",,,,,erandi,expert_synthesis,prototype,src_black_wiliam,src_cast_udl3;src_mineduc_cn03,"{""artifact_type"":""presentation"",""template_format"":""markdown/json"",""parameterizable"":true}"
artifact_032,L3,Plantilla de soporte,support_artifact_template,ARTF-032,"Brief de diseño: usuario, problema, criterios, restricciones","Plantilla parametrizable; el contenido final se instancia desde fenómeno, OA, práctica, nivel de progresión y contexto.",,,,,erandi,expert_synthesis,prototype,src_nrc_framework,src_cast_udl3;src_mineduc_cn03,"{""artifact_type"":""worksheet"",""template_format"":""markdown/json"",""parameterizable"":true}"
artifact_033,L3,Plantilla de soporte,support_artifact_template,ARTF-033,Tarjetas de materiales/restricciones,"Plantilla parametrizable; el contenido final se instancia desde fenómeno, OA, práctica, nivel de progresión y contexto.",,,,,erandi,expert_synthesis,prototype,src_nrc_framework,src_cast_udl3;src_mineduc_cn03,"{""artifact_type"":""student_cards"",""template_format"":""markdown/json"",""parameterizable"":true}"
artifact_034,L3,Plantilla de soporte,support_artifact_template,ARTF-034,Lanzamiento del desafío,"Plantilla parametrizable; el contenido final se instancia desde fenómeno, OA, práctica, nivel de progresión y contexto.",,,,,erandi,expert_synthesis,prototype,src_nrc_framework,src_cast_udl3;src_mineduc_cn03,"{""artifact_type"":""presentation"",""template_format"":""markdown/json"",""parameterizable"":true}"
artifact_035,L3,Plantilla de soporte,support_artifact_template,ARTF-035,Registro prueba–resultado–cambio,"Plantilla parametrizable; el contenido final se instancia desde fenómeno, OA, práctica, nivel de progresión y contexto.",,,,,erandi,expert_synthesis,prototype,src_nrc_framework,src_cast_udl3;src_mineduc_cn03,"{""artifact_type"":""worksheet"",""template_format"":""markdown/json"",""parameterizable"":true}"
artifact_036,L3,Plantilla de soporte,support_artifact_template,ARTF-036,Matriz simple de criterios,"Plantilla parametrizable; el contenido final se instancia desde fenómeno, OA, práctica, nivel de progresión y contexto.",,,,,erandi,expert_synthesis,prototype,src_nrc_framework,src_cast_udl3;src_mineduc_cn03,"{""artifact_type"":""rubric"",""template_format"":""markdown/json"",""parameterizable"":true}"
artifact_037,L3,Plantilla de soporte,support_artifact_template,ARTF-037,Guía de prueba válida e iteración,"Plantilla parametrizable; el contenido final se instancia desde fenómeno, OA, práctica, nivel de progresión y contexto.",,,,,erandi,expert_synthesis,prototype,src_nrc_framework,src_cast_udl3;src_mineduc_cn03,"{""artifact_type"":""teacher_guide"",""template_format"":""markdown/json"",""parameterizable"":true}"
artifact_038,L3,Plantilla de soporte,support_artifact_template,ARTF-038,Modelo antes/después + evidencia del cambio,"Plantilla parametrizable; el contenido final se instancia desde fenómeno, OA, práctica, nivel de progresión y contexto.",,,,,erandi,expert_synthesis,prototype,src_nrc_framework,src_cast_udl3;src_mineduc_cn03,"{""artifact_type"":""worksheet"",""template_format"":""markdown/json"",""parameterizable"":true}"
artifact_039,L3,Plantilla de soporte,support_artifact_template,ARTF-039,Recordatorio de evidencia acumulada,"Plantilla parametrizable; el contenido final se instancia desde fenómeno, OA, práctica, nivel de progresión y contexto.",,,,,erandi,expert_synthesis,prototype,src_nrc_framework,src_cast_udl3;src_mineduc_cn03,"{""artifact_type"":""presentation"",""template_format"":""markdown/json"",""parameterizable"":true}"
artifact_040,L3,Plantilla de soporte,support_artifact_template,ARTF-040,Preguntas para justificar revisión,"Plantilla parametrizable; el contenido final se instancia desde fenómeno, OA, práctica, nivel de progresión y contexto.",,,,,erandi,expert_synthesis,prototype,src_nrc_framework,src_cast_udl3;src_mineduc_cn03,"{""artifact_type"":""teacher_guide"",""template_format"":""markdown/json"",""parameterizable"":true}"
artifact_041,L3,Plantilla de soporte,support_artifact_template,ARTF-041,Ticket breve alineado a una intención de evidencia,"Plantilla parametrizable; el contenido final se instancia desde fenómeno, OA, práctica, nivel de progresión y contexto.",,,,,erandi,expert_synthesis,prototype,src_black_wiliam,src_cast_udl3;src_mineduc_cn03,"{""artifact_type"":""exit_ticket"",""template_format"":""markdown/json"",""parameterizable"":true}"
artifact_042,L3,Plantilla de soporte,support_artifact_template,ARTF-042,Versión QR/digital opcional,"Plantilla parametrizable; el contenido final se instancia desde fenómeno, OA, práctica, nivel de progresión y contexto.",,,,,erandi,expert_synthesis,prototype,src_black_wiliam,src_cast_udl3;src_mineduc_cn03,"{""artifact_type"":""digital_response"",""template_format"":""markdown/json"",""parameterizable"":true}"
artifact_043,L3,Plantilla de soporte,support_artifact_template,ARTF-043,Regla de decisión Most/Some/Few/Insuficiente,"Plantilla parametrizable; el contenido final se instancia desde fenómeno, OA, práctica, nivel de progresión y contexto.",,,,,erandi,expert_synthesis,prototype,src_black_wiliam,src_cast_udl3;src_mineduc_cn03,"{""artifact_type"":""teacher_guide"",""template_format"":""markdown/json"",""parameterizable"":true}"
grade_cl_1b,L1,Curso de contexto,grade_level,1B,1° Básico,Curso incluido solo para visualizar progresión conceptual alrededor del foco de 3° Básico.,,,1B,,official,official_curriculum,verified,src_mineduc_bases_1_6,,"{""scope_role"":""progression_context""}"
grade_cl_2b,L1,Curso de contexto,grade_level,2B,2° Básico,Curso incluido solo para visualizar progresión conceptual alrededor del foco de 3° Básico.,,,2B,,official,official_curriculum,verified,src_mineduc_bases_1_6,,"{""scope_role"":""progression_context""}"
grade_cl_4b,L1,Curso de contexto,grade_level,4B,4° Básico,Curso incluido solo para visualizar progresión conceptual alrededor del foco de 3° Básico.,,,4B,,official,official_curriculum,verified,src_mineduc_bases_1_6,,"{""scope_role"":""progression_context""}"
grade_cl_6b,L1,Curso de contexto,grade_level,6B,6° Básico,Curso incluido solo para visualizar progresión conceptual alrededor del foco de 3° Básico.,,,6B,,official,official_curriculum,verified,src_mineduc_bases_1_6,,"{""scope_role"":""progression_context""}"
concept_cn_ecosystems,L1,Concepto canónico de contexto,canonical_concept,,Ecosistemas,Relaciones entre seres vivos y ambiente; contexto posterior para ampliar interdependencia.,,CN,,CN-LIFE,expert_curated,expert_interpretation,expert_curated,src_daniela_map,,"{""scope_role"":""progression_context"",""official_relation"":false}"
concept_cn_photosynthesis,L1,Concepto canónico de contexto,canonical_concept,,Fotosíntesis,Proceso mediante el cual plantas producen materia orgánica usando energía luminosa; contexto posterior.,,CN,,CN-LIFE,expert_curated,expert_interpretation,expert_curated,src_daniela_map,,"{""scope_role"":""progression_context"",""official_relation"":false}"
concept_cn_food_webs,L1,Concepto canónico de contexto,canonical_concept,,Redes alimentarias,Relaciones alimentarias múltiples; contexto posterior de sistemas e interdependencia.,,CN,,CN-LIFE,expert_curated,expert_interpretation,expert_curated,src_daniela_map,,"{""scope_role"":""progression_context"",""official_relation"":false}"
