relationship_id,layer,source_entity_id,relationship_type,target_entity_id,relationship_scope,evidence_basis,provenance_class,verification_status,confidence,rationale,source_id,secondary_source_ids,properties_json
r_subj_orient_cn_scientific_literacy,L1,subj_cn,has_orientation,orient_cn_scientific_literacy,structural,expert_map_plus_official_subject_organization,expert_interpretation,expert_curated,0.9,Síntesis de la perspectiva/énfasis de Ciencias Naturales.,src_daniela_map,src_mineduc_cn_org,{}
r_subj_orient_cn_big_ideas,L1,subj_cn,has_orientation,orient_cn_big_ideas,structural,expert_map_plus_official_subject_organization,expert_interpretation,expert_curated,0.9,Síntesis de la perspectiva/énfasis de Ciencias Naturales.,src_daniela_map,src_mineduc_cn_org,{}
r_subj_orient_cn_scientific_thinking,L1,subj_cn,has_orientation,orient_cn_scientific_thinking,structural,expert_map_plus_official_subject_organization,expert_interpretation,expert_curated,0.9,Síntesis de la perspectiva/énfasis de Ciencias Naturales.,src_daniela_map,src_mineduc_cn_org,{}
r_subj_orient_cn_evidence_reasoning,L1,subj_cn,has_orientation,orient_cn_evidence_reasoning,structural,expert_map_plus_official_subject_organization,expert_interpretation,expert_curated,0.9,Síntesis de la perspectiva/énfasis de Ciencias Naturales.,src_daniela_map,src_mineduc_cn_org,{}
r_skillarch_skillstage_cn_observe_question,L1,skillarch_cn_inquiry,has_stage,skillstage_cn_observe_question,structural,official_structure,official_curriculum,verified,1.0,Etapa de la arquitectura oficial de investigación científica.,src_mineduc_cn_skills,,{}
r_skillarch_skillstage_cn_plan_conduct_3_6,L1,skillarch_cn_inquiry,has_stage,skillstage_cn_plan_conduct_3_6,structural,official_structure,official_curriculum,verified,1.0,Etapa de la arquitectura oficial de investigación científica.,src_mineduc_cn_skills,,{}
r_skillarch_skillstage_cn_analyze_communicate,L1,skillarch_cn_inquiry,has_stage,skillstage_cn_analyze_communicate,structural,official_structure,official_curriculum,verified,1.0,Etapa de la arquitectura oficial de investigación científica.,src_mineduc_cn_skills,,{}
r_subject_skillarch,L1,subj_cn,has_skill_architecture,skillarch_cn_inquiry,structural,official_structure,official_curriculum,verified,1.0,La asignatura organiza habilidades de investigación científica.,src_mineduc_cn_skills,,{}
r_stage_oah_cn03_a,L1,skillstage_cn_observe_question,has_skill_objective,oah_cn03_a,structural,official_structure,official_curriculum,verified,1.0,OAH oficial asociado a esta etapa de investigación.,src_mineduc_cn03,src_mineduc_cn_skills,{}
r_stage_oah_cn03_b,L1,skillstage_cn_plan_conduct_3_6,has_skill_objective,oah_cn03_b,structural,official_structure,official_curriculum,verified,1.0,OAH oficial asociado a esta etapa de investigación.,src_mineduc_cn03,src_mineduc_cn_skills,{}
r_stage_oah_cn03_c,L1,skillstage_cn_plan_conduct_3_6,has_skill_objective,oah_cn03_c,structural,official_structure,official_curriculum,verified,1.0,OAH oficial asociado a esta etapa de investigación.,src_mineduc_cn03,src_mineduc_cn_skills,{}
r_stage_oah_cn03_d,L1,skillstage_cn_plan_conduct_3_6,has_skill_objective,oah_cn03_d,structural,official_structure,official_curriculum,verified,1.0,OAH oficial asociado a esta etapa de investigación.,src_mineduc_cn03,src_mineduc_cn_skills,{}
r_stage_oah_cn03_e,L1,skillstage_cn_analyze_communicate,has_skill_objective,oah_cn03_e,structural,official_structure,official_curriculum,verified,1.0,OAH oficial asociado a esta etapa de investigación.,src_mineduc_cn03,src_mineduc_cn_skills,{}
r_stage_oah_cn03_f,L1,skillstage_cn_analyze_communicate,has_skill_objective,oah_cn03_f,structural,official_structure,official_curriculum,verified,1.0,OAH oficial asociado a esta etapa de investigación.,src_mineduc_cn03,src_mineduc_cn_skills,{}
r_oah_cn03_a_skill_cn_observe,L1,oah_cn03_a,uses_atomic_skill,skill_cn_observe,semantic,decomposition_of_official_oah,expert_interpretation,expert_curated,0.95,Descomposición semántica del texto oficial del OAH.,src_mineduc_cn03,src_daniela_map,{}
r_oah_cn03_a_skill_cn_question,L1,oah_cn03_a,uses_atomic_skill,skill_cn_question,semantic,decomposition_of_official_oah,expert_interpretation,expert_curated,0.95,Descomposición semántica del texto oficial del OAH.,src_mineduc_cn03,src_daniela_map,{}
r_oah_cn03_a_skill_cn_infer,L1,oah_cn03_a,uses_atomic_skill,skill_cn_infer,semantic,decomposition_of_official_oah,expert_interpretation,expert_curated,0.95,Descomposición semántica del texto oficial del OAH.,src_mineduc_cn03,src_daniela_map,{}
r_oah_cn03_a_skill_cn_predict,L1,oah_cn03_a,uses_atomic_skill,skill_cn_predict,semantic,decomposition_of_official_oah,expert_interpretation,expert_curated,0.95,Descomposición semántica del texto oficial del OAH.,src_mineduc_cn03,src_daniela_map,{}
r_oah_cn03_b_skill_cn_investigate,L1,oah_cn03_b,uses_atomic_skill,skill_cn_investigate,semantic,decomposition_of_official_oah,expert_interpretation,expert_curated,0.95,Descomposición semántica del texto oficial del OAH.,src_mineduc_cn03,src_daniela_map,{}
r_oah_cn03_b_skill_cn_observe,L1,oah_cn03_b,uses_atomic_skill,skill_cn_observe,semantic,decomposition_of_official_oah,expert_interpretation,expert_curated,0.95,Descomposición semántica del texto oficial del OAH.,src_mineduc_cn03,src_daniela_map,{}
r_oah_cn03_b_skill_cn_classify,L1,oah_cn03_b,uses_atomic_skill,skill_cn_classify,semantic,decomposition_of_official_oah,expert_interpretation,expert_curated,0.95,Descomposición semántica del texto oficial del OAH.,src_mineduc_cn03,src_daniela_map,{}
r_oah_cn03_b_skill_cn_explore,L1,oah_cn03_b,uses_atomic_skill,skill_cn_explore,semantic,decomposition_of_official_oah,expert_interpretation,expert_curated,0.95,Descomposición semántica del texto oficial del OAH.,src_mineduc_cn03,src_daniela_map,{}
r_oah_cn03_c_skill_cn_observe,L1,oah_cn03_c,uses_atomic_skill,skill_cn_observe,semantic,decomposition_of_official_oah,expert_interpretation,expert_curated,0.95,Descomposición semántica del texto oficial del OAH.,src_mineduc_cn03,src_daniela_map,{}
r_oah_cn03_c_skill_cn_measure,L1,oah_cn03_c,uses_atomic_skill,skill_cn_measure,semantic,decomposition_of_official_oah,expert_interpretation,expert_curated,0.95,Descomposición semántica del texto oficial del OAH.,src_mineduc_cn03,src_daniela_map,{}
r_oah_cn03_c_skill_cn_record,L1,oah_cn03_c,uses_atomic_skill,skill_cn_record,semantic,decomposition_of_official_oah,expert_interpretation,expert_curated,0.95,Descomposición semántica del texto oficial del OAH.,src_mineduc_cn03,src_daniela_map,{}
r_oah_cn03_c_skill_cn_organize_data,L1,oah_cn03_c,uses_atomic_skill,skill_cn_organize_data,semantic,decomposition_of_official_oah,expert_interpretation,expert_curated,0.95,Descomposición semántica del texto oficial del OAH.,src_mineduc_cn03,src_daniela_map,{}
r_oah_cn03_d_skill_cn_use_instruments,L1,oah_cn03_d,uses_atomic_skill,skill_cn_use_instruments,semantic,decomposition_of_official_oah,expert_interpretation,expert_curated,0.95,Descomposición semántica del texto oficial del OAH.,src_mineduc_cn03,src_daniela_map,{}
r_oah_cn03_d_skill_cn_observe,L1,oah_cn03_d,uses_atomic_skill,skill_cn_observe,semantic,decomposition_of_official_oah,expert_interpretation,expert_curated,0.95,Descomposición semántica del texto oficial del OAH.,src_mineduc_cn03,src_daniela_map,{}
r_oah_cn03_d_skill_cn_measure,L1,oah_cn03_d,uses_atomic_skill,skill_cn_measure,semantic,decomposition_of_official_oah,expert_interpretation,expert_curated,0.95,Descomposición semántica del texto oficial del OAH.,src_mineduc_cn03,src_daniela_map,{}
r_oah_cn03_e_skill_cn_summarize_evidence,L1,oah_cn03_e,uses_atomic_skill,skill_cn_summarize_evidence,semantic,decomposition_of_official_oah,expert_interpretation,expert_curated,0.95,Descomposición semántica del texto oficial del OAH.,src_mineduc_cn03,src_daniela_map,{}
r_oah_cn03_e_skill_cn_analyze,L1,oah_cn03_e,uses_atomic_skill,skill_cn_analyze,semantic,decomposition_of_official_oah,expert_interpretation,expert_curated,0.95,Descomposición semántica del texto oficial del OAH.,src_mineduc_cn03,src_daniela_map,{}
r_oah_cn03_f_skill_cn_communicate,L1,oah_cn03_f,uses_atomic_skill,skill_cn_communicate,semantic,decomposition_of_official_oah,expert_interpretation,expert_curated,0.95,Descomposición semántica del texto oficial del OAH.,src_mineduc_cn03,src_daniela_map,{}
r_oah_cn03_f_skill_cn_compare,L1,oah_cn03_f,uses_atomic_skill,skill_cn_compare,semantic,decomposition_of_official_oah,expert_interpretation,expert_curated,0.95,Descomposición semántica del texto oficial del OAH.,src_mineduc_cn03,src_daniela_map,{}
r_oah_cn03_f_skill_cn_use_models,L1,oah_cn03_f,uses_atomic_skill,skill_cn_use_models,semantic,decomposition_of_official_oah,expert_interpretation,expert_curated,0.95,Descomposición semántica del texto oficial del OAH.,src_mineduc_cn03,src_daniela_map,{}
r_fw_grade,L1,cl_mineduc_bc_1_6,includes_grade,grade_cl_3b,structural,official_structure,official_curriculum,verified,1.0,Estructura del currículum oficial.,src_mineduc_cn03,,{}
r_fw_subj,L1,cl_mineduc_bc_1_6,has_subject,subj_cn,structural,official_structure,official_curriculum,verified,1.0,Estructura del currículum oficial.,src_mineduc_cn03,,{}
r_subj_axis_life,L1,subj_cn,has_axis,axis_cn_life,structural,official_structure,official_curriculum,verified,1.0,Estructura del currículum oficial.,src_mineduc_cn03,,{}
r_axis_oa03,L1,axis_cn_life,has_learning_objective,oa_cn03_03,structural,official_structure,official_curriculum,verified,1.0,Estructura del currículum oficial.,src_mineduc_cn03,,{}
r_axis_oa01,L1,axis_cn_life,has_learning_objective,oa_cn03_01,structural,official_structure,official_curriculum,verified,1.0,Estructura del currículum oficial.,src_mineduc_cn03,,{}
r_axis_oa04,L1,axis_cn_life,has_learning_objective,oa_cn03_04,structural,official_structure,official_curriculum,verified,1.0,Estructura del currículum oficial.,src_mineduc_cn03,,{}
r_oa03_grade,L1,oa_cn03_03,applies_to_grade,grade_cl_3b,structural,official_structure,official_curriculum,verified,1.0,Estructura del currículum oficial.,src_mineduc_cn03,,{}
r_oa03_target_concept_cn_flowering_lifecycle,L1,oa_cn03_03,targets_concept,concept_cn_flowering_lifecycle,semantic,expert_decomposition_from_official_oa,expert_interpretation,expert_curated,0.98,El concepto está explícito o directamente contenido en el texto del OA03.,src_cn03_oa_03,src_daniela_map,{}
r_oa03_target_concept_cn_germination,L1,oa_cn03_03,targets_concept,concept_cn_germination,semantic,expert_decomposition_from_official_oa,expert_interpretation,expert_curated,0.98,El concepto está explícito o directamente contenido en el texto del OA03.,src_cn03_oa_03,src_daniela_map,{}
r_oa03_target_concept_cn_plant_growth,L1,oa_cn03_03,targets_concept,concept_cn_plant_growth,semantic,expert_decomposition_from_official_oa,expert_interpretation,expert_curated,0.98,El concepto está explícito o directamente contenido en el texto del OA03.,src_cn03_oa_03,src_daniela_map,{}
r_oa03_target_concept_cn_plant_reproduction,L1,oa_cn03_03,targets_concept,concept_cn_plant_reproduction,semantic,expert_decomposition_from_official_oa,expert_interpretation,expert_curated,0.98,El concepto está explícito o directamente contenido en el texto del OA03.,src_cn03_oa_03,src_daniela_map,{}
r_oa03_target_concept_cn_flower_fruit,L1,oa_cn03_03,targets_concept,concept_cn_flower_fruit,semantic,expert_decomposition_from_official_oa,expert_interpretation,expert_curated,0.98,El concepto está explícito o directamente contenido en el texto del OA03.,src_cn03_oa_03,src_daniela_map,{}
r_oa03_target_concept_cn_pollination,L1,oa_cn03_03,targets_concept,concept_cn_pollination,semantic,expert_decomposition_from_official_oa,expert_interpretation,expert_curated,0.98,El concepto está explícito o directamente contenido en el texto del OA03.,src_cn03_oa_03,src_daniela_map,{}
r_oa03_target_concept_cn_seed_dispersal,L1,oa_cn03_03,targets_concept,concept_cn_seed_dispersal,semantic,expert_decomposition_from_official_oa,expert_interpretation,expert_curated,0.98,El concepto está explícito o directamente contenido en el texto del OA03.,src_cn03_oa_03,src_daniela_map,{}
r_pollination_pollen,L1,concept_cn_pollination,includes_construct,concept_erandi_pollen_transfer,semantic,scientific_semantic_extension,expert_synthesis,needs_expert_review,0.9,Descomposición científica para razonar sobre el mecanismo de polinización.,src_nrc_framework,,{}
r_bees_pollination,L1,theme_bees,relates_to,concept_cn_pollination,semantic,erandi_theme_mapping,expert_synthesis,expert_curated,0.98,Abejas como fenómeno de entrada para explorar polinización.,src_cn03_oa_03,,{}
r_bees_pollinator,L1,theme_bees,instantiates,concept_erandi_pollinator,semantic,expert_semantic_mapping,expert_synthesis,expert_curated,0.95,La abeja funciona como ejemplo de polinizador en el proyecto.,src_nrc_framework,,{}
r_expert_prog_1,L1,concept_cn_plant_structures,builds_towards,concept_cn_plant_needs,progression,expert_inference_from_curriculum_and_science,expert_synthesis,needs_expert_review,0.78,Comprender estructuras facilita razonar sobre necesidades y funciones.,src_daniela_map,src_cn03_oa_03,"{""official_relation"":false,""display_in_graph"":true}"
r_expert_prog_2,L1,concept_cn_life_cycles,builds_towards,concept_cn_flowering_lifecycle,progression,expert_inference_from_curriculum_and_science,expert_synthesis,needs_expert_review,0.78,La idea general de ciclo de vida apoya la comprensión del ciclo de plantas con flor.,src_daniela_map,src_cn03_oa_03,"{""official_relation"":false,""display_in_graph"":true}"
r_expert_prog_3,L1,concept_cn_flowering_lifecycle,builds_towards,concept_cn_plant_reproduction,progression,expert_inference_from_curriculum_and_science,expert_synthesis,needs_expert_review,0.78,El ciclo con flor sitúa la reproducción dentro de una secuencia temporal.,src_daniela_map,src_cn03_oa_03,"{""official_relation"":false,""display_in_graph"":true}"
r_expert_prog_4,L1,concept_cn_flower_fruit,relates_to,concept_cn_pollination,progression,expert_inference_from_curriculum_and_science,expert_synthesis,needs_expert_review,0.78,La polinización se vincula con procesos reproductivos de las plantas con flor.,src_daniela_map,src_cn03_oa_03,"{""official_relation"":false,""display_in_graph"":true}"
r_expert_prog_5,L1,concept_cn_pollination,builds_towards,concept_cn_plant_reproduction,progression,expert_inference_from_curriculum_and_science,expert_synthesis,needs_expert_review,0.78,Comprender la polinización ayuda a explicar reproducción en plantas con flor.,src_daniela_map,src_cn03_oa_03,"{""official_relation"":false,""display_in_graph"":true}"
r_expert_prog_6,L1,concept_cn_pollination,relates_to,concept_cn_plant_importance,progression,expert_inference_from_curriculum_and_science,expert_synthesis,needs_expert_review,0.78,La polinización permite conectar reproducción vegetal con importancia ecológica.,src_daniela_map,src_cn03_oa_03,"{""official_relation"":false,""display_in_graph"":true}"
r_domain_science_prac_sci_observation,L2,domain_science,has_practice,prac_sci_observation,structural,framework_structure,expert_synthesis,expert_curated,0.85,Práctica ubicada dentro del dominio STEAM correspondiente.,src_mineduc_cn03,,{}
r_domain_science_prac_sci_questioning,L2,domain_science,has_practice,prac_sci_questioning,structural,framework_structure,external_framework,verified_external,1.0,Práctica ubicada dentro del dominio STEAM correspondiente.,src_nrc_framework,,{}
r_domain_science_prac_sci_prediction,L2,domain_science,has_practice,prac_sci_prediction,structural,framework_structure,expert_synthesis,expert_curated,0.85,Práctica ubicada dentro del dominio STEAM correspondiente.,src_mineduc_cn03,,{}
r_domain_science_prac_sci_modeling,L2,domain_science,has_practice,prac_sci_modeling,structural,framework_structure,external_framework,verified_external,1.0,Práctica ubicada dentro del dominio STEAM correspondiente.,src_nrc_framework,,{}
r_domain_science_prac_sci_investigation,L2,domain_science,has_practice,prac_sci_investigation,structural,framework_structure,external_framework,verified_external,1.0,Práctica ubicada dentro del dominio STEAM correspondiente.,src_nrc_framework,,{}
r_domain_science_prac_sci_data,L2,domain_science,has_practice,prac_sci_data,structural,framework_structure,external_framework,verified_external,1.0,Práctica ubicada dentro del dominio STEAM correspondiente.,src_nrc_framework,,{}
r_domain_science_prac_sci_mathcomp,L2,domain_science,has_practice,prac_sci_mathcomp,structural,framework_structure,external_framework,verified_external,1.0,Práctica ubicada dentro del dominio STEAM correspondiente.,src_nrc_framework,,{}
r_domain_science_prac_sci_explanation,L2,domain_science,has_practice,prac_sci_explanation,structural,framework_structure,external_framework,verified_external,1.0,Práctica ubicada dentro del dominio STEAM correspondiente.,src_nrc_framework,,{}
r_domain_science_prac_sci_argument,L2,domain_science,has_practice,prac_sci_argument,structural,framework_structure,external_framework,verified_external,1.0,Práctica ubicada dentro del dominio STEAM correspondiente.,src_nrc_framework,,{}
r_domain_science_prac_sci_communication,L2,domain_science,has_practice,prac_sci_communication,structural,framework_structure,external_framework,verified_external,1.0,Práctica ubicada dentro del dominio STEAM correspondiente.,src_nrc_framework,,{}
r_domain_science_prac_sci_systems,L2,domain_science,has_practice,prac_sci_systems,structural,framework_structure,expert_synthesis,needs_expert_review,0.85,Práctica ubicada dentro del dominio STEAM correspondiente.,src_nrc_framework,,{}
r_domain_engineering_prac_eng_define,L2,domain_engineering,has_practice,prac_eng_define,structural,framework_structure,external_framework,verified_external,1.0,Práctica ubicada dentro del dominio STEAM correspondiente.,src_nrc_framework,,{}
r_domain_engineering_prac_eng_criteria,L2,domain_engineering,has_practice,prac_eng_criteria,structural,framework_structure,expert_synthesis,needs_expert_review,0.85,Práctica ubicada dentro del dominio STEAM correspondiente.,src_nrc_framework,,{}
r_domain_engineering_prac_eng_ideate,L2,domain_engineering,has_practice,prac_eng_ideate,structural,framework_structure,expert_synthesis,needs_expert_review,0.85,Práctica ubicada dentro del dominio STEAM correspondiente.,src_nrc_framework,,{}
r_domain_engineering_prac_eng_modelproto,L2,domain_engineering,has_practice,prac_eng_modelproto,structural,framework_structure,external_framework,verified_external,1.0,Práctica ubicada dentro del dominio STEAM correspondiente.,src_nrc_framework,,{}
r_domain_engineering_prac_eng_test,L2,domain_engineering,has_practice,prac_eng_test,structural,framework_structure,external_framework,verified_external,1.0,Práctica ubicada dentro del dominio STEAM correspondiente.,src_nrc_framework,,{}
r_domain_engineering_prac_eng_iterate,L2,domain_engineering,has_practice,prac_eng_iterate,structural,framework_structure,expert_synthesis,needs_expert_review,0.85,Práctica ubicada dentro del dominio STEAM correspondiente.,src_nrc_framework,,{}
r_domain_engineering_prac_eng_tradeoffs,L2,domain_engineering,has_practice,prac_eng_tradeoffs,structural,framework_structure,expert_synthesis,needs_expert_review,0.85,Práctica ubicada dentro del dominio STEAM correspondiente.,src_nrc_framework,,{}
r_domain_engineering_prac_eng_argument,L2,domain_engineering,has_practice,prac_eng_argument,structural,framework_structure,external_framework,verified_external,1.0,Práctica ubicada dentro del dominio STEAM correspondiente.,src_nrc_framework,,{}
r_domain_engineering_prac_eng_communicate,L2,domain_engineering,has_practice,prac_eng_communicate,structural,framework_structure,external_framework,verified_external,1.0,Práctica ubicada dentro del dominio STEAM correspondiente.,src_nrc_framework,,{}
r_domain_engineering_prac_eng_systems,L2,domain_engineering,has_practice,prac_eng_systems,structural,framework_structure,expert_synthesis,needs_expert_review,0.85,Práctica ubicada dentro del dominio STEAM correspondiente.,src_nrc_framework,,{}
r_domain_math_prac_math_make_sense,L2,domain_math,has_practice,prac_math_make_sense,structural,framework_structure,external_framework,verified_external,1.0,Práctica ubicada dentro del dominio STEAM correspondiente.,src_ccss_math,,{}
r_domain_math_prac_math_reason_abstract,L2,domain_math,has_practice,prac_math_reason_abstract,structural,framework_structure,external_framework,verified_external,1.0,Práctica ubicada dentro del dominio STEAM correspondiente.,src_ccss_math,,{}
r_domain_math_prac_math_argument,L2,domain_math,has_practice,prac_math_argument,structural,framework_structure,external_framework,verified_external,1.0,Práctica ubicada dentro del dominio STEAM correspondiente.,src_ccss_math,,{}
r_domain_math_prac_math_model,L2,domain_math,has_practice,prac_math_model,structural,framework_structure,external_framework,verified_external,1.0,Práctica ubicada dentro del dominio STEAM correspondiente.,src_ccss_math,,{}
r_domain_math_prac_math_tools,L2,domain_math,has_practice,prac_math_tools,structural,framework_structure,external_framework,verified_external,1.0,Práctica ubicada dentro del dominio STEAM correspondiente.,src_ccss_math,,{}
r_domain_math_prac_math_precision,L2,domain_math,has_practice,prac_math_precision,structural,framework_structure,external_framework,verified_external,1.0,Práctica ubicada dentro del dominio STEAM correspondiente.,src_ccss_math,,{}
r_domain_math_prac_math_structure,L2,domain_math,has_practice,prac_math_structure,structural,framework_structure,external_framework,verified_external,1.0,Práctica ubicada dentro del dominio STEAM correspondiente.,src_ccss_math,,{}
r_domain_math_prac_math_regularity,L2,domain_math,has_practice,prac_math_regularity,structural,framework_structure,external_framework,verified_external,1.0,Práctica ubicada dentro del dominio STEAM correspondiente.,src_ccss_math,,{}
r_domain_computing_prac_cs_positive_impact,L2,domain_computing,has_practice,prac_cs_positive_impact,structural,framework_structure,external_framework,verified_external,1.0,Práctica ubicada dentro del dominio STEAM correspondiente.,src_csta_2026,,{}
r_domain_computing_prac_cs_rights_dignity,L2,domain_computing,has_practice,prac_cs_rights_dignity,structural,framework_structure,external_framework,verified_external,1.0,Práctica ubicada dentro del dominio STEAM correspondiente.,src_csta_2026,,{}
r_domain_computing_prac_cs_communicate,L2,domain_computing,has_practice,prac_cs_communicate,structural,framework_structure,external_framework,verified_external,1.0,Práctica ubicada dentro del dominio STEAM correspondiente.,src_csta_2026,,{}
r_domain_computing_prac_cs_manage,L2,domain_computing,has_practice,prac_cs_manage,structural,framework_structure,external_framework,verified_external,1.0,Práctica ubicada dentro del dominio STEAM correspondiente.,src_csta_2026,,{}
r_domain_computing_prac_cs_collaborate,L2,domain_computing,has_practice,prac_cs_collaborate,structural,framework_structure,external_framework,verified_external,1.0,Práctica ubicada dentro del dominio STEAM correspondiente.,src_csta_2026,,{}
r_domain_computing_prac_cs_define_problem,L2,domain_computing,has_practice,prac_cs_define_problem,structural,framework_structure,external_framework,verified_external,1.0,Práctica ubicada dentro del dominio STEAM correspondiente.,src_csta_2026,,{}
r_domain_computing_prac_cs_abstraction,L2,domain_computing,has_practice,prac_cs_abstraction,structural,framework_structure,external_framework,verified_external,1.0,Práctica ubicada dentro del dominio STEAM correspondiente.,src_csta_2026,,{}
r_domain_computing_prac_cs_create,L2,domain_computing,has_practice,prac_cs_create,structural,framework_structure,external_framework,verified_external,1.0,Práctica ubicada dentro del dominio STEAM correspondiente.,src_csta_2026,,{}
r_domain_computing_prac_cs_test_refine,L2,domain_computing,has_practice,prac_cs_test_refine,structural,framework_structure,external_framework,verified_external,1.0,Práctica ubicada dentro del dominio STEAM correspondiente.,src_csta_2026,,{}
r_domain_computing_prac_cs_users,L2,domain_computing,has_practice,prac_cs_users,structural,framework_structure,external_framework,verified_external,1.0,Práctica ubicada dentro del dominio STEAM correspondiente.,src_csta_2026,,{}
r_domain_computing_prac_cs_iterative_design,L2,domain_computing,has_practice,prac_cs_iterative_design,structural,framework_structure,external_framework,verified_external,1.0,Práctica ubicada dentro del dominio STEAM correspondiente.,src_csta_2026,,{}
r_domain_computing_prac_cs_empower,L2,domain_computing,has_practice,prac_cs_empower,structural,framework_structure,external_framework,verified_external,1.0,Práctica ubicada dentro del dominio STEAM correspondiente.,src_csta_2026,,{}
r_domain_arts_design_prac_art_generate,L2,domain_arts_design,has_practice,prac_art_generate,structural,framework_structure,external_framework,verified_external,1.0,Práctica ubicada dentro del dominio STEAM correspondiente.,src_ncas,,{}
r_domain_arts_design_prac_art_develop,L2,domain_arts_design,has_practice,prac_art_develop,structural,framework_structure,external_framework,verified_external,1.0,Práctica ubicada dentro del dominio STEAM correspondiente.,src_ncas,,{}
r_domain_arts_design_prac_art_refine,L2,domain_arts_design,has_practice,prac_art_refine,structural,framework_structure,external_framework,verified_external,1.0,Práctica ubicada dentro del dominio STEAM correspondiente.,src_ncas,,{}
r_domain_arts_design_prac_art_select_present,L2,domain_arts_design,has_practice,prac_art_select_present,structural,framework_structure,external_framework,verified_external,1.0,Práctica ubicada dentro del dominio STEAM correspondiente.,src_ncas,,{}
r_domain_arts_design_prac_art_prepare_present,L2,domain_arts_design,has_practice,prac_art_prepare_present,structural,framework_structure,external_framework,verified_external,1.0,Práctica ubicada dentro del dominio STEAM correspondiente.,src_ncas,,{}
r_domain_arts_design_prac_art_convey,L2,domain_arts_design,has_practice,prac_art_convey,structural,framework_structure,external_framework,verified_external,1.0,Práctica ubicada dentro del dominio STEAM correspondiente.,src_ncas,,{}
r_domain_arts_design_prac_art_perceive,L2,domain_arts_design,has_practice,prac_art_perceive,structural,framework_structure,external_framework,verified_external,1.0,Práctica ubicada dentro del dominio STEAM correspondiente.,src_ncas,,{}
r_domain_arts_design_prac_art_interpret,L2,domain_arts_design,has_practice,prac_art_interpret,structural,framework_structure,external_framework,verified_external,1.0,Práctica ubicada dentro del dominio STEAM correspondiente.,src_ncas,,{}
r_domain_arts_design_prac_art_evaluate,L2,domain_arts_design,has_practice,prac_art_evaluate,structural,framework_structure,external_framework,verified_external,1.0,Práctica ubicada dentro del dominio STEAM correspondiente.,src_ncas,,{}
r_domain_arts_design_prac_art_connect_personal,L2,domain_arts_design,has_practice,prac_art_connect_personal,structural,framework_structure,external_framework,verified_external,1.0,Práctica ubicada dentro del dominio STEAM correspondiente.,src_ncas,,{}
r_domain_arts_design_prac_art_connect_context,L2,domain_arts_design,has_practice,prac_art_connect_context,structural,framework_structure,external_framework,verified_external,1.0,Práctica ubicada dentro del dominio STEAM correspondiente.,src_ncas,,{}
r_prac_eng_ideate_comp_creativity,L2,prac_eng_ideate,creates_opportunity_for,comp_creativity,crosscutting,expert_crosswalk_across_frameworks,expert_synthesis,needs_expert_review,0.8,La práctica crea oportunidades auténticas para ejercer la competencia; no implica desarrollo automático.,src_nrc_framework,src_ccss_math;src_csta_2026;src_ncas,{}
r_prac_eng_modelproto_comp_creativity,L2,prac_eng_modelproto,creates_opportunity_for,comp_creativity,crosscutting,expert_crosswalk_across_frameworks,expert_synthesis,needs_expert_review,0.8,La práctica crea oportunidades auténticas para ejercer la competencia; no implica desarrollo automático.,src_nrc_framework,src_ccss_math;src_csta_2026;src_ncas,{}
r_prac_eng_iterate_comp_creativity,L2,prac_eng_iterate,creates_opportunity_for,comp_creativity,crosscutting,expert_crosswalk_across_frameworks,expert_synthesis,needs_expert_review,0.8,La práctica crea oportunidades auténticas para ejercer la competencia; no implica desarrollo automático.,src_nrc_framework,src_ccss_math;src_csta_2026;src_ncas,{}
r_prac_cs_create_comp_creativity,L2,prac_cs_create,creates_opportunity_for,comp_creativity,crosscutting,expert_crosswalk_across_frameworks,expert_synthesis,needs_expert_review,0.8,La práctica crea oportunidades auténticas para ejercer la competencia; no implica desarrollo automático.,src_nrc_framework,src_ccss_math;src_csta_2026;src_ncas,{}
r_prac_cs_iterative_design_comp_creativity,L2,prac_cs_iterative_design,creates_opportunity_for,comp_creativity,crosscutting,expert_crosswalk_across_frameworks,expert_synthesis,needs_expert_review,0.8,La práctica crea oportunidades auténticas para ejercer la competencia; no implica desarrollo automático.,src_nrc_framework,src_ccss_math;src_csta_2026;src_ncas,{}
r_prac_art_generate_comp_creativity,L2,prac_art_generate,creates_opportunity_for,comp_creativity,crosscutting,expert_crosswalk_across_frameworks,expert_synthesis,needs_expert_review,0.8,La práctica crea oportunidades auténticas para ejercer la competencia; no implica desarrollo automático.,src_nrc_framework,src_ccss_math;src_csta_2026;src_ncas,{}
r_prac_art_develop_comp_creativity,L2,prac_art_develop,creates_opportunity_for,comp_creativity,crosscutting,expert_crosswalk_across_frameworks,expert_synthesis,needs_expert_review,0.8,La práctica crea oportunidades auténticas para ejercer la competencia; no implica desarrollo automático.,src_nrc_framework,src_ccss_math;src_csta_2026;src_ncas,{}
r_prac_art_refine_comp_creativity,L2,prac_art_refine,creates_opportunity_for,comp_creativity,crosscutting,expert_crosswalk_across_frameworks,expert_synthesis,needs_expert_review,0.8,La práctica crea oportunidades auténticas para ejercer la competencia; no implica desarrollo automático.,src_nrc_framework,src_ccss_math;src_csta_2026;src_ncas,{}
r_prac_sci_modeling_comp_creativity,L2,prac_sci_modeling,creates_opportunity_for,comp_creativity,crosscutting,expert_crosswalk_across_frameworks,expert_synthesis,needs_expert_review,0.8,La práctica crea oportunidades auténticas para ejercer la competencia; no implica desarrollo automático.,src_nrc_framework,src_ccss_math;src_csta_2026;src_ncas,{}
r_prac_sci_data_comp_critical_thinking,L2,prac_sci_data,creates_opportunity_for,comp_critical_thinking,crosscutting,expert_crosswalk_across_frameworks,expert_synthesis,needs_expert_review,0.8,La práctica crea oportunidades auténticas para ejercer la competencia; no implica desarrollo automático.,src_nrc_framework,src_ccss_math;src_csta_2026;src_ncas,{}
r_prac_sci_explanation_comp_critical_thinking,L2,prac_sci_explanation,creates_opportunity_for,comp_critical_thinking,crosscutting,expert_crosswalk_across_frameworks,expert_synthesis,needs_expert_review,0.8,La práctica crea oportunidades auténticas para ejercer la competencia; no implica desarrollo automático.,src_nrc_framework,src_ccss_math;src_csta_2026;src_ncas,{}
r_prac_sci_argument_comp_critical_thinking,L2,prac_sci_argument,creates_opportunity_for,comp_critical_thinking,crosscutting,expert_crosswalk_across_frameworks,expert_synthesis,needs_expert_review,0.8,La práctica crea oportunidades auténticas para ejercer la competencia; no implica desarrollo automático.,src_nrc_framework,src_ccss_math;src_csta_2026;src_ncas,{}
r_prac_sci_systems_comp_critical_thinking,L2,prac_sci_systems,creates_opportunity_for,comp_critical_thinking,crosscutting,expert_crosswalk_across_frameworks,expert_synthesis,needs_expert_review,0.8,La práctica crea oportunidades auténticas para ejercer la competencia; no implica desarrollo automático.,src_nrc_framework,src_ccss_math;src_csta_2026;src_ncas,{}
r_prac_eng_tradeoffs_comp_critical_thinking,L2,prac_eng_tradeoffs,creates_opportunity_for,comp_critical_thinking,crosscutting,expert_crosswalk_across_frameworks,expert_synthesis,needs_expert_review,0.8,La práctica crea oportunidades auténticas para ejercer la competencia; no implica desarrollo automático.,src_nrc_framework,src_ccss_math;src_csta_2026;src_ncas,{}
r_prac_math_argument_comp_critical_thinking,L2,prac_math_argument,creates_opportunity_for,comp_critical_thinking,crosscutting,expert_crosswalk_across_frameworks,expert_synthesis,needs_expert_review,0.8,La práctica crea oportunidades auténticas para ejercer la competencia; no implica desarrollo automático.,src_nrc_framework,src_ccss_math;src_csta_2026;src_ncas,{}
r_prac_math_structure_comp_critical_thinking,L2,prac_math_structure,creates_opportunity_for,comp_critical_thinking,crosscutting,expert_crosswalk_across_frameworks,expert_synthesis,needs_expert_review,0.8,La práctica crea oportunidades auténticas para ejercer la competencia; no implica desarrollo automático.,src_nrc_framework,src_ccss_math;src_csta_2026;src_ncas,{}
r_prac_art_evaluate_comp_critical_thinking,L2,prac_art_evaluate,creates_opportunity_for,comp_critical_thinking,crosscutting,expert_crosswalk_across_frameworks,expert_synthesis,needs_expert_review,0.8,La práctica crea oportunidades auténticas para ejercer la competencia; no implica desarrollo automático.,src_nrc_framework,src_ccss_math;src_csta_2026;src_ncas,{}
r_prac_cs_abstraction_comp_critical_thinking,L2,prac_cs_abstraction,creates_opportunity_for,comp_critical_thinking,crosscutting,expert_crosswalk_across_frameworks,expert_synthesis,needs_expert_review,0.8,La práctica crea oportunidades auténticas para ejercer la competencia; no implica desarrollo automático.,src_nrc_framework,src_ccss_math;src_csta_2026;src_ncas,{}
r_prac_eng_define_comp_problem_solving,L2,prac_eng_define,creates_opportunity_for,comp_problem_solving,crosscutting,expert_crosswalk_across_frameworks,expert_synthesis,needs_expert_review,0.8,La práctica crea oportunidades auténticas para ejercer la competencia; no implica desarrollo automático.,src_nrc_framework,src_ccss_math;src_csta_2026;src_ncas,{}
r_prac_eng_criteria_comp_problem_solving,L2,prac_eng_criteria,creates_opportunity_for,comp_problem_solving,crosscutting,expert_crosswalk_across_frameworks,expert_synthesis,needs_expert_review,0.8,La práctica crea oportunidades auténticas para ejercer la competencia; no implica desarrollo automático.,src_nrc_framework,src_ccss_math;src_csta_2026;src_ncas,{}
r_prac_eng_test_comp_problem_solving,L2,prac_eng_test,creates_opportunity_for,comp_problem_solving,crosscutting,expert_crosswalk_across_frameworks,expert_synthesis,needs_expert_review,0.8,La práctica crea oportunidades auténticas para ejercer la competencia; no implica desarrollo automático.,src_nrc_framework,src_ccss_math;src_csta_2026;src_ncas,{}
r_prac_eng_iterate_comp_problem_solving,L2,prac_eng_iterate,creates_opportunity_for,comp_problem_solving,crosscutting,expert_crosswalk_across_frameworks,expert_synthesis,needs_expert_review,0.8,La práctica crea oportunidades auténticas para ejercer la competencia; no implica desarrollo automático.,src_nrc_framework,src_ccss_math;src_csta_2026;src_ncas,{}
r_prac_math_make_sense_comp_problem_solving,L2,prac_math_make_sense,creates_opportunity_for,comp_problem_solving,crosscutting,expert_crosswalk_across_frameworks,expert_synthesis,needs_expert_review,0.8,La práctica crea oportunidades auténticas para ejercer la competencia; no implica desarrollo automático.,src_nrc_framework,src_ccss_math;src_csta_2026;src_ncas,{}
r_prac_cs_define_problem_comp_problem_solving,L2,prac_cs_define_problem,creates_opportunity_for,comp_problem_solving,crosscutting,expert_crosswalk_across_frameworks,expert_synthesis,needs_expert_review,0.8,La práctica crea oportunidades auténticas para ejercer la competencia; no implica desarrollo automático.,src_nrc_framework,src_ccss_math;src_csta_2026;src_ncas,{}
r_prac_cs_test_refine_comp_problem_solving,L2,prac_cs_test_refine,creates_opportunity_for,comp_problem_solving,crosscutting,expert_crosswalk_across_frameworks,expert_synthesis,needs_expert_review,0.8,La práctica crea oportunidades auténticas para ejercer la competencia; no implica desarrollo automático.,src_nrc_framework,src_ccss_math;src_csta_2026;src_ncas,{}
r_prac_sci_communication_comp_communication,L2,prac_sci_communication,creates_opportunity_for,comp_communication,crosscutting,expert_crosswalk_across_frameworks,expert_synthesis,needs_expert_review,0.8,La práctica crea oportunidades auténticas para ejercer la competencia; no implica desarrollo automático.,src_nrc_framework,src_ccss_math;src_csta_2026;src_ncas,{}
r_prac_sci_argument_comp_communication,L2,prac_sci_argument,creates_opportunity_for,comp_communication,crosscutting,expert_crosswalk_across_frameworks,expert_synthesis,needs_expert_review,0.8,La práctica crea oportunidades auténticas para ejercer la competencia; no implica desarrollo automático.,src_nrc_framework,src_ccss_math;src_csta_2026;src_ncas,{}
r_prac_eng_communicate_comp_communication,L2,prac_eng_communicate,creates_opportunity_for,comp_communication,crosscutting,expert_crosswalk_across_frameworks,expert_synthesis,needs_expert_review,0.8,La práctica crea oportunidades auténticas para ejercer la competencia; no implica desarrollo automático.,src_nrc_framework,src_ccss_math;src_csta_2026;src_ncas,{}
r_prac_math_argument_comp_communication,L2,prac_math_argument,creates_opportunity_for,comp_communication,crosscutting,expert_crosswalk_across_frameworks,expert_synthesis,needs_expert_review,0.8,La práctica crea oportunidades auténticas para ejercer la competencia; no implica desarrollo automático.,src_nrc_framework,src_ccss_math;src_csta_2026;src_ncas,{}
r_prac_cs_communicate_comp_communication,L2,prac_cs_communicate,creates_opportunity_for,comp_communication,crosscutting,expert_crosswalk_across_frameworks,expert_synthesis,needs_expert_review,0.8,La práctica crea oportunidades auténticas para ejercer la competencia; no implica desarrollo automático.,src_nrc_framework,src_ccss_math;src_csta_2026;src_ncas,{}
r_prac_art_convey_comp_communication,L2,prac_art_convey,creates_opportunity_for,comp_communication,crosscutting,expert_crosswalk_across_frameworks,expert_synthesis,needs_expert_review,0.8,La práctica crea oportunidades auténticas para ejercer la competencia; no implica desarrollo automático.,src_nrc_framework,src_ccss_math;src_csta_2026;src_ncas,{}
r_prac_art_interpret_comp_communication,L2,prac_art_interpret,creates_opportunity_for,comp_communication,crosscutting,expert_crosswalk_across_frameworks,expert_synthesis,needs_expert_review,0.8,La práctica crea oportunidades auténticas para ejercer la competencia; no implica desarrollo automático.,src_nrc_framework,src_ccss_math;src_csta_2026;src_ncas,{}
r_prac_eng_ideate_comp_collaboration,L2,prac_eng_ideate,creates_opportunity_for,comp_collaboration,crosscutting,expert_crosswalk_across_frameworks,expert_synthesis,needs_expert_review,0.8,La práctica crea oportunidades auténticas para ejercer la competencia; no implica desarrollo automático.,src_nrc_framework,src_ccss_math;src_csta_2026;src_ncas,{}
r_prac_eng_test_comp_collaboration,L2,prac_eng_test,creates_opportunity_for,comp_collaboration,crosscutting,expert_crosswalk_across_frameworks,expert_synthesis,needs_expert_review,0.8,La práctica crea oportunidades auténticas para ejercer la competencia; no implica desarrollo automático.,src_nrc_framework,src_ccss_math;src_csta_2026;src_ncas,{}
r_prac_cs_collaborate_comp_collaboration,L2,prac_cs_collaborate,creates_opportunity_for,comp_collaboration,crosscutting,expert_crosswalk_across_frameworks,expert_synthesis,needs_expert_review,0.8,La práctica crea oportunidades auténticas para ejercer la competencia; no implica desarrollo automático.,src_nrc_framework,src_ccss_math;src_csta_2026;src_ncas,{}
r_prac_art_refine_comp_collaboration,L2,prac_art_refine,creates_opportunity_for,comp_collaboration,crosscutting,expert_crosswalk_across_frameworks,expert_synthesis,needs_expert_review,0.8,La práctica crea oportunidades auténticas para ejercer la competencia; no implica desarrollo automático.,src_nrc_framework,src_ccss_math;src_csta_2026;src_ncas,{}
r_prac_sci_investigation_comp_collaboration,L2,prac_sci_investigation,creates_opportunity_for,comp_collaboration,crosscutting,expert_crosswalk_across_frameworks,expert_synthesis,needs_expert_review,0.8,La práctica crea oportunidades auténticas para ejercer la competencia; no implica desarrollo automático.,src_nrc_framework,src_ccss_math;src_csta_2026;src_ncas,{}
r_prac_sci_observation_has_1,L2,prac_sci_observation,has_progression_level,prog_prac_sci_observation_L1,progression,erandi_progression_synthesis,expert_synthesis,needs_expert_review,0.72,Progresión de Erandi: útil para razonamiento y prototipo; no se presenta como progresión oficial del marco fuente.,src_mineduc_cn03,,"{""official_relation"":false}"
r_prac_sci_observation_has_2,L2,prac_sci_observation,has_progression_level,prog_prac_sci_observation_L2,progression,erandi_progression_synthesis,expert_synthesis,needs_expert_review,0.72,Progresión de Erandi: útil para razonamiento y prototipo; no se presenta como progresión oficial del marco fuente.,src_mineduc_cn03,,"{""official_relation"":false}"
r_prog_prac_sci_observation_L1_next,L2,prog_prac_sci_observation_L1,next_level,prog_prac_sci_observation_L2,progression,ordered_progression,expert_synthesis,needs_expert_review,0.85,Orden propuesto de sofisticación creciente; no implica secuencia rígida ni etiqueta permanente.,src_mineduc_cn03,,"{""official_relation"":false}"
r_prac_sci_observation_has_3,L2,prac_sci_observation,has_progression_level,prog_prac_sci_observation_L3,progression,erandi_progression_synthesis,expert_synthesis,needs_expert_review,0.72,Progresión de Erandi: útil para razonamiento y prototipo; no se presenta como progresión oficial del marco fuente.,src_mineduc_cn03,,"{""official_relation"":false}"
r_prog_prac_sci_observation_L2_next,L2,prog_prac_sci_observation_L2,next_level,prog_prac_sci_observation_L3,progression,ordered_progression,expert_synthesis,needs_expert_review,0.85,Orden propuesto de sofisticación creciente; no implica secuencia rígida ni etiqueta permanente.,src_mineduc_cn03,,"{""official_relation"":false}"
r_prac_sci_observation_has_4,L2,prac_sci_observation,has_progression_level,prog_prac_sci_observation_L4,progression,erandi_progression_synthesis,expert_synthesis,needs_expert_review,0.72,Progresión de Erandi: útil para razonamiento y prototipo; no se presenta como progresión oficial del marco fuente.,src_mineduc_cn03,,"{""official_relation"":false}"
r_prog_prac_sci_observation_L3_next,L2,prog_prac_sci_observation_L3,next_level,prog_prac_sci_observation_L4,progression,ordered_progression,expert_synthesis,needs_expert_review,0.85,Orden propuesto de sofisticación creciente; no implica secuencia rígida ni etiqueta permanente.,src_mineduc_cn03,,"{""official_relation"":false}"
r_prac_sci_questioning_has_1,L2,prac_sci_questioning,has_progression_level,prog_prac_sci_questioning_L1,progression,erandi_progression_synthesis,expert_synthesis,needs_expert_review,0.72,Progresión de Erandi: útil para razonamiento y prototipo; no se presenta como progresión oficial del marco fuente.,src_nrc_framework,,"{""official_relation"":false}"
r_prac_sci_questioning_has_2,L2,prac_sci_questioning,has_progression_level,prog_prac_sci_questioning_L2,progression,erandi_progression_synthesis,expert_synthesis,needs_expert_review,0.72,Progresión de Erandi: útil para razonamiento y prototipo; no se presenta como progresión oficial del marco fuente.,src_nrc_framework,,"{""official_relation"":false}"
r_prog_prac_sci_questioning_L1_next,L2,prog_prac_sci_questioning_L1,next_level,prog_prac_sci_questioning_L2,progression,ordered_progression,expert_synthesis,needs_expert_review,0.85,Orden propuesto de sofisticación creciente; no implica secuencia rígida ni etiqueta permanente.,src_nrc_framework,,"{""official_relation"":false}"
r_prac_sci_questioning_has_3,L2,prac_sci_questioning,has_progression_level,prog_prac_sci_questioning_L3,progression,erandi_progression_synthesis,expert_synthesis,needs_expert_review,0.72,Progresión de Erandi: útil para razonamiento y prototipo; no se presenta como progresión oficial del marco fuente.,src_nrc_framework,,"{""official_relation"":false}"
r_prog_prac_sci_questioning_L2_next,L2,prog_prac_sci_questioning_L2,next_level,prog_prac_sci_questioning_L3,progression,ordered_progression,expert_synthesis,needs_expert_review,0.85,Orden propuesto de sofisticación creciente; no implica secuencia rígida ni etiqueta permanente.,src_nrc_framework,,"{""official_relation"":false}"
r_prac_sci_questioning_has_4,L2,prac_sci_questioning,has_progression_level,prog_prac_sci_questioning_L4,progression,erandi_progression_synthesis,expert_synthesis,needs_expert_review,0.72,Progresión de Erandi: útil para razonamiento y prototipo; no se presenta como progresión oficial del marco fuente.,src_nrc_framework,,"{""official_relation"":false}"
r_prog_prac_sci_questioning_L3_next,L2,prog_prac_sci_questioning_L3,next_level,prog_prac_sci_questioning_L4,progression,ordered_progression,expert_synthesis,needs_expert_review,0.85,Orden propuesto de sofisticación creciente; no implica secuencia rígida ni etiqueta permanente.,src_nrc_framework,,"{""official_relation"":false}"
r_prac_sci_prediction_has_1,L2,prac_sci_prediction,has_progression_level,prog_prac_sci_prediction_L1,progression,erandi_progression_synthesis,expert_synthesis,needs_expert_review,0.72,Progresión de Erandi: útil para razonamiento y prototipo; no se presenta como progresión oficial del marco fuente.,src_mineduc_cn03,,"{""official_relation"":false}"
r_prac_sci_prediction_has_2,L2,prac_sci_prediction,has_progression_level,prog_prac_sci_prediction_L2,progression,erandi_progression_synthesis,expert_synthesis,needs_expert_review,0.72,Progresión de Erandi: útil para razonamiento y prototipo; no se presenta como progresión oficial del marco fuente.,src_mineduc_cn03,,"{""official_relation"":false}"
r_prog_prac_sci_prediction_L1_next,L2,prog_prac_sci_prediction_L1,next_level,prog_prac_sci_prediction_L2,progression,ordered_progression,expert_synthesis,needs_expert_review,0.85,Orden propuesto de sofisticación creciente; no implica secuencia rígida ni etiqueta permanente.,src_mineduc_cn03,,"{""official_relation"":false}"
r_prac_sci_prediction_has_3,L2,prac_sci_prediction,has_progression_level,prog_prac_sci_prediction_L3,progression,erandi_progression_synthesis,expert_synthesis,needs_expert_review,0.72,Progresión de Erandi: útil para razonamiento y prototipo; no se presenta como progresión oficial del marco fuente.,src_mineduc_cn03,,"{""official_relation"":false}"
r_prog_prac_sci_prediction_L2_next,L2,prog_prac_sci_prediction_L2,next_level,prog_prac_sci_prediction_L3,progression,ordered_progression,expert_synthesis,needs_expert_review,0.85,Orden propuesto de sofisticación creciente; no implica secuencia rígida ni etiqueta permanente.,src_mineduc_cn03,,"{""official_relation"":false}"
r_prac_sci_prediction_has_4,L2,prac_sci_prediction,has_progression_level,prog_prac_sci_prediction_L4,progression,erandi_progression_synthesis,expert_synthesis,needs_expert_review,0.72,Progresión de Erandi: útil para razonamiento y prototipo; no se presenta como progresión oficial del marco fuente.,src_mineduc_cn03,,"{""official_relation"":false}"
r_prog_prac_sci_prediction_L3_next,L2,prog_prac_sci_prediction_L3,next_level,prog_prac_sci_prediction_L4,progression,ordered_progression,expert_synthesis,needs_expert_review,0.85,Orden propuesto de sofisticación creciente; no implica secuencia rígida ni etiqueta permanente.,src_mineduc_cn03,,"{""official_relation"":false}"
r_prac_sci_modeling_has_1,L2,prac_sci_modeling,has_progression_level,prog_prac_sci_modeling_L1,progression,erandi_progression_synthesis,expert_synthesis,needs_expert_review,0.72,Progresión de Erandi: útil para razonamiento y prototipo; no se presenta como progresión oficial del marco fuente.,src_nrc_framework,,"{""official_relation"":false}"
r_prac_sci_modeling_has_2,L2,prac_sci_modeling,has_progression_level,prog_prac_sci_modeling_L2,progression,erandi_progression_synthesis,expert_synthesis,needs_expert_review,0.72,Progresión de Erandi: útil para razonamiento y prototipo; no se presenta como progresión oficial del marco fuente.,src_nrc_framework,,"{""official_relation"":false}"
r_prog_prac_sci_modeling_L1_next,L2,prog_prac_sci_modeling_L1,next_level,prog_prac_sci_modeling_L2,progression,ordered_progression,expert_synthesis,needs_expert_review,0.85,Orden propuesto de sofisticación creciente; no implica secuencia rígida ni etiqueta permanente.,src_nrc_framework,,"{""official_relation"":false}"
r_prac_sci_modeling_has_3,L2,prac_sci_modeling,has_progression_level,prog_prac_sci_modeling_L3,progression,erandi_progression_synthesis,expert_synthesis,needs_expert_review,0.72,Progresión de Erandi: útil para razonamiento y prototipo; no se presenta como progresión oficial del marco fuente.,src_nrc_framework,,"{""official_relation"":false}"
r_prog_prac_sci_modeling_L2_next,L2,prog_prac_sci_modeling_L2,next_level,prog_prac_sci_modeling_L3,progression,ordered_progression,expert_synthesis,needs_expert_review,0.85,Orden propuesto de sofisticación creciente; no implica secuencia rígida ni etiqueta permanente.,src_nrc_framework,,"{""official_relation"":false}"
r_prac_sci_modeling_has_4,L2,prac_sci_modeling,has_progression_level,prog_prac_sci_modeling_L4,progression,erandi_progression_synthesis,expert_synthesis,needs_expert_review,0.72,Progresión de Erandi: útil para razonamiento y prototipo; no se presenta como progresión oficial del marco fuente.,src_nrc_framework,,"{""official_relation"":false}"
r_prog_prac_sci_modeling_L3_next,L2,prog_prac_sci_modeling_L3,next_level,prog_prac_sci_modeling_L4,progression,ordered_progression,expert_synthesis,needs_expert_review,0.85,Orden propuesto de sofisticación creciente; no implica secuencia rígida ni etiqueta permanente.,src_nrc_framework,,"{""official_relation"":false}"
r_prac_sci_investigation_has_1,L2,prac_sci_investigation,has_progression_level,prog_prac_sci_investigation_L1,progression,erandi_progression_synthesis,expert_synthesis,needs_expert_review,0.72,Progresión de Erandi: útil para razonamiento y prototipo; no se presenta como progresión oficial del marco fuente.,src_nrc_framework,,"{""official_relation"":false}"
r_prac_sci_investigation_has_2,L2,prac_sci_investigation,has_progression_level,prog_prac_sci_investigation_L2,progression,erandi_progression_synthesis,expert_synthesis,needs_expert_review,0.72,Progresión de Erandi: útil para razonamiento y prototipo; no se presenta como progresión oficial del marco fuente.,src_nrc_framework,,"{""official_relation"":false}"
r_prog_prac_sci_investigation_L1_next,L2,prog_prac_sci_investigation_L1,next_level,prog_prac_sci_investigation_L2,progression,ordered_progression,expert_synthesis,needs_expert_review,0.85,Orden propuesto de sofisticación creciente; no implica secuencia rígida ni etiqueta permanente.,src_nrc_framework,,"{""official_relation"":false}"
r_prac_sci_investigation_has_3,L2,prac_sci_investigation,has_progression_level,prog_prac_sci_investigation_L3,progression,erandi_progression_synthesis,expert_synthesis,needs_expert_review,0.72,Progresión de Erandi: útil para razonamiento y prototipo; no se presenta como progresión oficial del marco fuente.,src_nrc_framework,,"{""official_relation"":false}"
r_prog_prac_sci_investigation_L2_next,L2,prog_prac_sci_investigation_L2,next_level,prog_prac_sci_investigation_L3,progression,ordered_progression,expert_synthesis,needs_expert_review,0.85,Orden propuesto de sofisticación creciente; no implica secuencia rígida ni etiqueta permanente.,src_nrc_framework,,"{""official_relation"":false}"
r_prac_sci_investigation_has_4,L2,prac_sci_investigation,has_progression_level,prog_prac_sci_investigation_L4,progression,erandi_progression_synthesis,expert_synthesis,needs_expert_review,0.72,Progresión de Erandi: útil para razonamiento y prototipo; no se presenta como progresión oficial del marco fuente.,src_nrc_framework,,"{""official_relation"":false}"
r_prog_prac_sci_investigation_L3_next,L2,prog_prac_sci_investigation_L3,next_level,prog_prac_sci_investigation_L4,progression,ordered_progression,expert_synthesis,needs_expert_review,0.85,Orden propuesto de sofisticación creciente; no implica secuencia rígida ni etiqueta permanente.,src_nrc_framework,,"{""official_relation"":false}"
r_prac_sci_data_has_1,L2,prac_sci_data,has_progression_level,prog_prac_sci_data_L1,progression,erandi_progression_synthesis,expert_synthesis,needs_expert_review,0.72,Progresión de Erandi: útil para razonamiento y prototipo; no se presenta como progresión oficial del marco fuente.,src_nrc_framework,,"{""official_relation"":false}"
r_prac_sci_data_has_2,L2,prac_sci_data,has_progression_level,prog_prac_sci_data_L2,progression,erandi_progression_synthesis,expert_synthesis,needs_expert_review,0.72,Progresión de Erandi: útil para razonamiento y prototipo; no se presenta como progresión oficial del marco fuente.,src_nrc_framework,,"{""official_relation"":false}"
r_prog_prac_sci_data_L1_next,L2,prog_prac_sci_data_L1,next_level,prog_prac_sci_data_L2,progression,ordered_progression,expert_synthesis,needs_expert_review,0.85,Orden propuesto de sofisticación creciente; no implica secuencia rígida ni etiqueta permanente.,src_nrc_framework,,"{""official_relation"":false}"
r_prac_sci_data_has_3,L2,prac_sci_data,has_progression_level,prog_prac_sci_data_L3,progression,erandi_progression_synthesis,expert_synthesis,needs_expert_review,0.72,Progresión de Erandi: útil para razonamiento y prototipo; no se presenta como progresión oficial del marco fuente.,src_nrc_framework,,"{""official_relation"":false}"
r_prog_prac_sci_data_L2_next,L2,prog_prac_sci_data_L2,next_level,prog_prac_sci_data_L3,progression,ordered_progression,expert_synthesis,needs_expert_review,0.85,Orden propuesto de sofisticación creciente; no implica secuencia rígida ni etiqueta permanente.,src_nrc_framework,,"{""official_relation"":false}"
r_prac_sci_data_has_4,L2,prac_sci_data,has_progression_level,prog_prac_sci_data_L4,progression,erandi_progression_synthesis,expert_synthesis,needs_expert_review,0.72,Progresión de Erandi: útil para razonamiento y prototipo; no se presenta como progresión oficial del marco fuente.,src_nrc_framework,,"{""official_relation"":false}"
r_prog_prac_sci_data_L3_next,L2,prog_prac_sci_data_L3,next_level,prog_prac_sci_data_L4,progression,ordered_progression,expert_synthesis,needs_expert_review,0.85,Orden propuesto de sofisticación creciente; no implica secuencia rígida ni etiqueta permanente.,src_nrc_framework,,"{""official_relation"":false}"
r_prac_sci_mathcomp_has_1,L2,prac_sci_mathcomp,has_progression_level,prog_prac_sci_mathcomp_L1,progression,erandi_progression_synthesis,expert_synthesis,needs_expert_review,0.72,Progresión de Erandi: útil para razonamiento y prototipo; no se presenta como progresión oficial del marco fuente.,src_nrc_framework,,"{""official_relation"":false}"
r_prac_sci_mathcomp_has_2,L2,prac_sci_mathcomp,has_progression_level,prog_prac_sci_mathcomp_L2,progression,erandi_progression_synthesis,expert_synthesis,needs_expert_review,0.72,Progresión de Erandi: útil para razonamiento y prototipo; no se presenta como progresión oficial del marco fuente.,src_nrc_framework,,"{""official_relation"":false}"
r_prog_prac_sci_mathcomp_L1_next,L2,prog_prac_sci_mathcomp_L1,next_level,prog_prac_sci_mathcomp_L2,progression,ordered_progression,expert_synthesis,needs_expert_review,0.85,Orden propuesto de sofisticación creciente; no implica secuencia rígida ni etiqueta permanente.,src_nrc_framework,,"{""official_relation"":false}"
r_prac_sci_mathcomp_has_3,L2,prac_sci_mathcomp,has_progression_level,prog_prac_sci_mathcomp_L3,progression,erandi_progression_synthesis,expert_synthesis,needs_expert_review,0.72,Progresión de Erandi: útil para razonamiento y prototipo; no se presenta como progresión oficial del marco fuente.,src_nrc_framework,,"{""official_relation"":false}"
r_prog_prac_sci_mathcomp_L2_next,L2,prog_prac_sci_mathcomp_L2,next_level,prog_prac_sci_mathcomp_L3,progression,ordered_progression,expert_synthesis,needs_expert_review,0.85,Orden propuesto de sofisticación creciente; no implica secuencia rígida ni etiqueta permanente.,src_nrc_framework,,"{""official_relation"":false}"
r_prac_sci_explanation_has_1,L2,prac_sci_explanation,has_progression_level,prog_prac_sci_explanation_L1,progression,erandi_progression_synthesis,expert_synthesis,needs_expert_review,0.72,Progresión de Erandi: útil para razonamiento y prototipo; no se presenta como progresión oficial del marco fuente.,src_nrc_framework,,"{""official_relation"":false}"
r_prac_sci_explanation_has_2,L2,prac_sci_explanation,has_progression_level,prog_prac_sci_explanation_L2,progression,erandi_progression_synthesis,expert_synthesis,needs_expert_review,0.72,Progresión de Erandi: útil para razonamiento y prototipo; no se presenta como progresión oficial del marco fuente.,src_nrc_framework,,"{""official_relation"":false}"
r_prog_prac_sci_explanation_L1_next,L2,prog_prac_sci_explanation_L1,next_level,prog_prac_sci_explanation_L2,progression,ordered_progression,expert_synthesis,needs_expert_review,0.85,Orden propuesto de sofisticación creciente; no implica secuencia rígida ni etiqueta permanente.,src_nrc_framework,,"{""official_relation"":false}"
r_prac_sci_explanation_has_3,L2,prac_sci_explanation,has_progression_level,prog_prac_sci_explanation_L3,progression,erandi_progression_synthesis,expert_synthesis,needs_expert_review,0.72,Progresión de Erandi: útil para razonamiento y prototipo; no se presenta como progresión oficial del marco fuente.,src_nrc_framework,,"{""official_relation"":false}"
r_prog_prac_sci_explanation_L2_next,L2,prog_prac_sci_explanation_L2,next_level,prog_prac_sci_explanation_L3,progression,ordered_progression,expert_synthesis,needs_expert_review,0.85,Orden propuesto de sofisticación creciente; no implica secuencia rígida ni etiqueta permanente.,src_nrc_framework,,"{""official_relation"":false}"
r_prac_sci_explanation_has_4,L2,prac_sci_explanation,has_progression_level,prog_prac_sci_explanation_L4,progression,erandi_progression_synthesis,expert_synthesis,needs_expert_review,0.72,Progresión de Erandi: útil para razonamiento y prototipo; no se presenta como progresión oficial del marco fuente.,src_nrc_framework,,"{""official_relation"":false}"
r_prog_prac_sci_explanation_L3_next,L2,prog_prac_sci_explanation_L3,next_level,prog_prac_sci_explanation_L4,progression,ordered_progression,expert_synthesis,needs_expert_review,0.85,Orden propuesto de sofisticación creciente; no implica secuencia rígida ni etiqueta permanente.,src_nrc_framework,,"{""official_relation"":false}"
r_prac_sci_argument_has_1,L2,prac_sci_argument,has_progression_level,prog_prac_sci_argument_L1,progression,erandi_progression_synthesis,expert_synthesis,needs_expert_review,0.72,Progresión de Erandi: útil para razonamiento y prototipo; no se presenta como progresión oficial del marco fuente.,src_nrc_framework,,"{""official_relation"":false}"
r_prac_sci_argument_has_2,L2,prac_sci_argument,has_progression_level,prog_prac_sci_argument_L2,progression,erandi_progression_synthesis,expert_synthesis,needs_expert_review,0.72,Progresión de Erandi: útil para razonamiento y prototipo; no se presenta como progresión oficial del marco fuente.,src_nrc_framework,,"{""official_relation"":false}"
r_prog_prac_sci_argument_L1_next,L2,prog_prac_sci_argument_L1,next_level,prog_prac_sci_argument_L2,progression,ordered_progression,expert_synthesis,needs_expert_review,0.85,Orden propuesto de sofisticación creciente; no implica secuencia rígida ni etiqueta permanente.,src_nrc_framework,,"{""official_relation"":false}"
r_prac_sci_argument_has_3,L2,prac_sci_argument,has_progression_level,prog_prac_sci_argument_L3,progression,erandi_progression_synthesis,expert_synthesis,needs_expert_review,0.72,Progresión de Erandi: útil para razonamiento y prototipo; no se presenta como progresión oficial del marco fuente.,src_nrc_framework,,"{""official_relation"":false}"
r_prog_prac_sci_argument_L2_next,L2,prog_prac_sci_argument_L2,next_level,prog_prac_sci_argument_L3,progression,ordered_progression,expert_synthesis,needs_expert_review,0.85,Orden propuesto de sofisticación creciente; no implica secuencia rígida ni etiqueta permanente.,src_nrc_framework,,"{""official_relation"":false}"
r_prac_sci_argument_has_4,L2,prac_sci_argument,has_progression_level,prog_prac_sci_argument_L4,progression,erandi_progression_synthesis,expert_synthesis,needs_expert_review,0.72,Progresión de Erandi: útil para razonamiento y prototipo; no se presenta como progresión oficial del marco fuente.,src_nrc_framework,,"{""official_relation"":false}"
r_prog_prac_sci_argument_L3_next,L2,prog_prac_sci_argument_L3,next_level,prog_prac_sci_argument_L4,progression,ordered_progression,expert_synthesis,needs_expert_review,0.85,Orden propuesto de sofisticación creciente; no implica secuencia rígida ni etiqueta permanente.,src_nrc_framework,,"{""official_relation"":false}"
r_prac_sci_communication_has_1,L2,prac_sci_communication,has_progression_level,prog_prac_sci_communication_L1,progression,erandi_progression_synthesis,expert_synthesis,needs_expert_review,0.72,Progresión de Erandi: útil para razonamiento y prototipo; no se presenta como progresión oficial del marco fuente.,src_nrc_framework,,"{""official_relation"":false}"
r_prac_sci_communication_has_2,L2,prac_sci_communication,has_progression_level,prog_prac_sci_communication_L2,progression,erandi_progression_synthesis,expert_synthesis,needs_expert_review,0.72,Progresión de Erandi: útil para razonamiento y prototipo; no se presenta como progresión oficial del marco fuente.,src_nrc_framework,,"{""official_relation"":false}"
r_prog_prac_sci_communication_L1_next,L2,prog_prac_sci_communication_L1,next_level,prog_prac_sci_communication_L2,progression,ordered_progression,expert_synthesis,needs_expert_review,0.85,Orden propuesto de sofisticación creciente; no implica secuencia rígida ni etiqueta permanente.,src_nrc_framework,,"{""official_relation"":false}"
r_prac_sci_communication_has_3,L2,prac_sci_communication,has_progression_level,prog_prac_sci_communication_L3,progression,erandi_progression_synthesis,expert_synthesis,needs_expert_review,0.72,Progresión de Erandi: útil para razonamiento y prototipo; no se presenta como progresión oficial del marco fuente.,src_nrc_framework,,"{""official_relation"":false}"
r_prog_prac_sci_communication_L2_next,L2,prog_prac_sci_communication_L2,next_level,prog_prac_sci_communication_L3,progression,ordered_progression,expert_synthesis,needs_expert_review,0.85,Orden propuesto de sofisticación creciente; no implica secuencia rígida ni etiqueta permanente.,src_nrc_framework,,"{""official_relation"":false}"
r_prac_sci_communication_has_4,L2,prac_sci_communication,has_progression_level,prog_prac_sci_communication_L4,progression,erandi_progression_synthesis,expert_synthesis,needs_expert_review,0.72,Progresión de Erandi: útil para razonamiento y prototipo; no se presenta como progresión oficial del marco fuente.,src_nrc_framework,,"{""official_relation"":false}"
r_prog_prac_sci_communication_L3_next,L2,prog_prac_sci_communication_L3,next_level,prog_prac_sci_communication_L4,progression,ordered_progression,expert_synthesis,needs_expert_review,0.85,Orden propuesto de sofisticación creciente; no implica secuencia rígida ni etiqueta permanente.,src_nrc_framework,,"{""official_relation"":false}"
r_prac_sci_systems_has_1,L2,prac_sci_systems,has_progression_level,prog_prac_sci_systems_L1,progression,erandi_progression_synthesis,expert_synthesis,needs_expert_review,0.72,Progresión de Erandi: útil para razonamiento y prototipo; no se presenta como progresión oficial del marco fuente.,src_nrc_framework,,"{""official_relation"":false}"
r_prac_sci_systems_has_2,L2,prac_sci_systems,has_progression_level,prog_prac_sci_systems_L2,progression,erandi_progression_synthesis,expert_synthesis,needs_expert_review,0.72,Progresión de Erandi: útil para razonamiento y prototipo; no se presenta como progresión oficial del marco fuente.,src_nrc_framework,,"{""official_relation"":false}"
r_prog_prac_sci_systems_L1_next,L2,prog_prac_sci_systems_L1,next_level,prog_prac_sci_systems_L2,progression,ordered_progression,expert_synthesis,needs_expert_review,0.85,Orden propuesto de sofisticación creciente; no implica secuencia rígida ni etiqueta permanente.,src_nrc_framework,,"{""official_relation"":false}"
r_prac_sci_systems_has_3,L2,prac_sci_systems,has_progression_level,prog_prac_sci_systems_L3,progression,erandi_progression_synthesis,expert_synthesis,needs_expert_review,0.72,Progresión de Erandi: útil para razonamiento y prototipo; no se presenta como progresión oficial del marco fuente.,src_nrc_framework,,"{""official_relation"":false}"
r_prog_prac_sci_systems_L2_next,L2,prog_prac_sci_systems_L2,next_level,prog_prac_sci_systems_L3,progression,ordered_progression,expert_synthesis,needs_expert_review,0.85,Orden propuesto de sofisticación creciente; no implica secuencia rígida ni etiqueta permanente.,src_nrc_framework,,"{""official_relation"":false}"
r_prac_sci_systems_has_4,L2,prac_sci_systems,has_progression_level,prog_prac_sci_systems_L4,progression,erandi_progression_synthesis,expert_synthesis,needs_expert_review,0.72,Progresión de Erandi: útil para razonamiento y prototipo; no se presenta como progresión oficial del marco fuente.,src_nrc_framework,,"{""official_relation"":false}"
r_prog_prac_sci_systems_L3_next,L2,prog_prac_sci_systems_L3,next_level,prog_prac_sci_systems_L4,progression,ordered_progression,expert_synthesis,needs_expert_review,0.85,Orden propuesto de sofisticación creciente; no implica secuencia rígida ni etiqueta permanente.,src_nrc_framework,,"{""official_relation"":false}"
r_prac_eng_define_has_1,L2,prac_eng_define,has_progression_level,prog_prac_eng_define_L1,progression,erandi_progression_synthesis,expert_synthesis,needs_expert_review,0.72,Progresión de Erandi: útil para razonamiento y prototipo; no se presenta como progresión oficial del marco fuente.,src_nrc_framework,,"{""official_relation"":false}"
r_prac_eng_define_has_2,L2,prac_eng_define,has_progression_level,prog_prac_eng_define_L2,progression,erandi_progression_synthesis,expert_synthesis,needs_expert_review,0.72,Progresión de Erandi: útil para razonamiento y prototipo; no se presenta como progresión oficial del marco fuente.,src_nrc_framework,,"{""official_relation"":false}"
r_prog_prac_eng_define_L1_next,L2,prog_prac_eng_define_L1,next_level,prog_prac_eng_define_L2,progression,ordered_progression,expert_synthesis,needs_expert_review,0.85,Orden propuesto de sofisticación creciente; no implica secuencia rígida ni etiqueta permanente.,src_nrc_framework,,"{""official_relation"":false}"
r_prac_eng_define_has_3,L2,prac_eng_define,has_progression_level,prog_prac_eng_define_L3,progression,erandi_progression_synthesis,expert_synthesis,needs_expert_review,0.72,Progresión de Erandi: útil para razonamiento y prototipo; no se presenta como progresión oficial del marco fuente.,src_nrc_framework,,"{""official_relation"":false}"
r_prog_prac_eng_define_L2_next,L2,prog_prac_eng_define_L2,next_level,prog_prac_eng_define_L3,progression,ordered_progression,expert_synthesis,needs_expert_review,0.85,Orden propuesto de sofisticación creciente; no implica secuencia rígida ni etiqueta permanente.,src_nrc_framework,,"{""official_relation"":false}"
r_prac_eng_define_has_4,L2,prac_eng_define,has_progression_level,prog_prac_eng_define_L4,progression,erandi_progression_synthesis,expert_synthesis,needs_expert_review,0.72,Progresión de Erandi: útil para razonamiento y prototipo; no se presenta como progresión oficial del marco fuente.,src_nrc_framework,,"{""official_relation"":false}"
r_prog_prac_eng_define_L3_next,L2,prog_prac_eng_define_L3,next_level,prog_prac_eng_define_L4,progression,ordered_progression,expert_synthesis,needs_expert_review,0.85,Orden propuesto de sofisticación creciente; no implica secuencia rígida ni etiqueta permanente.,src_nrc_framework,,"{""official_relation"":false}"
r_prac_eng_criteria_has_1,L2,prac_eng_criteria,has_progression_level,prog_prac_eng_criteria_L1,progression,erandi_progression_synthesis,expert_synthesis,needs_expert_review,0.72,Progresión de Erandi: útil para razonamiento y prototipo; no se presenta como progresión oficial del marco fuente.,src_nrc_framework,,"{""official_relation"":false}"
r_prac_eng_criteria_has_2,L2,prac_eng_criteria,has_progression_level,prog_prac_eng_criteria_L2,progression,erandi_progression_synthesis,expert_synthesis,needs_expert_review,0.72,Progresión de Erandi: útil para razonamiento y prototipo; no se presenta como progresión oficial del marco fuente.,src_nrc_framework,,"{""official_relation"":false}"
r_prog_prac_eng_criteria_L1_next,L2,prog_prac_eng_criteria_L1,next_level,prog_prac_eng_criteria_L2,progression,ordered_progression,expert_synthesis,needs_expert_review,0.85,Orden propuesto de sofisticación creciente; no implica secuencia rígida ni etiqueta permanente.,src_nrc_framework,,"{""official_relation"":false}"
r_prac_eng_criteria_has_3,L2,prac_eng_criteria,has_progression_level,prog_prac_eng_criteria_L3,progression,erandi_progression_synthesis,expert_synthesis,needs_expert_review,0.72,Progresión de Erandi: útil para razonamiento y prototipo; no se presenta como progresión oficial del marco fuente.,src_nrc_framework,,"{""official_relation"":false}"
r_prog_prac_eng_criteria_L2_next,L2,prog_prac_eng_criteria_L2,next_level,prog_prac_eng_criteria_L3,progression,ordered_progression,expert_synthesis,needs_expert_review,0.85,Orden propuesto de sofisticación creciente; no implica secuencia rígida ni etiqueta permanente.,src_nrc_framework,,"{""official_relation"":false}"
r_prac_eng_criteria_has_4,L2,prac_eng_criteria,has_progression_level,prog_prac_eng_criteria_L4,progression,erandi_progression_synthesis,expert_synthesis,needs_expert_review,0.72,Progresión de Erandi: útil para razonamiento y prototipo; no se presenta como progresión oficial del marco fuente.,src_nrc_framework,,"{""official_relation"":false}"
r_prog_prac_eng_criteria_L3_next,L2,prog_prac_eng_criteria_L3,next_level,prog_prac_eng_criteria_L4,progression,ordered_progression,expert_synthesis,needs_expert_review,0.85,Orden propuesto de sofisticación creciente; no implica secuencia rígida ni etiqueta permanente.,src_nrc_framework,,"{""official_relation"":false}"
r_prac_eng_ideate_has_1,L2,prac_eng_ideate,has_progression_level,prog_prac_eng_ideate_L1,progression,erandi_progression_synthesis,expert_synthesis,needs_expert_review,0.72,Progresión de Erandi: útil para razonamiento y prototipo; no se presenta como progresión oficial del marco fuente.,src_nrc_framework,,"{""official_relation"":false}"
r_prac_eng_ideate_has_2,L2,prac_eng_ideate,has_progression_level,prog_prac_eng_ideate_L2,progression,erandi_progression_synthesis,expert_synthesis,needs_expert_review,0.72,Progresión de Erandi: útil para razonamiento y prototipo; no se presenta como progresión oficial del marco fuente.,src_nrc_framework,,"{""official_relation"":false}"
r_prog_prac_eng_ideate_L1_next,L2,prog_prac_eng_ideate_L1,next_level,prog_prac_eng_ideate_L2,progression,ordered_progression,expert_synthesis,needs_expert_review,0.85,Orden propuesto de sofisticación creciente; no implica secuencia rígida ni etiqueta permanente.,src_nrc_framework,,"{""official_relation"":false}"
r_prac_eng_ideate_has_3,L2,prac_eng_ideate,has_progression_level,prog_prac_eng_ideate_L3,progression,erandi_progression_synthesis,expert_synthesis,needs_expert_review,0.72,Progresión de Erandi: útil para razonamiento y prototipo; no se presenta como progresión oficial del marco fuente.,src_nrc_framework,,"{""official_relation"":false}"
r_prog_prac_eng_ideate_L2_next,L2,prog_prac_eng_ideate_L2,next_level,prog_prac_eng_ideate_L3,progression,ordered_progression,expert_synthesis,needs_expert_review,0.85,Orden propuesto de sofisticación creciente; no implica secuencia rígida ni etiqueta permanente.,src_nrc_framework,,"{""official_relation"":false}"
r_prac_eng_ideate_has_4,L2,prac_eng_ideate,has_progression_level,prog_prac_eng_ideate_L4,progression,erandi_progression_synthesis,expert_synthesis,needs_expert_review,0.72,Progresión de Erandi: útil para razonamiento y prototipo; no se presenta como progresión oficial del marco fuente.,src_nrc_framework,,"{""official_relation"":false}"
r_prog_prac_eng_ideate_L3_next,L2,prog_prac_eng_ideate_L3,next_level,prog_prac_eng_ideate_L4,progression,ordered_progression,expert_synthesis,needs_expert_review,0.85,Orden propuesto de sofisticación creciente; no implica secuencia rígida ni etiqueta permanente.,src_nrc_framework,,"{""official_relation"":false}"
r_prac_eng_modelproto_has_1,L2,prac_eng_modelproto,has_progression_level,prog_prac_eng_modelproto_L1,progression,erandi_progression_synthesis,expert_synthesis,needs_expert_review,0.72,Progresión de Erandi: útil para razonamiento y prototipo; no se presenta como progresión oficial del marco fuente.,src_nrc_framework,,"{""official_relation"":false}"
r_prac_eng_modelproto_has_2,L2,prac_eng_modelproto,has_progression_level,prog_prac_eng_modelproto_L2,progression,erandi_progression_synthesis,expert_synthesis,needs_expert_review,0.72,Progresión de Erandi: útil para razonamiento y prototipo; no se presenta como progresión oficial del marco fuente.,src_nrc_framework,,"{""official_relation"":false}"
r_prog_prac_eng_modelproto_L1_next,L2,prog_prac_eng_modelproto_L1,next_level,prog_prac_eng_modelproto_L2,progression,ordered_progression,expert_synthesis,needs_expert_review,0.85,Orden propuesto de sofisticación creciente; no implica secuencia rígida ni etiqueta permanente.,src_nrc_framework,,"{""official_relation"":false}"
r_prac_eng_modelproto_has_3,L2,prac_eng_modelproto,has_progression_level,prog_prac_eng_modelproto_L3,progression,erandi_progression_synthesis,expert_synthesis,needs_expert_review,0.72,Progresión de Erandi: útil para razonamiento y prototipo; no se presenta como progresión oficial del marco fuente.,src_nrc_framework,,"{""official_relation"":false}"
r_prog_prac_eng_modelproto_L2_next,L2,prog_prac_eng_modelproto_L2,next_level,prog_prac_eng_modelproto_L3,progression,ordered_progression,expert_synthesis,needs_expert_review,0.85,Orden propuesto de sofisticación creciente; no implica secuencia rígida ni etiqueta permanente.,src_nrc_framework,,"{""official_relation"":false}"
r_prac_eng_modelproto_has_4,L2,prac_eng_modelproto,has_progression_level,prog_prac_eng_modelproto_L4,progression,erandi_progression_synthesis,expert_synthesis,needs_expert_review,0.72,Progresión de Erandi: útil para razonamiento y prototipo; no se presenta como progresión oficial del marco fuente.,src_nrc_framework,,"{""official_relation"":false}"
r_prog_prac_eng_modelproto_L3_next,L2,prog_prac_eng_modelproto_L3,next_level,prog_prac_eng_modelproto_L4,progression,ordered_progression,expert_synthesis,needs_expert_review,0.85,Orden propuesto de sofisticación creciente; no implica secuencia rígida ni etiqueta permanente.,src_nrc_framework,,"{""official_relation"":false}"
r_prac_eng_test_has_1,L2,prac_eng_test,has_progression_level,prog_prac_eng_test_L1,progression,erandi_progression_synthesis,expert_synthesis,needs_expert_review,0.72,Progresión de Erandi: útil para razonamiento y prototipo; no se presenta como progresión oficial del marco fuente.,src_nrc_framework,,"{""official_relation"":false}"
r_prac_eng_test_has_2,L2,prac_eng_test,has_progression_level,prog_prac_eng_test_L2,progression,erandi_progression_synthesis,expert_synthesis,needs_expert_review,0.72,Progresión de Erandi: útil para razonamiento y prototipo; no se presenta como progresión oficial del marco fuente.,src_nrc_framework,,"{""official_relation"":false}"
r_prog_prac_eng_test_L1_next,L2,prog_prac_eng_test_L1,next_level,prog_prac_eng_test_L2,progression,ordered_progression,expert_synthesis,needs_expert_review,0.85,Orden propuesto de sofisticación creciente; no implica secuencia rígida ni etiqueta permanente.,src_nrc_framework,,"{""official_relation"":false}"
r_prac_eng_test_has_3,L2,prac_eng_test,has_progression_level,prog_prac_eng_test_L3,progression,erandi_progression_synthesis,expert_synthesis,needs_expert_review,0.72,Progresión de Erandi: útil para razonamiento y prototipo; no se presenta como progresión oficial del marco fuente.,src_nrc_framework,,"{""official_relation"":false}"
r_prog_prac_eng_test_L2_next,L2,prog_prac_eng_test_L2,next_level,prog_prac_eng_test_L3,progression,ordered_progression,expert_synthesis,needs_expert_review,0.85,Orden propuesto de sofisticación creciente; no implica secuencia rígida ni etiqueta permanente.,src_nrc_framework,,"{""official_relation"":false}"
r_prac_eng_test_has_4,L2,prac_eng_test,has_progression_level,prog_prac_eng_test_L4,progression,erandi_progression_synthesis,expert_synthesis,needs_expert_review,0.72,Progresión de Erandi: útil para razonamiento y prototipo; no se presenta como progresión oficial del marco fuente.,src_nrc_framework,,"{""official_relation"":false}"
r_prog_prac_eng_test_L3_next,L2,prog_prac_eng_test_L3,next_level,prog_prac_eng_test_L4,progression,ordered_progression,expert_synthesis,needs_expert_review,0.85,Orden propuesto de sofisticación creciente; no implica secuencia rígida ni etiqueta permanente.,src_nrc_framework,,"{""official_relation"":false}"
r_prac_eng_iterate_has_1,L2,prac_eng_iterate,has_progression_level,prog_prac_eng_iterate_L1,progression,erandi_progression_synthesis,expert_synthesis,needs_expert_review,0.72,Progresión de Erandi: útil para razonamiento y prototipo; no se presenta como progresión oficial del marco fuente.,src_nrc_framework,,"{""official_relation"":false}"
r_prac_eng_iterate_has_2,L2,prac_eng_iterate,has_progression_level,prog_prac_eng_iterate_L2,progression,erandi_progression_synthesis,expert_synthesis,needs_expert_review,0.72,Progresión de Erandi: útil para razonamiento y prototipo; no se presenta como progresión oficial del marco fuente.,src_nrc_framework,,"{""official_relation"":false}"
r_prog_prac_eng_iterate_L1_next,L2,prog_prac_eng_iterate_L1,next_level,prog_prac_eng_iterate_L2,progression,ordered_progression,expert_synthesis,needs_expert_review,0.85,Orden propuesto de sofisticación creciente; no implica secuencia rígida ni etiqueta permanente.,src_nrc_framework,,"{""official_relation"":false}"
r_prac_eng_iterate_has_3,L2,prac_eng_iterate,has_progression_level,prog_prac_eng_iterate_L3,progression,erandi_progression_synthesis,expert_synthesis,needs_expert_review,0.72,Progresión de Erandi: útil para razonamiento y prototipo; no se presenta como progresión oficial del marco fuente.,src_nrc_framework,,"{""official_relation"":false}"
r_prog_prac_eng_iterate_L2_next,L2,prog_prac_eng_iterate_L2,next_level,prog_prac_eng_iterate_L3,progression,ordered_progression,expert_synthesis,needs_expert_review,0.85,Orden propuesto de sofisticación creciente; no implica secuencia rígida ni etiqueta permanente.,src_nrc_framework,,"{""official_relation"":false}"
r_prac_eng_iterate_has_4,L2,prac_eng_iterate,has_progression_level,prog_prac_eng_iterate_L4,progression,erandi_progression_synthesis,expert_synthesis,needs_expert_review,0.72,Progresión de Erandi: útil para razonamiento y prototipo; no se presenta como progresión oficial del marco fuente.,src_nrc_framework,,"{""official_relation"":false}"
r_prog_prac_eng_iterate_L3_next,L2,prog_prac_eng_iterate_L3,next_level,prog_prac_eng_iterate_L4,progression,ordered_progression,expert_synthesis,needs_expert_review,0.85,Orden propuesto de sofisticación creciente; no implica secuencia rígida ni etiqueta permanente.,src_nrc_framework,,"{""official_relation"":false}"
r_prac_eng_tradeoffs_has_1,L2,prac_eng_tradeoffs,has_progression_level,prog_prac_eng_tradeoffs_L1,progression,erandi_progression_synthesis,expert_synthesis,needs_expert_review,0.72,Progresión de Erandi: útil para razonamiento y prototipo; no se presenta como progresión oficial del marco fuente.,src_nrc_framework,,"{""official_relation"":false}"
r_prac_eng_tradeoffs_has_2,L2,prac_eng_tradeoffs,has_progression_level,prog_prac_eng_tradeoffs_L2,progression,erandi_progression_synthesis,expert_synthesis,needs_expert_review,0.72,Progresión de Erandi: útil para razonamiento y prototipo; no se presenta como progresión oficial del marco fuente.,src_nrc_framework,,"{""official_relation"":false}"
r_prog_prac_eng_tradeoffs_L1_next,L2,prog_prac_eng_tradeoffs_L1,next_level,prog_prac_eng_tradeoffs_L2,progression,ordered_progression,expert_synthesis,needs_expert_review,0.85,Orden propuesto de sofisticación creciente; no implica secuencia rígida ni etiqueta permanente.,src_nrc_framework,,"{""official_relation"":false}"
r_prac_eng_tradeoffs_has_3,L2,prac_eng_tradeoffs,has_progression_level,prog_prac_eng_tradeoffs_L3,progression,erandi_progression_synthesis,expert_synthesis,needs_expert_review,0.72,Progresión de Erandi: útil para razonamiento y prototipo; no se presenta como progresión oficial del marco fuente.,src_nrc_framework,,"{""official_relation"":false}"
r_prog_prac_eng_tradeoffs_L2_next,L2,prog_prac_eng_tradeoffs_L2,next_level,prog_prac_eng_tradeoffs_L3,progression,ordered_progression,expert_synthesis,needs_expert_review,0.85,Orden propuesto de sofisticación creciente; no implica secuencia rígida ni etiqueta permanente.,src_nrc_framework,,"{""official_relation"":false}"
r_prac_eng_tradeoffs_has_4,L2,prac_eng_tradeoffs,has_progression_level,prog_prac_eng_tradeoffs_L4,progression,erandi_progression_synthesis,expert_synthesis,needs_expert_review,0.72,Progresión de Erandi: útil para razonamiento y prototipo; no se presenta como progresión oficial del marco fuente.,src_nrc_framework,,"{""official_relation"":false}"
r_prog_prac_eng_tradeoffs_L3_next,L2,prog_prac_eng_tradeoffs_L3,next_level,prog_prac_eng_tradeoffs_L4,progression,ordered_progression,expert_synthesis,needs_expert_review,0.85,Orden propuesto de sofisticación creciente; no implica secuencia rígida ni etiqueta permanente.,src_nrc_framework,,"{""official_relation"":false}"
r_prac_eng_argument_has_1,L2,prac_eng_argument,has_progression_level,prog_prac_eng_argument_L1,progression,erandi_progression_synthesis,expert_synthesis,needs_expert_review,0.72,Progresión de Erandi: útil para razonamiento y prototipo; no se presenta como progresión oficial del marco fuente.,src_nrc_framework,,"{""official_relation"":false}"
r_prac_eng_argument_has_2,L2,prac_eng_argument,has_progression_level,prog_prac_eng_argument_L2,progression,erandi_progression_synthesis,expert_synthesis,needs_expert_review,0.72,Progresión de Erandi: útil para razonamiento y prototipo; no se presenta como progresión oficial del marco fuente.,src_nrc_framework,,"{""official_relation"":false}"
r_prog_prac_eng_argument_L1_next,L2,prog_prac_eng_argument_L1,next_level,prog_prac_eng_argument_L2,progression,ordered_progression,expert_synthesis,needs_expert_review,0.85,Orden propuesto de sofisticación creciente; no implica secuencia rígida ni etiqueta permanente.,src_nrc_framework,,"{""official_relation"":false}"
r_prac_eng_argument_has_3,L2,prac_eng_argument,has_progression_level,prog_prac_eng_argument_L3,progression,erandi_progression_synthesis,expert_synthesis,needs_expert_review,0.72,Progresión de Erandi: útil para razonamiento y prototipo; no se presenta como progresión oficial del marco fuente.,src_nrc_framework,,"{""official_relation"":false}"
r_prog_prac_eng_argument_L2_next,L2,prog_prac_eng_argument_L2,next_level,prog_prac_eng_argument_L3,progression,ordered_progression,expert_synthesis,needs_expert_review,0.85,Orden propuesto de sofisticación creciente; no implica secuencia rígida ni etiqueta permanente.,src_nrc_framework,,"{""official_relation"":false}"
r_prac_eng_argument_has_4,L2,prac_eng_argument,has_progression_level,prog_prac_eng_argument_L4,progression,erandi_progression_synthesis,expert_synthesis,needs_expert_review,0.72,Progresión de Erandi: útil para razonamiento y prototipo; no se presenta como progresión oficial del marco fuente.,src_nrc_framework,,"{""official_relation"":false}"
r_prog_prac_eng_argument_L3_next,L2,prog_prac_eng_argument_L3,next_level,prog_prac_eng_argument_L4,progression,ordered_progression,expert_synthesis,needs_expert_review,0.85,Orden propuesto de sofisticación creciente; no implica secuencia rígida ni etiqueta permanente.,src_nrc_framework,,"{""official_relation"":false}"
r_prac_eng_communicate_has_1,L2,prac_eng_communicate,has_progression_level,prog_prac_eng_communicate_L1,progression,erandi_progression_synthesis,expert_synthesis,needs_expert_review,0.72,Progresión de Erandi: útil para razonamiento y prototipo; no se presenta como progresión oficial del marco fuente.,src_nrc_framework,,"{""official_relation"":false}"
r_prac_eng_communicate_has_2,L2,prac_eng_communicate,has_progression_level,prog_prac_eng_communicate_L2,progression,erandi_progression_synthesis,expert_synthesis,needs_expert_review,0.72,Progresión de Erandi: útil para razonamiento y prototipo; no se presenta como progresión oficial del marco fuente.,src_nrc_framework,,"{""official_relation"":false}"
r_prog_prac_eng_communicate_L1_next,L2,prog_prac_eng_communicate_L1,next_level,prog_prac_eng_communicate_L2,progression,ordered_progression,expert_synthesis,needs_expert_review,0.85,Orden propuesto de sofisticación creciente; no implica secuencia rígida ni etiqueta permanente.,src_nrc_framework,,"{""official_relation"":false}"
r_prac_eng_communicate_has_3,L2,prac_eng_communicate,has_progression_level,prog_prac_eng_communicate_L3,progression,erandi_progression_synthesis,expert_synthesis,needs_expert_review,0.72,Progresión de Erandi: útil para razonamiento y prototipo; no se presenta como progresión oficial del marco fuente.,src_nrc_framework,,"{""official_relation"":false}"
r_prog_prac_eng_communicate_L2_next,L2,prog_prac_eng_communicate_L2,next_level,prog_prac_eng_communicate_L3,progression,ordered_progression,expert_synthesis,needs_expert_review,0.85,Orden propuesto de sofisticación creciente; no implica secuencia rígida ni etiqueta permanente.,src_nrc_framework,,"{""official_relation"":false}"
r_prac_eng_communicate_has_4,L2,prac_eng_communicate,has_progression_level,prog_prac_eng_communicate_L4,progression,erandi_progression_synthesis,expert_synthesis,needs_expert_review,0.72,Progresión de Erandi: útil para razonamiento y prototipo; no se presenta como progresión oficial del marco fuente.,src_nrc_framework,,"{""official_relation"":false}"
r_prog_prac_eng_communicate_L3_next,L2,prog_prac_eng_communicate_L3,next_level,prog_prac_eng_communicate_L4,progression,ordered_progression,expert_synthesis,needs_expert_review,0.85,Orden propuesto de sofisticación creciente; no implica secuencia rígida ni etiqueta permanente.,src_nrc_framework,,"{""official_relation"":false}"
r_prac_eng_systems_has_1,L2,prac_eng_systems,has_progression_level,prog_prac_eng_systems_L1,progression,erandi_progression_synthesis,expert_synthesis,needs_expert_review,0.72,Progresión de Erandi: útil para razonamiento y prototipo; no se presenta como progresión oficial del marco fuente.,src_nrc_framework,,"{""official_relation"":false}"
r_prac_eng_systems_has_2,L2,prac_eng_systems,has_progression_level,prog_prac_eng_systems_L2,progression,erandi_progression_synthesis,expert_synthesis,needs_expert_review,0.72,Progresión de Erandi: útil para razonamiento y prototipo; no se presenta como progresión oficial del marco fuente.,src_nrc_framework,,"{""official_relation"":false}"
r_prog_prac_eng_systems_L1_next,L2,prog_prac_eng_systems_L1,next_level,prog_prac_eng_systems_L2,progression,ordered_progression,expert_synthesis,needs_expert_review,0.85,Orden propuesto de sofisticación creciente; no implica secuencia rígida ni etiqueta permanente.,src_nrc_framework,,"{""official_relation"":false}"
r_prac_eng_systems_has_3,L2,prac_eng_systems,has_progression_level,prog_prac_eng_systems_L3,progression,erandi_progression_synthesis,expert_synthesis,needs_expert_review,0.72,Progresión de Erandi: útil para razonamiento y prototipo; no se presenta como progresión oficial del marco fuente.,src_nrc_framework,,"{""official_relation"":false}"
r_prog_prac_eng_systems_L2_next,L2,prog_prac_eng_systems_L2,next_level,prog_prac_eng_systems_L3,progression,ordered_progression,expert_synthesis,needs_expert_review,0.85,Orden propuesto de sofisticación creciente; no implica secuencia rígida ni etiqueta permanente.,src_nrc_framework,,"{""official_relation"":false}"
r_prac_eng_systems_has_4,L2,prac_eng_systems,has_progression_level,prog_prac_eng_systems_L4,progression,erandi_progression_synthesis,expert_synthesis,needs_expert_review,0.72,Progresión de Erandi: útil para razonamiento y prototipo; no se presenta como progresión oficial del marco fuente.,src_nrc_framework,,"{""official_relation"":false}"
r_prog_prac_eng_systems_L3_next,L2,prog_prac_eng_systems_L3,next_level,prog_prac_eng_systems_L4,progression,ordered_progression,expert_synthesis,needs_expert_review,0.85,Orden propuesto de sofisticación creciente; no implica secuencia rígida ni etiqueta permanente.,src_nrc_framework,,"{""official_relation"":false}"
r_prac_math_make_sense_has_1,L2,prac_math_make_sense,has_progression_level,prog_prac_math_make_sense_L1,progression,erandi_progression_synthesis,expert_synthesis,needs_expert_review,0.72,Progresión de Erandi: útil para razonamiento y prototipo; no se presenta como progresión oficial del marco fuente.,src_ccss_math,,"{""official_relation"":false}"
r_prac_math_make_sense_has_2,L2,prac_math_make_sense,has_progression_level,prog_prac_math_make_sense_L2,progression,erandi_progression_synthesis,expert_synthesis,needs_expert_review,0.72,Progresión de Erandi: útil para razonamiento y prototipo; no se presenta como progresión oficial del marco fuente.,src_ccss_math,,"{""official_relation"":false}"
r_prog_prac_math_make_sense_L1_next,L2,prog_prac_math_make_sense_L1,next_level,prog_prac_math_make_sense_L2,progression,ordered_progression,expert_synthesis,needs_expert_review,0.85,Orden propuesto de sofisticación creciente; no implica secuencia rígida ni etiqueta permanente.,src_ccss_math,,"{""official_relation"":false}"
r_prac_math_make_sense_has_3,L2,prac_math_make_sense,has_progression_level,prog_prac_math_make_sense_L3,progression,erandi_progression_synthesis,expert_synthesis,needs_expert_review,0.72,Progresión de Erandi: útil para razonamiento y prototipo; no se presenta como progresión oficial del marco fuente.,src_ccss_math,,"{""official_relation"":false}"
r_prog_prac_math_make_sense_L2_next,L2,prog_prac_math_make_sense_L2,next_level,prog_prac_math_make_sense_L3,progression,ordered_progression,expert_synthesis,needs_expert_review,0.85,Orden propuesto de sofisticación creciente; no implica secuencia rígida ni etiqueta permanente.,src_ccss_math,,"{""official_relation"":false}"
r_prac_math_reason_abstract_has_1,L2,prac_math_reason_abstract,has_progression_level,prog_prac_math_reason_abstract_L1,progression,erandi_progression_synthesis,expert_synthesis,needs_expert_review,0.72,Progresión de Erandi: útil para razonamiento y prototipo; no se presenta como progresión oficial del marco fuente.,src_ccss_math,,"{""official_relation"":false}"
r_prac_math_reason_abstract_has_2,L2,prac_math_reason_abstract,has_progression_level,prog_prac_math_reason_abstract_L2,progression,erandi_progression_synthesis,expert_synthesis,needs_expert_review,0.72,Progresión de Erandi: útil para razonamiento y prototipo; no se presenta como progresión oficial del marco fuente.,src_ccss_math,,"{""official_relation"":false}"
r_prog_prac_math_reason_abstract_L1_next,L2,prog_prac_math_reason_abstract_L1,next_level,prog_prac_math_reason_abstract_L2,progression,ordered_progression,expert_synthesis,needs_expert_review,0.85,Orden propuesto de sofisticación creciente; no implica secuencia rígida ni etiqueta permanente.,src_ccss_math,,"{""official_relation"":false}"
r_prac_math_reason_abstract_has_3,L2,prac_math_reason_abstract,has_progression_level,prog_prac_math_reason_abstract_L3,progression,erandi_progression_synthesis,expert_synthesis,needs_expert_review,0.72,Progresión de Erandi: útil para razonamiento y prototipo; no se presenta como progresión oficial del marco fuente.,src_ccss_math,,"{""official_relation"":false}"
r_prog_prac_math_reason_abstract_L2_next,L2,prog_prac_math_reason_abstract_L2,next_level,prog_prac_math_reason_abstract_L3,progression,ordered_progression,expert_synthesis,needs_expert_review,0.85,Orden propuesto de sofisticación creciente; no implica secuencia rígida ni etiqueta permanente.,src_ccss_math,,"{""official_relation"":false}"
r_prac_math_argument_has_1,L2,prac_math_argument,has_progression_level,prog_prac_math_argument_L1,progression,erandi_progression_synthesis,expert_synthesis,needs_expert_review,0.72,Progresión de Erandi: útil para razonamiento y prototipo; no se presenta como progresión oficial del marco fuente.,src_ccss_math,,"{""official_relation"":false}"
r_prac_math_argument_has_2,L2,prac_math_argument,has_progression_level,prog_prac_math_argument_L2,progression,erandi_progression_synthesis,expert_synthesis,needs_expert_review,0.72,Progresión de Erandi: útil para razonamiento y prototipo; no se presenta como progresión oficial del marco fuente.,src_ccss_math,,"{""official_relation"":false}"
r_prog_prac_math_argument_L1_next,L2,prog_prac_math_argument_L1,next_level,prog_prac_math_argument_L2,progression,ordered_progression,expert_synthesis,needs_expert_review,0.85,Orden propuesto de sofisticación creciente; no implica secuencia rígida ni etiqueta permanente.,src_ccss_math,,"{""official_relation"":false}"
r_prac_math_argument_has_3,L2,prac_math_argument,has_progression_level,prog_prac_math_argument_L3,progression,erandi_progression_synthesis,expert_synthesis,needs_expert_review,0.72,Progresión de Erandi: útil para razonamiento y prototipo; no se presenta como progresión oficial del marco fuente.,src_ccss_math,,"{""official_relation"":false}"
r_prog_prac_math_argument_L2_next,L2,prog_prac_math_argument_L2,next_level,prog_prac_math_argument_L3,progression,ordered_progression,expert_synthesis,needs_expert_review,0.85,Orden propuesto de sofisticación creciente; no implica secuencia rígida ni etiqueta permanente.,src_ccss_math,,"{""official_relation"":false}"
r_prac_math_model_has_1,L2,prac_math_model,has_progression_level,prog_prac_math_model_L1,progression,erandi_progression_synthesis,expert_synthesis,needs_expert_review,0.72,Progresión de Erandi: útil para razonamiento y prototipo; no se presenta como progresión oficial del marco fuente.,src_ccss_math,,"{""official_relation"":false}"
r_prac_math_model_has_2,L2,prac_math_model,has_progression_level,prog_prac_math_model_L2,progression,erandi_progression_synthesis,expert_synthesis,needs_expert_review,0.72,Progresión de Erandi: útil para razonamiento y prototipo; no se presenta como progresión oficial del marco fuente.,src_ccss_math,,"{""official_relation"":false}"
r_prog_prac_math_model_L1_next,L2,prog_prac_math_model_L1,next_level,prog_prac_math_model_L2,progression,ordered_progression,expert_synthesis,needs_expert_review,0.85,Orden propuesto de sofisticación creciente; no implica secuencia rígida ni etiqueta permanente.,src_ccss_math,,"{""official_relation"":false}"
r_prac_math_model_has_3,L2,prac_math_model,has_progression_level,prog_prac_math_model_L3,progression,erandi_progression_synthesis,expert_synthesis,needs_expert_review,0.72,Progresión de Erandi: útil para razonamiento y prototipo; no se presenta como progresión oficial del marco fuente.,src_ccss_math,,"{""official_relation"":false}"
r_prog_prac_math_model_L2_next,L2,prog_prac_math_model_L2,next_level,prog_prac_math_model_L3,progression,ordered_progression,expert_synthesis,needs_expert_review,0.85,Orden propuesto de sofisticación creciente; no implica secuencia rígida ni etiqueta permanente.,src_ccss_math,,"{""official_relation"":false}"
r_prac_math_tools_has_1,L2,prac_math_tools,has_progression_level,prog_prac_math_tools_L1,progression,erandi_progression_synthesis,expert_synthesis,needs_expert_review,0.72,Progresión de Erandi: útil para razonamiento y prototipo; no se presenta como progresión oficial del marco fuente.,src_ccss_math,,"{""official_relation"":false}"
r_prac_math_tools_has_2,L2,prac_math_tools,has_progression_level,prog_prac_math_tools_L2,progression,erandi_progression_synthesis,expert_synthesis,needs_expert_review,0.72,Progresión de Erandi: útil para razonamiento y prototipo; no se presenta como progresión oficial del marco fuente.,src_ccss_math,,"{""official_relation"":false}"
r_prog_prac_math_tools_L1_next,L2,prog_prac_math_tools_L1,next_level,prog_prac_math_tools_L2,progression,ordered_progression,expert_synthesis,needs_expert_review,0.85,Orden propuesto de sofisticación creciente; no implica secuencia rígida ni etiqueta permanente.,src_ccss_math,,"{""official_relation"":false}"
r_prac_math_tools_has_3,L2,prac_math_tools,has_progression_level,prog_prac_math_tools_L3,progression,erandi_progression_synthesis,expert_synthesis,needs_expert_review,0.72,Progresión de Erandi: útil para razonamiento y prototipo; no se presenta como progresión oficial del marco fuente.,src_ccss_math,,"{""official_relation"":false}"
r_prog_prac_math_tools_L2_next,L2,prog_prac_math_tools_L2,next_level,prog_prac_math_tools_L3,progression,ordered_progression,expert_synthesis,needs_expert_review,0.85,Orden propuesto de sofisticación creciente; no implica secuencia rígida ni etiqueta permanente.,src_ccss_math,,"{""official_relation"":false}"
r_prac_math_precision_has_1,L2,prac_math_precision,has_progression_level,prog_prac_math_precision_L1,progression,erandi_progression_synthesis,expert_synthesis,needs_expert_review,0.72,Progresión de Erandi: útil para razonamiento y prototipo; no se presenta como progresión oficial del marco fuente.,src_ccss_math,,"{""official_relation"":false}"
r_prac_math_precision_has_2,L2,prac_math_precision,has_progression_level,prog_prac_math_precision_L2,progression,erandi_progression_synthesis,expert_synthesis,needs_expert_review,0.72,Progresión de Erandi: útil para razonamiento y prototipo; no se presenta como progresión oficial del marco fuente.,src_ccss_math,,"{""official_relation"":false}"
r_prog_prac_math_precision_L1_next,L2,prog_prac_math_precision_L1,next_level,prog_prac_math_precision_L2,progression,ordered_progression,expert_synthesis,needs_expert_review,0.85,Orden propuesto de sofisticación creciente; no implica secuencia rígida ni etiqueta permanente.,src_ccss_math,,"{""official_relation"":false}"
r_prac_math_precision_has_3,L2,prac_math_precision,has_progression_level,prog_prac_math_precision_L3,progression,erandi_progression_synthesis,expert_synthesis,needs_expert_review,0.72,Progresión de Erandi: útil para razonamiento y prototipo; no se presenta como progresión oficial del marco fuente.,src_ccss_math,,"{""official_relation"":false}"
r_prog_prac_math_precision_L2_next,L2,prog_prac_math_precision_L2,next_level,prog_prac_math_precision_L3,progression,ordered_progression,expert_synthesis,needs_expert_review,0.85,Orden propuesto de sofisticación creciente; no implica secuencia rígida ni etiqueta permanente.,src_ccss_math,,"{""official_relation"":false}"
r_prac_math_structure_has_1,L2,prac_math_structure,has_progression_level,prog_prac_math_structure_L1,progression,erandi_progression_synthesis,expert_synthesis,needs_expert_review,0.72,Progresión de Erandi: útil para razonamiento y prototipo; no se presenta como progresión oficial del marco fuente.,src_ccss_math,,"{""official_relation"":false}"
r_prac_math_structure_has_2,L2,prac_math_structure,has_progression_level,prog_prac_math_structure_L2,progression,erandi_progression_synthesis,expert_synthesis,needs_expert_review,0.72,Progresión de Erandi: útil para razonamiento y prototipo; no se presenta como progresión oficial del marco fuente.,src_ccss_math,,"{""official_relation"":false}"
r_prog_prac_math_structure_L1_next,L2,prog_prac_math_structure_L1,next_level,prog_prac_math_structure_L2,progression,ordered_progression,expert_synthesis,needs_expert_review,0.85,Orden propuesto de sofisticación creciente; no implica secuencia rígida ni etiqueta permanente.,src_ccss_math,,"{""official_relation"":false}"
r_prac_math_structure_has_3,L2,prac_math_structure,has_progression_level,prog_prac_math_structure_L3,progression,erandi_progression_synthesis,expert_synthesis,needs_expert_review,0.72,Progresión de Erandi: útil para razonamiento y prototipo; no se presenta como progresión oficial del marco fuente.,src_ccss_math,,"{""official_relation"":false}"
r_prog_prac_math_structure_L2_next,L2,prog_prac_math_structure_L2,next_level,prog_prac_math_structure_L3,progression,ordered_progression,expert_synthesis,needs_expert_review,0.85,Orden propuesto de sofisticación creciente; no implica secuencia rígida ni etiqueta permanente.,src_ccss_math,,"{""official_relation"":false}"
r_prac_math_regularity_has_1,L2,prac_math_regularity,has_progression_level,prog_prac_math_regularity_L1,progression,erandi_progression_synthesis,expert_synthesis,needs_expert_review,0.72,Progresión de Erandi: útil para razonamiento y prototipo; no se presenta como progresión oficial del marco fuente.,src_ccss_math,,"{""official_relation"":false}"
r_prac_math_regularity_has_2,L2,prac_math_regularity,has_progression_level,prog_prac_math_regularity_L2,progression,erandi_progression_synthesis,expert_synthesis,needs_expert_review,0.72,Progresión de Erandi: útil para razonamiento y prototipo; no se presenta como progresión oficial del marco fuente.,src_ccss_math,,"{""official_relation"":false}"
r_prog_prac_math_regularity_L1_next,L2,prog_prac_math_regularity_L1,next_level,prog_prac_math_regularity_L2,progression,ordered_progression,expert_synthesis,needs_expert_review,0.85,Orden propuesto de sofisticación creciente; no implica secuencia rígida ni etiqueta permanente.,src_ccss_math,,"{""official_relation"":false}"
r_prac_math_regularity_has_3,L2,prac_math_regularity,has_progression_level,prog_prac_math_regularity_L3,progression,erandi_progression_synthesis,expert_synthesis,needs_expert_review,0.72,Progresión de Erandi: útil para razonamiento y prototipo; no se presenta como progresión oficial del marco fuente.,src_ccss_math,,"{""official_relation"":false}"
r_prog_prac_math_regularity_L2_next,L2,prog_prac_math_regularity_L2,next_level,prog_prac_math_regularity_L3,progression,ordered_progression,expert_synthesis,needs_expert_review,0.85,Orden propuesto de sofisticación creciente; no implica secuencia rígida ni etiqueta permanente.,src_ccss_math,,"{""official_relation"":false}"
r_prac_cs_positive_impact_has_1,L2,prac_cs_positive_impact,has_progression_level,prog_prac_cs_positive_impact_L1,progression,erandi_progression_synthesis,expert_synthesis,needs_expert_review,0.72,Progresión de Erandi: útil para razonamiento y prototipo; no se presenta como progresión oficial del marco fuente.,src_csta_2026,,"{""official_relation"":false}"
r_prac_cs_positive_impact_has_2,L2,prac_cs_positive_impact,has_progression_level,prog_prac_cs_positive_impact_L2,progression,erandi_progression_synthesis,expert_synthesis,needs_expert_review,0.72,Progresión de Erandi: útil para razonamiento y prototipo; no se presenta como progresión oficial del marco fuente.,src_csta_2026,,"{""official_relation"":false}"
r_prog_prac_cs_positive_impact_L1_next,L2,prog_prac_cs_positive_impact_L1,next_level,prog_prac_cs_positive_impact_L2,progression,ordered_progression,expert_synthesis,needs_expert_review,0.85,Orden propuesto de sofisticación creciente; no implica secuencia rígida ni etiqueta permanente.,src_csta_2026,,"{""official_relation"":false}"
r_prac_cs_positive_impact_has_3,L2,prac_cs_positive_impact,has_progression_level,prog_prac_cs_positive_impact_L3,progression,erandi_progression_synthesis,expert_synthesis,needs_expert_review,0.72,Progresión de Erandi: útil para razonamiento y prototipo; no se presenta como progresión oficial del marco fuente.,src_csta_2026,,"{""official_relation"":false}"
r_prog_prac_cs_positive_impact_L2_next,L2,prog_prac_cs_positive_impact_L2,next_level,prog_prac_cs_positive_impact_L3,progression,ordered_progression,expert_synthesis,needs_expert_review,0.85,Orden propuesto de sofisticación creciente; no implica secuencia rígida ni etiqueta permanente.,src_csta_2026,,"{""official_relation"":false}"
r_prac_cs_rights_dignity_has_1,L2,prac_cs_rights_dignity,has_progression_level,prog_prac_cs_rights_dignity_L1,progression,erandi_progression_synthesis,expert_synthesis,needs_expert_review,0.72,Progresión de Erandi: útil para razonamiento y prototipo; no se presenta como progresión oficial del marco fuente.,src_csta_2026,,"{""official_relation"":false}"
r_prac_cs_rights_dignity_has_2,L2,prac_cs_rights_dignity,has_progression_level,prog_prac_cs_rights_dignity_L2,progression,erandi_progression_synthesis,expert_synthesis,needs_expert_review,0.72,Progresión de Erandi: útil para razonamiento y prototipo; no se presenta como progresión oficial del marco fuente.,src_csta_2026,,"{""official_relation"":false}"
r_prog_prac_cs_rights_dignity_L1_next,L2,prog_prac_cs_rights_dignity_L1,next_level,prog_prac_cs_rights_dignity_L2,progression,ordered_progression,expert_synthesis,needs_expert_review,0.85,Orden propuesto de sofisticación creciente; no implica secuencia rígida ni etiqueta permanente.,src_csta_2026,,"{""official_relation"":false}"
r_prac_cs_rights_dignity_has_3,L2,prac_cs_rights_dignity,has_progression_level,prog_prac_cs_rights_dignity_L3,progression,erandi_progression_synthesis,expert_synthesis,needs_expert_review,0.72,Progresión de Erandi: útil para razonamiento y prototipo; no se presenta como progresión oficial del marco fuente.,src_csta_2026,,"{""official_relation"":false}"
r_prog_prac_cs_rights_dignity_L2_next,L2,prog_prac_cs_rights_dignity_L2,next_level,prog_prac_cs_rights_dignity_L3,progression,ordered_progression,expert_synthesis,needs_expert_review,0.85,Orden propuesto de sofisticación creciente; no implica secuencia rígida ni etiqueta permanente.,src_csta_2026,,"{""official_relation"":false}"
r_prac_cs_communicate_has_1,L2,prac_cs_communicate,has_progression_level,prog_prac_cs_communicate_L1,progression,erandi_progression_synthesis,expert_synthesis,needs_expert_review,0.72,Progresión de Erandi: útil para razonamiento y prototipo; no se presenta como progresión oficial del marco fuente.,src_csta_2026,,"{""official_relation"":false}"
r_prac_cs_communicate_has_2,L2,prac_cs_communicate,has_progression_level,prog_prac_cs_communicate_L2,progression,erandi_progression_synthesis,expert_synthesis,needs_expert_review,0.72,Progresión de Erandi: útil para razonamiento y prototipo; no se presenta como progresión oficial del marco fuente.,src_csta_2026,,"{""official_relation"":false}"
r_prog_prac_cs_communicate_L1_next,L2,prog_prac_cs_communicate_L1,next_level,prog_prac_cs_communicate_L2,progression,ordered_progression,expert_synthesis,needs_expert_review,0.85,Orden propuesto de sofisticación creciente; no implica secuencia rígida ni etiqueta permanente.,src_csta_2026,,"{""official_relation"":false}"
r_prac_cs_communicate_has_3,L2,prac_cs_communicate,has_progression_level,prog_prac_cs_communicate_L3,progression,erandi_progression_synthesis,expert_synthesis,needs_expert_review,0.72,Progresión de Erandi: útil para razonamiento y prototipo; no se presenta como progresión oficial del marco fuente.,src_csta_2026,,"{""official_relation"":false}"
r_prog_prac_cs_communicate_L2_next,L2,prog_prac_cs_communicate_L2,next_level,prog_prac_cs_communicate_L3,progression,ordered_progression,expert_synthesis,needs_expert_review,0.85,Orden propuesto de sofisticación creciente; no implica secuencia rígida ni etiqueta permanente.,src_csta_2026,,"{""official_relation"":false}"
r_prac_cs_manage_has_1,L2,prac_cs_manage,has_progression_level,prog_prac_cs_manage_L1,progression,erandi_progression_synthesis,expert_synthesis,needs_expert_review,0.72,Progresión de Erandi: útil para razonamiento y prototipo; no se presenta como progresión oficial del marco fuente.,src_csta_2026,,"{""official_relation"":false}"
r_prac_cs_manage_has_2,L2,prac_cs_manage,has_progression_level,prog_prac_cs_manage_L2,progression,erandi_progression_synthesis,expert_synthesis,needs_expert_review,0.72,Progresión de Erandi: útil para razonamiento y prototipo; no se presenta como progresión oficial del marco fuente.,src_csta_2026,,"{""official_relation"":false}"
r_prog_prac_cs_manage_L1_next,L2,prog_prac_cs_manage_L1,next_level,prog_prac_cs_manage_L2,progression,ordered_progression,expert_synthesis,needs_expert_review,0.85,Orden propuesto de sofisticación creciente; no implica secuencia rígida ni etiqueta permanente.,src_csta_2026,,"{""official_relation"":false}"
r_prac_cs_manage_has_3,L2,prac_cs_manage,has_progression_level,prog_prac_cs_manage_L3,progression,erandi_progression_synthesis,expert_synthesis,needs_expert_review,0.72,Progresión de Erandi: útil para razonamiento y prototipo; no se presenta como progresión oficial del marco fuente.,src_csta_2026,,"{""official_relation"":false}"
r_prog_prac_cs_manage_L2_next,L2,prog_prac_cs_manage_L2,next_level,prog_prac_cs_manage_L3,progression,ordered_progression,expert_synthesis,needs_expert_review,0.85,Orden propuesto de sofisticación creciente; no implica secuencia rígida ni etiqueta permanente.,src_csta_2026,,"{""official_relation"":false}"
r_prac_cs_collaborate_has_1,L2,prac_cs_collaborate,has_progression_level,prog_prac_cs_collaborate_L1,progression,erandi_progression_synthesis,expert_synthesis,needs_expert_review,0.72,Progresión de Erandi: útil para razonamiento y prototipo; no se presenta como progresión oficial del marco fuente.,src_csta_2026,,"{""official_relation"":false}"
r_prac_cs_collaborate_has_2,L2,prac_cs_collaborate,has_progression_level,prog_prac_cs_collaborate_L2,progression,erandi_progression_synthesis,expert_synthesis,needs_expert_review,0.72,Progresión de Erandi: útil para razonamiento y prototipo; no se presenta como progresión oficial del marco fuente.,src_csta_2026,,"{""official_relation"":false}"
r_prog_prac_cs_collaborate_L1_next,L2,prog_prac_cs_collaborate_L1,next_level,prog_prac_cs_collaborate_L2,progression,ordered_progression,expert_synthesis,needs_expert_review,0.85,Orden propuesto de sofisticación creciente; no implica secuencia rígida ni etiqueta permanente.,src_csta_2026,,"{""official_relation"":false}"
r_prac_cs_collaborate_has_3,L2,prac_cs_collaborate,has_progression_level,prog_prac_cs_collaborate_L3,progression,erandi_progression_synthesis,expert_synthesis,needs_expert_review,0.72,Progresión de Erandi: útil para razonamiento y prototipo; no se presenta como progresión oficial del marco fuente.,src_csta_2026,,"{""official_relation"":false}"
r_prog_prac_cs_collaborate_L2_next,L2,prog_prac_cs_collaborate_L2,next_level,prog_prac_cs_collaborate_L3,progression,ordered_progression,expert_synthesis,needs_expert_review,0.85,Orden propuesto de sofisticación creciente; no implica secuencia rígida ni etiqueta permanente.,src_csta_2026,,"{""official_relation"":false}"
r_prac_cs_define_problem_has_1,L2,prac_cs_define_problem,has_progression_level,prog_prac_cs_define_problem_L1,progression,erandi_progression_synthesis,expert_synthesis,needs_expert_review,0.72,Progresión de Erandi: útil para razonamiento y prototipo; no se presenta como progresión oficial del marco fuente.,src_csta_2026,,"{""official_relation"":false}"
r_prac_cs_define_problem_has_2,L2,prac_cs_define_problem,has_progression_level,prog_prac_cs_define_problem_L2,progression,erandi_progression_synthesis,expert_synthesis,needs_expert_review,0.72,Progresión de Erandi: útil para razonamiento y prototipo; no se presenta como progresión oficial del marco fuente.,src_csta_2026,,"{""official_relation"":false}"
r_prog_prac_cs_define_problem_L1_next,L2,prog_prac_cs_define_problem_L1,next_level,prog_prac_cs_define_problem_L2,progression,ordered_progression,expert_synthesis,needs_expert_review,0.85,Orden propuesto de sofisticación creciente; no implica secuencia rígida ni etiqueta permanente.,src_csta_2026,,"{""official_relation"":false}"
r_prac_cs_define_problem_has_3,L2,prac_cs_define_problem,has_progression_level,prog_prac_cs_define_problem_L3,progression,erandi_progression_synthesis,expert_synthesis,needs_expert_review,0.72,Progresión de Erandi: útil para razonamiento y prototipo; no se presenta como progresión oficial del marco fuente.,src_csta_2026,,"{""official_relation"":false}"
r_prog_prac_cs_define_problem_L2_next,L2,prog_prac_cs_define_problem_L2,next_level,prog_prac_cs_define_problem_L3,progression,ordered_progression,expert_synthesis,needs_expert_review,0.85,Orden propuesto de sofisticación creciente; no implica secuencia rígida ni etiqueta permanente.,src_csta_2026,,"{""official_relation"":false}"
r_prac_cs_abstraction_has_1,L2,prac_cs_abstraction,has_progression_level,prog_prac_cs_abstraction_L1,progression,erandi_progression_synthesis,expert_synthesis,needs_expert_review,0.72,Progresión de Erandi: útil para razonamiento y prototipo; no se presenta como progresión oficial del marco fuente.,src_csta_2026,,"{""official_relation"":false}"
r_prac_cs_abstraction_has_2,L2,prac_cs_abstraction,has_progression_level,prog_prac_cs_abstraction_L2,progression,erandi_progression_synthesis,expert_synthesis,needs_expert_review,0.72,Progresión de Erandi: útil para razonamiento y prototipo; no se presenta como progresión oficial del marco fuente.,src_csta_2026,,"{""official_relation"":false}"
r_prog_prac_cs_abstraction_L1_next,L2,prog_prac_cs_abstraction_L1,next_level,prog_prac_cs_abstraction_L2,progression,ordered_progression,expert_synthesis,needs_expert_review,0.85,Orden propuesto de sofisticación creciente; no implica secuencia rígida ni etiqueta permanente.,src_csta_2026,,"{""official_relation"":false}"
r_prac_cs_abstraction_has_3,L2,prac_cs_abstraction,has_progression_level,prog_prac_cs_abstraction_L3,progression,erandi_progression_synthesis,expert_synthesis,needs_expert_review,0.72,Progresión de Erandi: útil para razonamiento y prototipo; no se presenta como progresión oficial del marco fuente.,src_csta_2026,,"{""official_relation"":false}"
r_prog_prac_cs_abstraction_L2_next,L2,prog_prac_cs_abstraction_L2,next_level,prog_prac_cs_abstraction_L3,progression,ordered_progression,expert_synthesis,needs_expert_review,0.85,Orden propuesto de sofisticación creciente; no implica secuencia rígida ni etiqueta permanente.,src_csta_2026,,"{""official_relation"":false}"
r_prac_cs_create_has_1,L2,prac_cs_create,has_progression_level,prog_prac_cs_create_L1,progression,erandi_progression_synthesis,expert_synthesis,needs_expert_review,0.72,Progresión de Erandi: útil para razonamiento y prototipo; no se presenta como progresión oficial del marco fuente.,src_csta_2026,,"{""official_relation"":false}"
r_prac_cs_create_has_2,L2,prac_cs_create,has_progression_level,prog_prac_cs_create_L2,progression,erandi_progression_synthesis,expert_synthesis,needs_expert_review,0.72,Progresión de Erandi: útil para razonamiento y prototipo; no se presenta como progresión oficial del marco fuente.,src_csta_2026,,"{""official_relation"":false}"
r_prog_prac_cs_create_L1_next,L2,prog_prac_cs_create_L1,next_level,prog_prac_cs_create_L2,progression,ordered_progression,expert_synthesis,needs_expert_review,0.85,Orden propuesto de sofisticación creciente; no implica secuencia rígida ni etiqueta permanente.,src_csta_2026,,"{""official_relation"":false}"
r_prac_cs_create_has_3,L2,prac_cs_create,has_progression_level,prog_prac_cs_create_L3,progression,erandi_progression_synthesis,expert_synthesis,needs_expert_review,0.72,Progresión de Erandi: útil para razonamiento y prototipo; no se presenta como progresión oficial del marco fuente.,src_csta_2026,,"{""official_relation"":false}"
r_prog_prac_cs_create_L2_next,L2,prog_prac_cs_create_L2,next_level,prog_prac_cs_create_L3,progression,ordered_progression,expert_synthesis,needs_expert_review,0.85,Orden propuesto de sofisticación creciente; no implica secuencia rígida ni etiqueta permanente.,src_csta_2026,,"{""official_relation"":false}"
r_prac_cs_test_refine_has_1,L2,prac_cs_test_refine,has_progression_level,prog_prac_cs_test_refine_L1,progression,erandi_progression_synthesis,expert_synthesis,needs_expert_review,0.72,Progresión de Erandi: útil para razonamiento y prototipo; no se presenta como progresión oficial del marco fuente.,src_csta_2026,,"{""official_relation"":false}"
r_prac_cs_test_refine_has_2,L2,prac_cs_test_refine,has_progression_level,prog_prac_cs_test_refine_L2,progression,erandi_progression_synthesis,expert_synthesis,needs_expert_review,0.72,Progresión de Erandi: útil para razonamiento y prototipo; no se presenta como progresión oficial del marco fuente.,src_csta_2026,,"{""official_relation"":false}"
r_prog_prac_cs_test_refine_L1_next,L2,prog_prac_cs_test_refine_L1,next_level,prog_prac_cs_test_refine_L2,progression,ordered_progression,expert_synthesis,needs_expert_review,0.85,Orden propuesto de sofisticación creciente; no implica secuencia rígida ni etiqueta permanente.,src_csta_2026,,"{""official_relation"":false}"
r_prac_cs_test_refine_has_3,L2,prac_cs_test_refine,has_progression_level,prog_prac_cs_test_refine_L3,progression,erandi_progression_synthesis,expert_synthesis,needs_expert_review,0.72,Progresión de Erandi: útil para razonamiento y prototipo; no se presenta como progresión oficial del marco fuente.,src_csta_2026,,"{""official_relation"":false}"
r_prog_prac_cs_test_refine_L2_next,L2,prog_prac_cs_test_refine_L2,next_level,prog_prac_cs_test_refine_L3,progression,ordered_progression,expert_synthesis,needs_expert_review,0.85,Orden propuesto de sofisticación creciente; no implica secuencia rígida ni etiqueta permanente.,src_csta_2026,,"{""official_relation"":false}"
r_prac_cs_users_has_1,L2,prac_cs_users,has_progression_level,prog_prac_cs_users_L1,progression,erandi_progression_synthesis,expert_synthesis,needs_expert_review,0.72,Progresión de Erandi: útil para razonamiento y prototipo; no se presenta como progresión oficial del marco fuente.,src_csta_2026,,"{""official_relation"":false}"
r_prac_cs_users_has_2,L2,prac_cs_users,has_progression_level,prog_prac_cs_users_L2,progression,erandi_progression_synthesis,expert_synthesis,needs_expert_review,0.72,Progresión de Erandi: útil para razonamiento y prototipo; no se presenta como progresión oficial del marco fuente.,src_csta_2026,,"{""official_relation"":false}"
r_prog_prac_cs_users_L1_next,L2,prog_prac_cs_users_L1,next_level,prog_prac_cs_users_L2,progression,ordered_progression,expert_synthesis,needs_expert_review,0.85,Orden propuesto de sofisticación creciente; no implica secuencia rígida ni etiqueta permanente.,src_csta_2026,,"{""official_relation"":false}"
r_prac_cs_users_has_3,L2,prac_cs_users,has_progression_level,prog_prac_cs_users_L3,progression,erandi_progression_synthesis,expert_synthesis,needs_expert_review,0.72,Progresión de Erandi: útil para razonamiento y prototipo; no se presenta como progresión oficial del marco fuente.,src_csta_2026,,"{""official_relation"":false}"
r_prog_prac_cs_users_L2_next,L2,prog_prac_cs_users_L2,next_level,prog_prac_cs_users_L3,progression,ordered_progression,expert_synthesis,needs_expert_review,0.85,Orden propuesto de sofisticación creciente; no implica secuencia rígida ni etiqueta permanente.,src_csta_2026,,"{""official_relation"":false}"
r_prac_cs_iterative_design_has_1,L2,prac_cs_iterative_design,has_progression_level,prog_prac_cs_iterative_design_L1,progression,erandi_progression_synthesis,expert_synthesis,needs_expert_review,0.72,Progresión de Erandi: útil para razonamiento y prototipo; no se presenta como progresión oficial del marco fuente.,src_csta_2026,,"{""official_relation"":false}"
r_prac_cs_iterative_design_has_2,L2,prac_cs_iterative_design,has_progression_level,prog_prac_cs_iterative_design_L2,progression,erandi_progression_synthesis,expert_synthesis,needs_expert_review,0.72,Progresión de Erandi: útil para razonamiento y prototipo; no se presenta como progresión oficial del marco fuente.,src_csta_2026,,"{""official_relation"":false}"
r_prog_prac_cs_iterative_design_L1_next,L2,prog_prac_cs_iterative_design_L1,next_level,prog_prac_cs_iterative_design_L2,progression,ordered_progression,expert_synthesis,needs_expert_review,0.85,Orden propuesto de sofisticación creciente; no implica secuencia rígida ni etiqueta permanente.,src_csta_2026,,"{""official_relation"":false}"
r_prac_cs_iterative_design_has_3,L2,prac_cs_iterative_design,has_progression_level,prog_prac_cs_iterative_design_L3,progression,erandi_progression_synthesis,expert_synthesis,needs_expert_review,0.72,Progresión de Erandi: útil para razonamiento y prototipo; no se presenta como progresión oficial del marco fuente.,src_csta_2026,,"{""official_relation"":false}"
r_prog_prac_cs_iterative_design_L2_next,L2,prog_prac_cs_iterative_design_L2,next_level,prog_prac_cs_iterative_design_L3,progression,ordered_progression,expert_synthesis,needs_expert_review,0.85,Orden propuesto de sofisticación creciente; no implica secuencia rígida ni etiqueta permanente.,src_csta_2026,,"{""official_relation"":false}"
r_prac_cs_empower_has_1,L2,prac_cs_empower,has_progression_level,prog_prac_cs_empower_L1,progression,erandi_progression_synthesis,expert_synthesis,needs_expert_review,0.72,Progresión de Erandi: útil para razonamiento y prototipo; no se presenta como progresión oficial del marco fuente.,src_csta_2026,,"{""official_relation"":false}"
r_prac_cs_empower_has_2,L2,prac_cs_empower,has_progression_level,prog_prac_cs_empower_L2,progression,erandi_progression_synthesis,expert_synthesis,needs_expert_review,0.72,Progresión de Erandi: útil para razonamiento y prototipo; no se presenta como progresión oficial del marco fuente.,src_csta_2026,,"{""official_relation"":false}"
r_prog_prac_cs_empower_L1_next,L2,prog_prac_cs_empower_L1,next_level,prog_prac_cs_empower_L2,progression,ordered_progression,expert_synthesis,needs_expert_review,0.85,Orden propuesto de sofisticación creciente; no implica secuencia rígida ni etiqueta permanente.,src_csta_2026,,"{""official_relation"":false}"
r_prac_cs_empower_has_3,L2,prac_cs_empower,has_progression_level,prog_prac_cs_empower_L3,progression,erandi_progression_synthesis,expert_synthesis,needs_expert_review,0.72,Progresión de Erandi: útil para razonamiento y prototipo; no se presenta como progresión oficial del marco fuente.,src_csta_2026,,"{""official_relation"":false}"
r_prog_prac_cs_empower_L2_next,L2,prog_prac_cs_empower_L2,next_level,prog_prac_cs_empower_L3,progression,ordered_progression,expert_synthesis,needs_expert_review,0.85,Orden propuesto de sofisticación creciente; no implica secuencia rígida ni etiqueta permanente.,src_csta_2026,,"{""official_relation"":false}"
r_prac_art_generate_has_1,L2,prac_art_generate,has_progression_level,prog_prac_art_generate_L1,progression,erandi_progression_synthesis,expert_synthesis,needs_expert_review,0.72,Progresión de Erandi: útil para razonamiento y prototipo; no se presenta como progresión oficial del marco fuente.,src_ncas,,"{""official_relation"":false}"
r_prac_art_generate_has_2,L2,prac_art_generate,has_progression_level,prog_prac_art_generate_L2,progression,erandi_progression_synthesis,expert_synthesis,needs_expert_review,0.72,Progresión de Erandi: útil para razonamiento y prototipo; no se presenta como progresión oficial del marco fuente.,src_ncas,,"{""official_relation"":false}"
r_prog_prac_art_generate_L1_next,L2,prog_prac_art_generate_L1,next_level,prog_prac_art_generate_L2,progression,ordered_progression,expert_synthesis,needs_expert_review,0.85,Orden propuesto de sofisticación creciente; no implica secuencia rígida ni etiqueta permanente.,src_ncas,,"{""official_relation"":false}"
r_prac_art_generate_has_3,L2,prac_art_generate,has_progression_level,prog_prac_art_generate_L3,progression,erandi_progression_synthesis,expert_synthesis,needs_expert_review,0.72,Progresión de Erandi: útil para razonamiento y prototipo; no se presenta como progresión oficial del marco fuente.,src_ncas,,"{""official_relation"":false}"
r_prog_prac_art_generate_L2_next,L2,prog_prac_art_generate_L2,next_level,prog_prac_art_generate_L3,progression,ordered_progression,expert_synthesis,needs_expert_review,0.85,Orden propuesto de sofisticación creciente; no implica secuencia rígida ni etiqueta permanente.,src_ncas,,"{""official_relation"":false}"
r_prac_art_develop_has_1,L2,prac_art_develop,has_progression_level,prog_prac_art_develop_L1,progression,erandi_progression_synthesis,expert_synthesis,needs_expert_review,0.72,Progresión de Erandi: útil para razonamiento y prototipo; no se presenta como progresión oficial del marco fuente.,src_ncas,,"{""official_relation"":false}"
r_prac_art_develop_has_2,L2,prac_art_develop,has_progression_level,prog_prac_art_develop_L2,progression,erandi_progression_synthesis,expert_synthesis,needs_expert_review,0.72,Progresión de Erandi: útil para razonamiento y prototipo; no se presenta como progresión oficial del marco fuente.,src_ncas,,"{""official_relation"":false}"
r_prog_prac_art_develop_L1_next,L2,prog_prac_art_develop_L1,next_level,prog_prac_art_develop_L2,progression,ordered_progression,expert_synthesis,needs_expert_review,0.85,Orden propuesto de sofisticación creciente; no implica secuencia rígida ni etiqueta permanente.,src_ncas,,"{""official_relation"":false}"
r_prac_art_develop_has_3,L2,prac_art_develop,has_progression_level,prog_prac_art_develop_L3,progression,erandi_progression_synthesis,expert_synthesis,needs_expert_review,0.72,Progresión de Erandi: útil para razonamiento y prototipo; no se presenta como progresión oficial del marco fuente.,src_ncas,,"{""official_relation"":false}"
r_prog_prac_art_develop_L2_next,L2,prog_prac_art_develop_L2,next_level,prog_prac_art_develop_L3,progression,ordered_progression,expert_synthesis,needs_expert_review,0.85,Orden propuesto de sofisticación creciente; no implica secuencia rígida ni etiqueta permanente.,src_ncas,,"{""official_relation"":false}"
r_prac_art_refine_has_1,L2,prac_art_refine,has_progression_level,prog_prac_art_refine_L1,progression,erandi_progression_synthesis,expert_synthesis,needs_expert_review,0.72,Progresión de Erandi: útil para razonamiento y prototipo; no se presenta como progresión oficial del marco fuente.,src_ncas,,"{""official_relation"":false}"
r_prac_art_refine_has_2,L2,prac_art_refine,has_progression_level,prog_prac_art_refine_L2,progression,erandi_progression_synthesis,expert_synthesis,needs_expert_review,0.72,Progresión de Erandi: útil para razonamiento y prototipo; no se presenta como progresión oficial del marco fuente.,src_ncas,,"{""official_relation"":false}"
r_prog_prac_art_refine_L1_next,L2,prog_prac_art_refine_L1,next_level,prog_prac_art_refine_L2,progression,ordered_progression,expert_synthesis,needs_expert_review,0.85,Orden propuesto de sofisticación creciente; no implica secuencia rígida ni etiqueta permanente.,src_ncas,,"{""official_relation"":false}"
r_prac_art_refine_has_3,L2,prac_art_refine,has_progression_level,prog_prac_art_refine_L3,progression,erandi_progression_synthesis,expert_synthesis,needs_expert_review,0.72,Progresión de Erandi: útil para razonamiento y prototipo; no se presenta como progresión oficial del marco fuente.,src_ncas,,"{""official_relation"":false}"
r_prog_prac_art_refine_L2_next,L2,prog_prac_art_refine_L2,next_level,prog_prac_art_refine_L3,progression,ordered_progression,expert_synthesis,needs_expert_review,0.85,Orden propuesto de sofisticación creciente; no implica secuencia rígida ni etiqueta permanente.,src_ncas,,"{""official_relation"":false}"
r_prac_art_select_present_has_1,L2,prac_art_select_present,has_progression_level,prog_prac_art_select_present_L1,progression,erandi_progression_synthesis,expert_synthesis,needs_expert_review,0.72,Progresión de Erandi: útil para razonamiento y prototipo; no se presenta como progresión oficial del marco fuente.,src_ncas,,"{""official_relation"":false}"
r_prac_art_select_present_has_2,L2,prac_art_select_present,has_progression_level,prog_prac_art_select_present_L2,progression,erandi_progression_synthesis,expert_synthesis,needs_expert_review,0.72,Progresión de Erandi: útil para razonamiento y prototipo; no se presenta como progresión oficial del marco fuente.,src_ncas,,"{""official_relation"":false}"
r_prog_prac_art_select_present_L1_next,L2,prog_prac_art_select_present_L1,next_level,prog_prac_art_select_present_L2,progression,ordered_progression,expert_synthesis,needs_expert_review,0.85,Orden propuesto de sofisticación creciente; no implica secuencia rígida ni etiqueta permanente.,src_ncas,,"{""official_relation"":false}"
r_prac_art_select_present_has_3,L2,prac_art_select_present,has_progression_level,prog_prac_art_select_present_L3,progression,erandi_progression_synthesis,expert_synthesis,needs_expert_review,0.72,Progresión de Erandi: útil para razonamiento y prototipo; no se presenta como progresión oficial del marco fuente.,src_ncas,,"{""official_relation"":false}"
r_prog_prac_art_select_present_L2_next,L2,prog_prac_art_select_present_L2,next_level,prog_prac_art_select_present_L3,progression,ordered_progression,expert_synthesis,needs_expert_review,0.85,Orden propuesto de sofisticación creciente; no implica secuencia rígida ni etiqueta permanente.,src_ncas,,"{""official_relation"":false}"
r_prac_art_prepare_present_has_1,L2,prac_art_prepare_present,has_progression_level,prog_prac_art_prepare_present_L1,progression,erandi_progression_synthesis,expert_synthesis,needs_expert_review,0.72,Progresión de Erandi: útil para razonamiento y prototipo; no se presenta como progresión oficial del marco fuente.,src_ncas,,"{""official_relation"":false}"
r_prac_art_prepare_present_has_2,L2,prac_art_prepare_present,has_progression_level,prog_prac_art_prepare_present_L2,progression,erandi_progression_synthesis,expert_synthesis,needs_expert_review,0.72,Progresión de Erandi: útil para razonamiento y prototipo; no se presenta como progresión oficial del marco fuente.,src_ncas,,"{""official_relation"":false}"
r_prog_prac_art_prepare_present_L1_next,L2,prog_prac_art_prepare_present_L1,next_level,prog_prac_art_prepare_present_L2,progression,ordered_progression,expert_synthesis,needs_expert_review,0.85,Orden propuesto de sofisticación creciente; no implica secuencia rígida ni etiqueta permanente.,src_ncas,,"{""official_relation"":false}"
r_prac_art_prepare_present_has_3,L2,prac_art_prepare_present,has_progression_level,prog_prac_art_prepare_present_L3,progression,erandi_progression_synthesis,expert_synthesis,needs_expert_review,0.72,Progresión de Erandi: útil para razonamiento y prototipo; no se presenta como progresión oficial del marco fuente.,src_ncas,,"{""official_relation"":false}"
r_prog_prac_art_prepare_present_L2_next,L2,prog_prac_art_prepare_present_L2,next_level,prog_prac_art_prepare_present_L3,progression,ordered_progression,expert_synthesis,needs_expert_review,0.85,Orden propuesto de sofisticación creciente; no implica secuencia rígida ni etiqueta permanente.,src_ncas,,"{""official_relation"":false}"
r_prac_art_convey_has_1,L2,prac_art_convey,has_progression_level,prog_prac_art_convey_L1,progression,erandi_progression_synthesis,expert_synthesis,needs_expert_review,0.72,Progresión de Erandi: útil para razonamiento y prototipo; no se presenta como progresión oficial del marco fuente.,src_ncas,,"{""official_relation"":false}"
r_prac_art_convey_has_2,L2,prac_art_convey,has_progression_level,prog_prac_art_convey_L2,progression,erandi_progression_synthesis,expert_synthesis,needs_expert_review,0.72,Progresión de Erandi: útil para razonamiento y prototipo; no se presenta como progresión oficial del marco fuente.,src_ncas,,"{""official_relation"":false}"
r_prog_prac_art_convey_L1_next,L2,prog_prac_art_convey_L1,next_level,prog_prac_art_convey_L2,progression,ordered_progression,expert_synthesis,needs_expert_review,0.85,Orden propuesto de sofisticación creciente; no implica secuencia rígida ni etiqueta permanente.,src_ncas,,"{""official_relation"":false}"
r_prac_art_convey_has_3,L2,prac_art_convey,has_progression_level,prog_prac_art_convey_L3,progression,erandi_progression_synthesis,expert_synthesis,needs_expert_review,0.72,Progresión de Erandi: útil para razonamiento y prototipo; no se presenta como progresión oficial del marco fuente.,src_ncas,,"{""official_relation"":false}"
r_prog_prac_art_convey_L2_next,L2,prog_prac_art_convey_L2,next_level,prog_prac_art_convey_L3,progression,ordered_progression,expert_synthesis,needs_expert_review,0.85,Orden propuesto de sofisticación creciente; no implica secuencia rígida ni etiqueta permanente.,src_ncas,,"{""official_relation"":false}"
r_prac_art_perceive_has_1,L2,prac_art_perceive,has_progression_level,prog_prac_art_perceive_L1,progression,erandi_progression_synthesis,expert_synthesis,needs_expert_review,0.72,Progresión de Erandi: útil para razonamiento y prototipo; no se presenta como progresión oficial del marco fuente.,src_ncas,,"{""official_relation"":false}"
r_prac_art_perceive_has_2,L2,prac_art_perceive,has_progression_level,prog_prac_art_perceive_L2,progression,erandi_progression_synthesis,expert_synthesis,needs_expert_review,0.72,Progresión de Erandi: útil para razonamiento y prototipo; no se presenta como progresión oficial del marco fuente.,src_ncas,,"{""official_relation"":false}"
r_prog_prac_art_perceive_L1_next,L2,prog_prac_art_perceive_L1,next_level,prog_prac_art_perceive_L2,progression,ordered_progression,expert_synthesis,needs_expert_review,0.85,Orden propuesto de sofisticación creciente; no implica secuencia rígida ni etiqueta permanente.,src_ncas,,"{""official_relation"":false}"
r_prac_art_perceive_has_3,L2,prac_art_perceive,has_progression_level,prog_prac_art_perceive_L3,progression,erandi_progression_synthesis,expert_synthesis,needs_expert_review,0.72,Progresión de Erandi: útil para razonamiento y prototipo; no se presenta como progresión oficial del marco fuente.,src_ncas,,"{""official_relation"":false}"
r_prog_prac_art_perceive_L2_next,L2,prog_prac_art_perceive_L2,next_level,prog_prac_art_perceive_L3,progression,ordered_progression,expert_synthesis,needs_expert_review,0.85,Orden propuesto de sofisticación creciente; no implica secuencia rígida ni etiqueta permanente.,src_ncas,,"{""official_relation"":false}"
r_prac_art_interpret_has_1,L2,prac_art_interpret,has_progression_level,prog_prac_art_interpret_L1,progression,erandi_progression_synthesis,expert_synthesis,needs_expert_review,0.72,Progresión de Erandi: útil para razonamiento y prototipo; no se presenta como progresión oficial del marco fuente.,src_ncas,,"{""official_relation"":false}"
r_prac_art_interpret_has_2,L2,prac_art_interpret,has_progression_level,prog_prac_art_interpret_L2,progression,erandi_progression_synthesis,expert_synthesis,needs_expert_review,0.72,Progresión de Erandi: útil para razonamiento y prototipo; no se presenta como progresión oficial del marco fuente.,src_ncas,,"{""official_relation"":false}"
r_prog_prac_art_interpret_L1_next,L2,prog_prac_art_interpret_L1,next_level,prog_prac_art_interpret_L2,progression,ordered_progression,expert_synthesis,needs_expert_review,0.85,Orden propuesto de sofisticación creciente; no implica secuencia rígida ni etiqueta permanente.,src_ncas,,"{""official_relation"":false}"
r_prac_art_interpret_has_3,L2,prac_art_interpret,has_progression_level,prog_prac_art_interpret_L3,progression,erandi_progression_synthesis,expert_synthesis,needs_expert_review,0.72,Progresión de Erandi: útil para razonamiento y prototipo; no se presenta como progresión oficial del marco fuente.,src_ncas,,"{""official_relation"":false}"
r_prog_prac_art_interpret_L2_next,L2,prog_prac_art_interpret_L2,next_level,prog_prac_art_interpret_L3,progression,ordered_progression,expert_synthesis,needs_expert_review,0.85,Orden propuesto de sofisticación creciente; no implica secuencia rígida ni etiqueta permanente.,src_ncas,,"{""official_relation"":false}"
r_prac_art_evaluate_has_1,L2,prac_art_evaluate,has_progression_level,prog_prac_art_evaluate_L1,progression,erandi_progression_synthesis,expert_synthesis,needs_expert_review,0.72,Progresión de Erandi: útil para razonamiento y prototipo; no se presenta como progresión oficial del marco fuente.,src_ncas,,"{""official_relation"":false}"
r_prac_art_evaluate_has_2,L2,prac_art_evaluate,has_progression_level,prog_prac_art_evaluate_L2,progression,erandi_progression_synthesis,expert_synthesis,needs_expert_review,0.72,Progresión de Erandi: útil para razonamiento y prototipo; no se presenta como progresión oficial del marco fuente.,src_ncas,,"{""official_relation"":false}"
r_prog_prac_art_evaluate_L1_next,L2,prog_prac_art_evaluate_L1,next_level,prog_prac_art_evaluate_L2,progression,ordered_progression,expert_synthesis,needs_expert_review,0.85,Orden propuesto de sofisticación creciente; no implica secuencia rígida ni etiqueta permanente.,src_ncas,,"{""official_relation"":false}"
r_prac_art_evaluate_has_3,L2,prac_art_evaluate,has_progression_level,prog_prac_art_evaluate_L3,progression,erandi_progression_synthesis,expert_synthesis,needs_expert_review,0.72,Progresión de Erandi: útil para razonamiento y prototipo; no se presenta como progresión oficial del marco fuente.,src_ncas,,"{""official_relation"":false}"
r_prog_prac_art_evaluate_L2_next,L2,prog_prac_art_evaluate_L2,next_level,prog_prac_art_evaluate_L3,progression,ordered_progression,expert_synthesis,needs_expert_review,0.85,Orden propuesto de sofisticación creciente; no implica secuencia rígida ni etiqueta permanente.,src_ncas,,"{""official_relation"":false}"
r_prac_art_connect_personal_has_1,L2,prac_art_connect_personal,has_progression_level,prog_prac_art_connect_personal_L1,progression,erandi_progression_synthesis,expert_synthesis,needs_expert_review,0.72,Progresión de Erandi: útil para razonamiento y prototipo; no se presenta como progresión oficial del marco fuente.,src_ncas,,"{""official_relation"":false}"
r_prac_art_connect_personal_has_2,L2,prac_art_connect_personal,has_progression_level,prog_prac_art_connect_personal_L2,progression,erandi_progression_synthesis,expert_synthesis,needs_expert_review,0.72,Progresión de Erandi: útil para razonamiento y prototipo; no se presenta como progresión oficial del marco fuente.,src_ncas,,"{""official_relation"":false}"
r_prog_prac_art_connect_personal_L1_next,L2,prog_prac_art_connect_personal_L1,next_level,prog_prac_art_connect_personal_L2,progression,ordered_progression,expert_synthesis,needs_expert_review,0.85,Orden propuesto de sofisticación creciente; no implica secuencia rígida ni etiqueta permanente.,src_ncas,,"{""official_relation"":false}"
r_prac_art_connect_personal_has_3,L2,prac_art_connect_personal,has_progression_level,prog_prac_art_connect_personal_L3,progression,erandi_progression_synthesis,expert_synthesis,needs_expert_review,0.72,Progresión de Erandi: útil para razonamiento y prototipo; no se presenta como progresión oficial del marco fuente.,src_ncas,,"{""official_relation"":false}"
r_prog_prac_art_connect_personal_L2_next,L2,prog_prac_art_connect_personal_L2,next_level,prog_prac_art_connect_personal_L3,progression,ordered_progression,expert_synthesis,needs_expert_review,0.85,Orden propuesto de sofisticación creciente; no implica secuencia rígida ni etiqueta permanente.,src_ncas,,"{""official_relation"":false}"
r_prac_art_connect_context_has_1,L2,prac_art_connect_context,has_progression_level,prog_prac_art_connect_context_L1,progression,erandi_progression_synthesis,expert_synthesis,needs_expert_review,0.72,Progresión de Erandi: útil para razonamiento y prototipo; no se presenta como progresión oficial del marco fuente.,src_ncas,,"{""official_relation"":false}"
r_prac_art_connect_context_has_2,L2,prac_art_connect_context,has_progression_level,prog_prac_art_connect_context_L2,progression,erandi_progression_synthesis,expert_synthesis,needs_expert_review,0.72,Progresión de Erandi: útil para razonamiento y prototipo; no se presenta como progresión oficial del marco fuente.,src_ncas,,"{""official_relation"":false}"
r_prog_prac_art_connect_context_L1_next,L2,prog_prac_art_connect_context_L1,next_level,prog_prac_art_connect_context_L2,progression,ordered_progression,expert_synthesis,needs_expert_review,0.85,Orden propuesto de sofisticación creciente; no implica secuencia rígida ni etiqueta permanente.,src_ncas,,"{""official_relation"":false}"
r_prac_art_connect_context_has_3,L2,prac_art_connect_context,has_progression_level,prog_prac_art_connect_context_L3,progression,erandi_progression_synthesis,expert_synthesis,needs_expert_review,0.72,Progresión de Erandi: útil para razonamiento y prototipo; no se presenta como progresión oficial del marco fuente.,src_ncas,,"{""official_relation"":false}"
r_prog_prac_art_connect_context_L2_next,L2,prog_prac_art_connect_context_L2,next_level,prog_prac_art_connect_context_L3,progression,ordered_progression,expert_synthesis,needs_expert_review,0.85,Orden propuesto de sofisticación creciente; no implica secuencia rígida ni etiqueta permanente.,src_ncas,,"{""official_relation"":false}"
r_bridge_skill_cn_observe_prac_sci_observation,X12,skill_cn_observe,maps_to_steam_practice,prac_sci_observation,cross_layer,expert_crosswalk_chile_to_steam_framework,expert_synthesis,needs_expert_review,0.82,Puente semántico entre habilidad curricular chilena y práctica disciplinar de Erandi; no reemplaza la terminología oficial.,src_daniela_map,src_nrc_framework;src_ccss_math;src_csta_2026;src_ncas,{}
r_bridge_skill_cn_observe_prac_art_perceive,X12,skill_cn_observe,maps_to_steam_practice,prac_art_perceive,cross_layer,expert_crosswalk_chile_to_steam_framework,expert_synthesis,needs_expert_review,0.82,Puente semántico entre habilidad curricular chilena y práctica disciplinar de Erandi; no reemplaza la terminología oficial.,src_daniela_map,src_nrc_framework;src_ccss_math;src_csta_2026;src_ncas,{}
r_bridge_skill_cn_question_prac_sci_questioning,X12,skill_cn_question,maps_to_steam_practice,prac_sci_questioning,cross_layer,expert_crosswalk_chile_to_steam_framework,expert_synthesis,needs_expert_review,0.82,Puente semántico entre habilidad curricular chilena y práctica disciplinar de Erandi; no reemplaza la terminología oficial.,src_daniela_map,src_nrc_framework;src_ccss_math;src_csta_2026;src_ncas,{}
r_bridge_skill_cn_infer_prac_sci_prediction,X12,skill_cn_infer,maps_to_steam_practice,prac_sci_prediction,cross_layer,expert_crosswalk_chile_to_steam_framework,expert_synthesis,needs_expert_review,0.82,Puente semántico entre habilidad curricular chilena y práctica disciplinar de Erandi; no reemplaza la terminología oficial.,src_daniela_map,src_nrc_framework;src_ccss_math;src_csta_2026;src_ncas,{}
r_bridge_skill_cn_infer_prac_sci_explanation,X12,skill_cn_infer,maps_to_steam_practice,prac_sci_explanation,cross_layer,expert_crosswalk_chile_to_steam_framework,expert_synthesis,needs_expert_review,0.82,Puente semántico entre habilidad curricular chilena y práctica disciplinar de Erandi; no reemplaza la terminología oficial.,src_daniela_map,src_nrc_framework;src_ccss_math;src_csta_2026;src_ncas,{}
r_bridge_skill_cn_predict_prac_sci_prediction,X12,skill_cn_predict,maps_to_steam_practice,prac_sci_prediction,cross_layer,expert_crosswalk_chile_to_steam_framework,expert_synthesis,needs_expert_review,0.82,Puente semántico entre habilidad curricular chilena y práctica disciplinar de Erandi; no reemplaza la terminología oficial.,src_daniela_map,src_nrc_framework;src_ccss_math;src_csta_2026;src_ncas,{}
r_bridge_skill_cn_predict_prac_sci_modeling,X12,skill_cn_predict,maps_to_steam_practice,prac_sci_modeling,cross_layer,expert_crosswalk_chile_to_steam_framework,expert_synthesis,needs_expert_review,0.82,Puente semántico entre habilidad curricular chilena y práctica disciplinar de Erandi; no reemplaza la terminología oficial.,src_daniela_map,src_nrc_framework;src_ccss_math;src_csta_2026;src_ncas,{}
r_bridge_skill_cn_investigate_prac_sci_investigation,X12,skill_cn_investigate,maps_to_steam_practice,prac_sci_investigation,cross_layer,expert_crosswalk_chile_to_steam_framework,expert_synthesis,needs_expert_review,0.82,Puente semántico entre habilidad curricular chilena y práctica disciplinar de Erandi; no reemplaza la terminología oficial.,src_daniela_map,src_nrc_framework;src_ccss_math;src_csta_2026;src_ncas,{}
r_bridge_skill_cn_explore_prac_sci_observation,X12,skill_cn_explore,maps_to_steam_practice,prac_sci_observation,cross_layer,expert_crosswalk_chile_to_steam_framework,expert_synthesis,needs_expert_review,0.82,Puente semántico entre habilidad curricular chilena y práctica disciplinar de Erandi; no reemplaza la terminología oficial.,src_daniela_map,src_nrc_framework;src_ccss_math;src_csta_2026;src_ncas,{}
r_bridge_skill_cn_explore_prac_sci_investigation,X12,skill_cn_explore,maps_to_steam_practice,prac_sci_investigation,cross_layer,expert_crosswalk_chile_to_steam_framework,expert_synthesis,needs_expert_review,0.82,Puente semántico entre habilidad curricular chilena y práctica disciplinar de Erandi; no reemplaza la terminología oficial.,src_daniela_map,src_nrc_framework;src_ccss_math;src_csta_2026;src_ncas,{}
r_bridge_skill_cn_explore_prac_art_generate,X12,skill_cn_explore,maps_to_steam_practice,prac_art_generate,cross_layer,expert_crosswalk_chile_to_steam_framework,expert_synthesis,needs_expert_review,0.82,Puente semántico entre habilidad curricular chilena y práctica disciplinar de Erandi; no reemplaza la terminología oficial.,src_daniela_map,src_nrc_framework;src_ccss_math;src_csta_2026;src_ncas,{}
r_bridge_skill_cn_classify_prac_sci_data,X12,skill_cn_classify,maps_to_steam_practice,prac_sci_data,cross_layer,expert_crosswalk_chile_to_steam_framework,expert_synthesis,needs_expert_review,0.82,Puente semántico entre habilidad curricular chilena y práctica disciplinar de Erandi; no reemplaza la terminología oficial.,src_daniela_map,src_nrc_framework;src_ccss_math;src_csta_2026;src_ncas,{}
r_bridge_skill_cn_classify_prac_cs_abstraction,X12,skill_cn_classify,maps_to_steam_practice,prac_cs_abstraction,cross_layer,expert_crosswalk_chile_to_steam_framework,expert_synthesis,needs_expert_review,0.82,Puente semántico entre habilidad curricular chilena y práctica disciplinar de Erandi; no reemplaza la terminología oficial.,src_daniela_map,src_nrc_framework;src_ccss_math;src_csta_2026;src_ncas,{}
r_bridge_skill_cn_classify_prac_math_structure,X12,skill_cn_classify,maps_to_steam_practice,prac_math_structure,cross_layer,expert_crosswalk_chile_to_steam_framework,expert_synthesis,needs_expert_review,0.82,Puente semántico entre habilidad curricular chilena y práctica disciplinar de Erandi; no reemplaza la terminología oficial.,src_daniela_map,src_nrc_framework;src_ccss_math;src_csta_2026;src_ncas,{}
r_bridge_skill_cn_measure_prac_sci_data,X12,skill_cn_measure,maps_to_steam_practice,prac_sci_data,cross_layer,expert_crosswalk_chile_to_steam_framework,expert_synthesis,needs_expert_review,0.82,Puente semántico entre habilidad curricular chilena y práctica disciplinar de Erandi; no reemplaza la terminología oficial.,src_daniela_map,src_nrc_framework;src_ccss_math;src_csta_2026;src_ncas,{}
r_bridge_skill_cn_measure_prac_math_tools,X12,skill_cn_measure,maps_to_steam_practice,prac_math_tools,cross_layer,expert_crosswalk_chile_to_steam_framework,expert_synthesis,needs_expert_review,0.82,Puente semántico entre habilidad curricular chilena y práctica disciplinar de Erandi; no reemplaza la terminología oficial.,src_daniela_map,src_nrc_framework;src_ccss_math;src_csta_2026;src_ncas,{}
r_bridge_skill_cn_measure_prac_math_precision,X12,skill_cn_measure,maps_to_steam_practice,prac_math_precision,cross_layer,expert_crosswalk_chile_to_steam_framework,expert_synthesis,needs_expert_review,0.82,Puente semántico entre habilidad curricular chilena y práctica disciplinar de Erandi; no reemplaza la terminología oficial.,src_daniela_map,src_nrc_framework;src_ccss_math;src_csta_2026;src_ncas,{}
r_bridge_skill_cn_record_prac_sci_data,X12,skill_cn_record,maps_to_steam_practice,prac_sci_data,cross_layer,expert_crosswalk_chile_to_steam_framework,expert_synthesis,needs_expert_review,0.82,Puente semántico entre habilidad curricular chilena y práctica disciplinar de Erandi; no reemplaza la terminología oficial.,src_daniela_map,src_nrc_framework;src_ccss_math;src_csta_2026;src_ncas,{}
r_bridge_skill_cn_record_prac_math_model,X12,skill_cn_record,maps_to_steam_practice,prac_math_model,cross_layer,expert_crosswalk_chile_to_steam_framework,expert_synthesis,needs_expert_review,0.82,Puente semántico entre habilidad curricular chilena y práctica disciplinar de Erandi; no reemplaza la terminología oficial.,src_daniela_map,src_nrc_framework;src_ccss_math;src_csta_2026;src_ncas,{}
r_bridge_skill_cn_record_prac_sci_communication,X12,skill_cn_record,maps_to_steam_practice,prac_sci_communication,cross_layer,expert_crosswalk_chile_to_steam_framework,expert_synthesis,needs_expert_review,0.82,Puente semántico entre habilidad curricular chilena y práctica disciplinar de Erandi; no reemplaza la terminología oficial.,src_daniela_map,src_nrc_framework;src_ccss_math;src_csta_2026;src_ncas,{}
r_bridge_skill_cn_organize_data_prac_sci_data,X12,skill_cn_organize_data,maps_to_steam_practice,prac_sci_data,cross_layer,expert_crosswalk_chile_to_steam_framework,expert_synthesis,needs_expert_review,0.82,Puente semántico entre habilidad curricular chilena y práctica disciplinar de Erandi; no reemplaza la terminología oficial.,src_daniela_map,src_nrc_framework;src_ccss_math;src_csta_2026;src_ncas,{}
r_bridge_skill_cn_organize_data_prac_math_model,X12,skill_cn_organize_data,maps_to_steam_practice,prac_math_model,cross_layer,expert_crosswalk_chile_to_steam_framework,expert_synthesis,needs_expert_review,0.82,Puente semántico entre habilidad curricular chilena y práctica disciplinar de Erandi; no reemplaza la terminología oficial.,src_daniela_map,src_nrc_framework;src_ccss_math;src_csta_2026;src_ncas,{}
r_bridge_skill_cn_organize_data_prac_cs_abstraction,X12,skill_cn_organize_data,maps_to_steam_practice,prac_cs_abstraction,cross_layer,expert_crosswalk_chile_to_steam_framework,expert_synthesis,needs_expert_review,0.82,Puente semántico entre habilidad curricular chilena y práctica disciplinar de Erandi; no reemplaza la terminología oficial.,src_daniela_map,src_nrc_framework;src_ccss_math;src_csta_2026;src_ncas,{}
r_bridge_skill_cn_use_instruments_prac_math_tools,X12,skill_cn_use_instruments,maps_to_steam_practice,prac_math_tools,cross_layer,expert_crosswalk_chile_to_steam_framework,expert_synthesis,needs_expert_review,0.82,Puente semántico entre habilidad curricular chilena y práctica disciplinar de Erandi; no reemplaza la terminología oficial.,src_daniela_map,src_nrc_framework;src_ccss_math;src_csta_2026;src_ncas,{}
r_bridge_skill_cn_use_instruments_prac_sci_investigation,X12,skill_cn_use_instruments,maps_to_steam_practice,prac_sci_investigation,cross_layer,expert_crosswalk_chile_to_steam_framework,expert_synthesis,needs_expert_review,0.82,Puente semántico entre habilidad curricular chilena y práctica disciplinar de Erandi; no reemplaza la terminología oficial.,src_daniela_map,src_nrc_framework;src_ccss_math;src_csta_2026;src_ncas,{}
r_bridge_skill_cn_plan_prac_sci_investigation,X12,skill_cn_plan,maps_to_steam_practice,prac_sci_investigation,cross_layer,expert_crosswalk_chile_to_steam_framework,expert_synthesis,needs_expert_review,0.82,Puente semántico entre habilidad curricular chilena y práctica disciplinar de Erandi; no reemplaza la terminología oficial.,src_daniela_map,src_nrc_framework;src_ccss_math;src_csta_2026;src_ncas,{}
r_bridge_skill_cn_plan_prac_cs_manage,X12,skill_cn_plan,maps_to_steam_practice,prac_cs_manage,cross_layer,expert_crosswalk_chile_to_steam_framework,expert_synthesis,needs_expert_review,0.82,Puente semántico entre habilidad curricular chilena y práctica disciplinar de Erandi; no reemplaza la terminología oficial.,src_daniela_map,src_nrc_framework;src_ccss_math;src_csta_2026;src_ncas,{}
r_bridge_skill_cn_analyze_prac_sci_data,X12,skill_cn_analyze,maps_to_steam_practice,prac_sci_data,cross_layer,expert_crosswalk_chile_to_steam_framework,expert_synthesis,needs_expert_review,0.82,Puente semántico entre habilidad curricular chilena y práctica disciplinar de Erandi; no reemplaza la terminología oficial.,src_daniela_map,src_nrc_framework;src_ccss_math;src_csta_2026;src_ncas,{}
r_bridge_skill_cn_analyze_prac_sci_argument,X12,skill_cn_analyze,maps_to_steam_practice,prac_sci_argument,cross_layer,expert_crosswalk_chile_to_steam_framework,expert_synthesis,needs_expert_review,0.82,Puente semántico entre habilidad curricular chilena y práctica disciplinar de Erandi; no reemplaza la terminología oficial.,src_daniela_map,src_nrc_framework;src_ccss_math;src_csta_2026;src_ncas,{}
r_bridge_skill_cn_analyze_prac_math_argument,X12,skill_cn_analyze,maps_to_steam_practice,prac_math_argument,cross_layer,expert_crosswalk_chile_to_steam_framework,expert_synthesis,needs_expert_review,0.82,Puente semántico entre habilidad curricular chilena y práctica disciplinar de Erandi; no reemplaza la terminología oficial.,src_daniela_map,src_nrc_framework;src_ccss_math;src_csta_2026;src_ncas,{}
r_bridge_skill_cn_compare_prac_sci_data,X12,skill_cn_compare,maps_to_steam_practice,prac_sci_data,cross_layer,expert_crosswalk_chile_to_steam_framework,expert_synthesis,needs_expert_review,0.82,Puente semántico entre habilidad curricular chilena y práctica disciplinar de Erandi; no reemplaza la terminología oficial.,src_daniela_map,src_nrc_framework;src_ccss_math;src_csta_2026;src_ncas,{}
r_bridge_skill_cn_compare_prac_math_argument,X12,skill_cn_compare,maps_to_steam_practice,prac_math_argument,cross_layer,expert_crosswalk_chile_to_steam_framework,expert_synthesis,needs_expert_review,0.82,Puente semántico entre habilidad curricular chilena y práctica disciplinar de Erandi; no reemplaza la terminología oficial.,src_daniela_map,src_nrc_framework;src_ccss_math;src_csta_2026;src_ncas,{}
r_bridge_skill_cn_compare_prac_art_evaluate,X12,skill_cn_compare,maps_to_steam_practice,prac_art_evaluate,cross_layer,expert_crosswalk_chile_to_steam_framework,expert_synthesis,needs_expert_review,0.82,Puente semántico entre habilidad curricular chilena y práctica disciplinar de Erandi; no reemplaza la terminología oficial.,src_daniela_map,src_nrc_framework;src_ccss_math;src_csta_2026;src_ncas,{}
r_bridge_skill_cn_summarize_evidence_prac_sci_explanation,X12,skill_cn_summarize_evidence,maps_to_steam_practice,prac_sci_explanation,cross_layer,expert_crosswalk_chile_to_steam_framework,expert_synthesis,needs_expert_review,0.82,Puente semántico entre habilidad curricular chilena y práctica disciplinar de Erandi; no reemplaza la terminología oficial.,src_daniela_map,src_nrc_framework;src_ccss_math;src_csta_2026;src_ncas,{}
r_bridge_skill_cn_summarize_evidence_prac_sci_communication,X12,skill_cn_summarize_evidence,maps_to_steam_practice,prac_sci_communication,cross_layer,expert_crosswalk_chile_to_steam_framework,expert_synthesis,needs_expert_review,0.82,Puente semántico entre habilidad curricular chilena y práctica disciplinar de Erandi; no reemplaza la terminología oficial.,src_daniela_map,src_nrc_framework;src_ccss_math;src_csta_2026;src_ncas,{}
r_bridge_skill_cn_communicate_prac_sci_communication,X12,skill_cn_communicate,maps_to_steam_practice,prac_sci_communication,cross_layer,expert_crosswalk_chile_to_steam_framework,expert_synthesis,needs_expert_review,0.82,Puente semántico entre habilidad curricular chilena y práctica disciplinar de Erandi; no reemplaza la terminología oficial.,src_daniela_map,src_nrc_framework;src_ccss_math;src_csta_2026;src_ncas,{}
r_bridge_skill_cn_communicate_prac_math_argument,X12,skill_cn_communicate,maps_to_steam_practice,prac_math_argument,cross_layer,expert_crosswalk_chile_to_steam_framework,expert_synthesis,needs_expert_review,0.82,Puente semántico entre habilidad curricular chilena y práctica disciplinar de Erandi; no reemplaza la terminología oficial.,src_daniela_map,src_nrc_framework;src_ccss_math;src_csta_2026;src_ncas,{}
r_bridge_skill_cn_communicate_prac_cs_communicate,X12,skill_cn_communicate,maps_to_steam_practice,prac_cs_communicate,cross_layer,expert_crosswalk_chile_to_steam_framework,expert_synthesis,needs_expert_review,0.82,Puente semántico entre habilidad curricular chilena y práctica disciplinar de Erandi; no reemplaza la terminología oficial.,src_daniela_map,src_nrc_framework;src_ccss_math;src_csta_2026;src_ncas,{}
r_bridge_skill_cn_communicate_prac_art_convey,X12,skill_cn_communicate,maps_to_steam_practice,prac_art_convey,cross_layer,expert_crosswalk_chile_to_steam_framework,expert_synthesis,needs_expert_review,0.82,Puente semántico entre habilidad curricular chilena y práctica disciplinar de Erandi; no reemplaza la terminología oficial.,src_daniela_map,src_nrc_framework;src_ccss_math;src_csta_2026;src_ncas,{}
r_bridge_skill_cn_evaluate_prac_sci_argument,X12,skill_cn_evaluate,maps_to_steam_practice,prac_sci_argument,cross_layer,expert_crosswalk_chile_to_steam_framework,expert_synthesis,needs_expert_review,0.82,Puente semántico entre habilidad curricular chilena y práctica disciplinar de Erandi; no reemplaza la terminología oficial.,src_daniela_map,src_nrc_framework;src_ccss_math;src_csta_2026;src_ncas,{}
r_bridge_skill_cn_evaluate_prac_eng_test,X12,skill_cn_evaluate,maps_to_steam_practice,prac_eng_test,cross_layer,expert_crosswalk_chile_to_steam_framework,expert_synthesis,needs_expert_review,0.82,Puente semántico entre habilidad curricular chilena y práctica disciplinar de Erandi; no reemplaza la terminología oficial.,src_daniela_map,src_nrc_framework;src_ccss_math;src_csta_2026;src_ncas,{}
r_bridge_skill_cn_evaluate_prac_art_evaluate,X12,skill_cn_evaluate,maps_to_steam_practice,prac_art_evaluate,cross_layer,expert_crosswalk_chile_to_steam_framework,expert_synthesis,needs_expert_review,0.82,Puente semántico entre habilidad curricular chilena y práctica disciplinar de Erandi; no reemplaza la terminología oficial.,src_daniela_map,src_nrc_framework;src_ccss_math;src_csta_2026;src_ncas,{}
r_bridge_skill_cn_experiment_prac_sci_investigation,X12,skill_cn_experiment,maps_to_steam_practice,prac_sci_investigation,cross_layer,expert_crosswalk_chile_to_steam_framework,expert_synthesis,needs_expert_review,0.82,Puente semántico entre habilidad curricular chilena y práctica disciplinar de Erandi; no reemplaza la terminología oficial.,src_daniela_map,src_nrc_framework;src_ccss_math;src_csta_2026;src_ncas,{}
r_bridge_skill_cn_experiment_prac_eng_test,X12,skill_cn_experiment,maps_to_steam_practice,prac_eng_test,cross_layer,expert_crosswalk_chile_to_steam_framework,expert_synthesis,needs_expert_review,0.82,Puente semántico entre habilidad curricular chilena y práctica disciplinar de Erandi; no reemplaza la terminología oficial.,src_daniela_map,src_nrc_framework;src_ccss_math;src_csta_2026;src_ncas,{}
r_bridge_skill_cn_use_models_prac_sci_modeling,X12,skill_cn_use_models,maps_to_steam_practice,prac_sci_modeling,cross_layer,expert_crosswalk_chile_to_steam_framework,expert_synthesis,needs_expert_review,0.82,Puente semántico entre habilidad curricular chilena y práctica disciplinar de Erandi; no reemplaza la terminología oficial.,src_daniela_map,src_nrc_framework;src_ccss_math;src_csta_2026;src_ncas,{}
r_bridge_skill_cn_use_models_prac_math_model,X12,skill_cn_use_models,maps_to_steam_practice,prac_math_model,cross_layer,expert_crosswalk_chile_to_steam_framework,expert_synthesis,needs_expert_review,0.82,Puente semántico entre habilidad curricular chilena y práctica disciplinar de Erandi; no reemplaza la terminología oficial.,src_daniela_map,src_nrc_framework;src_ccss_math;src_csta_2026;src_ncas,{}
r_bridge_skill_cn_use_models_prac_eng_modelproto,X12,skill_cn_use_models,maps_to_steam_practice,prac_eng_modelproto,cross_layer,expert_crosswalk_chile_to_steam_framework,expert_synthesis,needs_expert_review,0.82,Puente semántico entre habilidad curricular chilena y práctica disciplinar de Erandi; no reemplaza la terminología oficial.,src_daniela_map,src_nrc_framework;src_ccss_math;src_csta_2026;src_ncas,{}
r_bridge_oah_cn03_a_prac_sci_observation,X12,oah_cn03_a,affords_steam_practice,prac_sci_observation,cross_layer,expert_crosswalk_from_official_skill_objective,expert_synthesis,needs_expert_review,0.84,La formulación del OAH crea una oportunidad curricular auténtica para esta práctica STEAM.,src_mineduc_cn03,src_nrc_framework;src_ccss_math;src_csta_2026;src_ncas,{}
r_bridge_oah_cn03_a_prac_sci_questioning,X12,oah_cn03_a,affords_steam_practice,prac_sci_questioning,cross_layer,expert_crosswalk_from_official_skill_objective,expert_synthesis,needs_expert_review,0.84,La formulación del OAH crea una oportunidad curricular auténtica para esta práctica STEAM.,src_mineduc_cn03,src_nrc_framework;src_ccss_math;src_csta_2026;src_ncas,{}
r_bridge_oah_cn03_a_prac_sci_prediction,X12,oah_cn03_a,affords_steam_practice,prac_sci_prediction,cross_layer,expert_crosswalk_from_official_skill_objective,expert_synthesis,needs_expert_review,0.84,La formulación del OAH crea una oportunidad curricular auténtica para esta práctica STEAM.,src_mineduc_cn03,src_nrc_framework;src_ccss_math;src_csta_2026;src_ncas,{}
r_bridge_oah_cn03_b_prac_sci_investigation,X12,oah_cn03_b,affords_steam_practice,prac_sci_investigation,cross_layer,expert_crosswalk_from_official_skill_objective,expert_synthesis,needs_expert_review,0.84,La formulación del OAH crea una oportunidad curricular auténtica para esta práctica STEAM.,src_mineduc_cn03,src_nrc_framework;src_ccss_math;src_csta_2026;src_ncas,{}
r_bridge_oah_cn03_b_prac_sci_observation,X12,oah_cn03_b,affords_steam_practice,prac_sci_observation,cross_layer,expert_crosswalk_from_official_skill_objective,expert_synthesis,needs_expert_review,0.84,La formulación del OAH crea una oportunidad curricular auténtica para esta práctica STEAM.,src_mineduc_cn03,src_nrc_framework;src_ccss_math;src_csta_2026;src_ncas,{}
r_bridge_oah_cn03_b_prac_sci_data,X12,oah_cn03_b,affords_steam_practice,prac_sci_data,cross_layer,expert_crosswalk_from_official_skill_objective,expert_synthesis,needs_expert_review,0.84,La formulación del OAH crea una oportunidad curricular auténtica para esta práctica STEAM.,src_mineduc_cn03,src_nrc_framework;src_ccss_math;src_csta_2026;src_ncas,{}
r_bridge_oah_cn03_c_prac_sci_observation,X12,oah_cn03_c,affords_steam_practice,prac_sci_observation,cross_layer,expert_crosswalk_from_official_skill_objective,expert_synthesis,needs_expert_review,0.84,La formulación del OAH crea una oportunidad curricular auténtica para esta práctica STEAM.,src_mineduc_cn03,src_nrc_framework;src_ccss_math;src_csta_2026;src_ncas,{}
r_bridge_oah_cn03_c_prac_sci_data,X12,oah_cn03_c,affords_steam_practice,prac_sci_data,cross_layer,expert_crosswalk_from_official_skill_objective,expert_synthesis,needs_expert_review,0.84,La formulación del OAH crea una oportunidad curricular auténtica para esta práctica STEAM.,src_mineduc_cn03,src_nrc_framework;src_ccss_math;src_csta_2026;src_ncas,{}
r_bridge_oah_cn03_c_prac_math_model,X12,oah_cn03_c,affords_steam_practice,prac_math_model,cross_layer,expert_crosswalk_from_official_skill_objective,expert_synthesis,needs_expert_review,0.84,La formulación del OAH crea una oportunidad curricular auténtica para esta práctica STEAM.,src_mineduc_cn03,src_nrc_framework;src_ccss_math;src_csta_2026;src_ncas,{}
r_bridge_oah_cn03_c_prac_math_tools,X12,oah_cn03_c,affords_steam_practice,prac_math_tools,cross_layer,expert_crosswalk_from_official_skill_objective,expert_synthesis,needs_expert_review,0.84,La formulación del OAH crea una oportunidad curricular auténtica para esta práctica STEAM.,src_mineduc_cn03,src_nrc_framework;src_ccss_math;src_csta_2026;src_ncas,{}
r_bridge_oah_cn03_c_prac_math_precision,X12,oah_cn03_c,affords_steam_practice,prac_math_precision,cross_layer,expert_crosswalk_from_official_skill_objective,expert_synthesis,needs_expert_review,0.84,La formulación del OAH crea una oportunidad curricular auténtica para esta práctica STEAM.,src_mineduc_cn03,src_nrc_framework;src_ccss_math;src_csta_2026;src_ncas,{}
r_bridge_oah_cn03_c_prac_cs_abstraction,X12,oah_cn03_c,affords_steam_practice,prac_cs_abstraction,cross_layer,expert_crosswalk_from_official_skill_objective,expert_synthesis,needs_expert_review,0.84,La formulación del OAH crea una oportunidad curricular auténtica para esta práctica STEAM.,src_mineduc_cn03,src_nrc_framework;src_ccss_math;src_csta_2026;src_ncas,{}
r_bridge_oah_cn03_d_prac_sci_investigation,X12,oah_cn03_d,affords_steam_practice,prac_sci_investigation,cross_layer,expert_crosswalk_from_official_skill_objective,expert_synthesis,needs_expert_review,0.84,La formulación del OAH crea una oportunidad curricular auténtica para esta práctica STEAM.,src_mineduc_cn03,src_nrc_framework;src_ccss_math;src_csta_2026;src_ncas,{}
r_bridge_oah_cn03_d_prac_math_tools,X12,oah_cn03_d,affords_steam_practice,prac_math_tools,cross_layer,expert_crosswalk_from_official_skill_objective,expert_synthesis,needs_expert_review,0.84,La formulación del OAH crea una oportunidad curricular auténtica para esta práctica STEAM.,src_mineduc_cn03,src_nrc_framework;src_ccss_math;src_csta_2026;src_ncas,{}
r_bridge_oah_cn03_e_prac_sci_data,X12,oah_cn03_e,affords_steam_practice,prac_sci_data,cross_layer,expert_crosswalk_from_official_skill_objective,expert_synthesis,needs_expert_review,0.84,La formulación del OAH crea una oportunidad curricular auténtica para esta práctica STEAM.,src_mineduc_cn03,src_nrc_framework;src_ccss_math;src_csta_2026;src_ncas,{}
r_bridge_oah_cn03_e_prac_sci_explanation,X12,oah_cn03_e,affords_steam_practice,prac_sci_explanation,cross_layer,expert_crosswalk_from_official_skill_objective,expert_synthesis,needs_expert_review,0.84,La formulación del OAH crea una oportunidad curricular auténtica para esta práctica STEAM.,src_mineduc_cn03,src_nrc_framework;src_ccss_math;src_csta_2026;src_ncas,{}
r_bridge_oah_cn03_f_prac_sci_communication,X12,oah_cn03_f,affords_steam_practice,prac_sci_communication,cross_layer,expert_crosswalk_from_official_skill_objective,expert_synthesis,needs_expert_review,0.84,La formulación del OAH crea una oportunidad curricular auténtica para esta práctica STEAM.,src_mineduc_cn03,src_nrc_framework;src_ccss_math;src_csta_2026;src_ncas,{}
r_bridge_oah_cn03_f_prac_sci_argument,X12,oah_cn03_f,affords_steam_practice,prac_sci_argument,cross_layer,expert_crosswalk_from_official_skill_objective,expert_synthesis,needs_expert_review,0.84,La formulación del OAH crea una oportunidad curricular auténtica para esta práctica STEAM.,src_mineduc_cn03,src_nrc_framework;src_ccss_math;src_csta_2026;src_ncas,{}
r_bridge_oah_cn03_f_prac_sci_modeling,X12,oah_cn03_f,affords_steam_practice,prac_sci_modeling,cross_layer,expert_crosswalk_from_official_skill_objective,expert_synthesis,needs_expert_review,0.84,La formulación del OAH crea una oportunidad curricular auténtica para esta práctica STEAM.,src_mineduc_cn03,src_nrc_framework;src_ccss_math;src_csta_2026;src_ncas,{}
r_bridge_oah_cn03_f_prac_art_convey,X12,oah_cn03_f,affords_steam_practice,prac_art_convey,cross_layer,expert_crosswalk_from_official_skill_objective,expert_synthesis,needs_expert_review,0.84,La formulación del OAH crea una oportunidad curricular auténtica para esta práctica STEAM.,src_mineduc_cn03,src_nrc_framework;src_ccss_math;src_csta_2026;src_ncas,{}
r_oa03_affords_prac_sci_observation,X12,oa_cn03_03,can_afford_practice,prac_sci_observation,cross_layer,expert_design_opportunity,expert_synthesis,needs_expert_review,0.68,Posible práctica auténtica dentro de una trayectoria sobre polinización; no implica que el OA exija dicha práctica.,src_cn03_oa_03,src_nrc_framework;src_ccss_math;src_csta_2026;src_ncas,"{""curriculum_requirement"":false}"
r_oa03_affords_prac_sci_questioning,X12,oa_cn03_03,can_afford_practice,prac_sci_questioning,cross_layer,expert_design_opportunity,expert_synthesis,needs_expert_review,0.68,Posible práctica auténtica dentro de una trayectoria sobre polinización; no implica que el OA exija dicha práctica.,src_cn03_oa_03,src_nrc_framework;src_ccss_math;src_csta_2026;src_ncas,"{""curriculum_requirement"":false}"
r_oa03_affords_prac_sci_modeling,X12,oa_cn03_03,can_afford_practice,prac_sci_modeling,cross_layer,expert_design_opportunity,expert_synthesis,needs_expert_review,0.68,Posible práctica auténtica dentro de una trayectoria sobre polinización; no implica que el OA exija dicha práctica.,src_cn03_oa_03,src_nrc_framework;src_ccss_math;src_csta_2026;src_ncas,"{""curriculum_requirement"":false}"
r_oa03_affords_prac_sci_investigation,X12,oa_cn03_03,can_afford_practice,prac_sci_investigation,cross_layer,expert_design_opportunity,expert_synthesis,needs_expert_review,0.68,Posible práctica auténtica dentro de una trayectoria sobre polinización; no implica que el OA exija dicha práctica.,src_cn03_oa_03,src_nrc_framework;src_ccss_math;src_csta_2026;src_ncas,"{""curriculum_requirement"":false}"
r_oa03_affords_prac_sci_data,X12,oa_cn03_03,can_afford_practice,prac_sci_data,cross_layer,expert_design_opportunity,expert_synthesis,needs_expert_review,0.68,Posible práctica auténtica dentro de una trayectoria sobre polinización; no implica que el OA exija dicha práctica.,src_cn03_oa_03,src_nrc_framework;src_ccss_math;src_csta_2026;src_ncas,"{""curriculum_requirement"":false}"
r_oa03_affords_prac_sci_explanation,X12,oa_cn03_03,can_afford_practice,prac_sci_explanation,cross_layer,expert_design_opportunity,expert_synthesis,needs_expert_review,0.68,Posible práctica auténtica dentro de una trayectoria sobre polinización; no implica que el OA exija dicha práctica.,src_cn03_oa_03,src_nrc_framework;src_ccss_math;src_csta_2026;src_ncas,"{""curriculum_requirement"":false}"
r_oa03_affords_prac_math_model,X12,oa_cn03_03,can_afford_practice,prac_math_model,cross_layer,expert_design_opportunity,expert_synthesis,needs_expert_review,0.68,Posible práctica auténtica dentro de una trayectoria sobre polinización; no implica que el OA exija dicha práctica.,src_cn03_oa_03,src_nrc_framework;src_ccss_math;src_csta_2026;src_ncas,"{""curriculum_requirement"":false}"
r_oa03_affords_prac_math_precision,X12,oa_cn03_03,can_afford_practice,prac_math_precision,cross_layer,expert_design_opportunity,expert_synthesis,needs_expert_review,0.68,Posible práctica auténtica dentro de una trayectoria sobre polinización; no implica que el OA exija dicha práctica.,src_cn03_oa_03,src_nrc_framework;src_ccss_math;src_csta_2026;src_ncas,"{""curriculum_requirement"":false}"
r_oa03_affords_prac_eng_define,X12,oa_cn03_03,can_afford_practice,prac_eng_define,cross_layer,expert_design_opportunity,expert_synthesis,needs_expert_review,0.68,Posible práctica auténtica dentro de una trayectoria sobre polinización; no implica que el OA exija dicha práctica.,src_cn03_oa_03,src_nrc_framework;src_ccss_math;src_csta_2026;src_ncas,"{""curriculum_requirement"":false}"
r_oa03_affords_prac_eng_criteria,X12,oa_cn03_03,can_afford_practice,prac_eng_criteria,cross_layer,expert_design_opportunity,expert_synthesis,needs_expert_review,0.68,Posible práctica auténtica dentro de una trayectoria sobre polinización; no implica que el OA exija dicha práctica.,src_cn03_oa_03,src_nrc_framework;src_ccss_math;src_csta_2026;src_ncas,"{""curriculum_requirement"":false}"
r_oa03_affords_prac_eng_modelproto,X12,oa_cn03_03,can_afford_practice,prac_eng_modelproto,cross_layer,expert_design_opportunity,expert_synthesis,needs_expert_review,0.68,Posible práctica auténtica dentro de una trayectoria sobre polinización; no implica que el OA exija dicha práctica.,src_cn03_oa_03,src_nrc_framework;src_ccss_math;src_csta_2026;src_ncas,"{""curriculum_requirement"":false}"
r_oa03_affords_prac_eng_test,X12,oa_cn03_03,can_afford_practice,prac_eng_test,cross_layer,expert_design_opportunity,expert_synthesis,needs_expert_review,0.68,Posible práctica auténtica dentro de una trayectoria sobre polinización; no implica que el OA exija dicha práctica.,src_cn03_oa_03,src_nrc_framework;src_ccss_math;src_csta_2026;src_ncas,"{""curriculum_requirement"":false}"
r_oa03_affords_prac_art_perceive,X12,oa_cn03_03,can_afford_practice,prac_art_perceive,cross_layer,expert_design_opportunity,expert_synthesis,needs_expert_review,0.68,Posible práctica auténtica dentro de una trayectoria sobre polinización; no implica que el OA exija dicha práctica.,src_cn03_oa_03,src_nrc_framework;src_ccss_math;src_csta_2026;src_ncas,"{""curriculum_requirement"":false}"
r_oa03_affords_prac_art_convey,X12,oa_cn03_03,can_afford_practice,prac_art_convey,cross_layer,expert_design_opportunity,expert_synthesis,needs_expert_review,0.68,Posible práctica auténtica dentro de una trayectoria sobre polinización; no implica que el OA exija dicha práctica.,src_cn03_oa_03,src_nrc_framework;src_ccss_math;src_csta_2026;src_ncas,"{""curriculum_requirement"":false}"
r_oa03_affords_prac_cs_abstraction,X12,oa_cn03_03,can_afford_practice,prac_cs_abstraction,cross_layer,expert_design_opportunity,expert_synthesis,needs_expert_review,0.68,Posible práctica auténtica dentro de una trayectoria sobre polinización; no implica que el OA exija dicha práctica.,src_cn03_oa_03,src_nrc_framework;src_ccss_math;src_csta_2026;src_ncas,"{""curriculum_requirement"":false}"
r_move_initial_model_dev3b,L3,move_initial_model,has_developmental_adaptation,devband_middle_primary,developmental,developmentally_appropriate_design_synthesis,expert_synthesis,needs_expert_review,0.75,El movimiento debe manifestarse de forma apropiada a 3° Básico; adaptación detallada en tabla correspondiente.,src_naeyc_dap,src_nap_prek5_science,{}
r_move_stw_dev3b,L3,move_stw,has_developmental_adaptation,devband_middle_primary,developmental,developmentally_appropriate_design_synthesis,expert_synthesis,needs_expert_review,0.75,El movimiento debe manifestarse de forma apropiada a 3° Básico; adaptación detallada en tabla correspondiente.,src_naeyc_dap,src_nap_prek5_science,{}
r_move_tpe_dev3b,L3,move_tpe,has_developmental_adaptation,devband_middle_primary,developmental,developmentally_appropriate_design_synthesis,expert_synthesis,needs_expert_review,0.75,El movimiento debe manifestarse de forma apropiada a 3° Básico; adaptación detallada en tabla correspondiente.,src_naeyc_dap,src_nap_prek5_science,{}
r_move_csq_dev3b,L3,move_csq,has_developmental_adaptation,devband_middle_primary,developmental,developmentally_appropriate_design_synthesis,expert_synthesis,needs_expert_review,0.75,El movimiento debe manifestarse de forma apropiada a 3° Básico; adaptación detallada en tabla correspondiente.,src_naeyc_dap,src_nap_prek5_science,{}
r_move_ppc_dev3b,L3,move_ppc,has_developmental_adaptation,devband_middle_primary,developmental,developmentally_appropriate_design_synthesis,expert_synthesis,needs_expert_review,0.75,El movimiento debe manifestarse de forma apropiada a 3° Básico; adaptación detallada en tabla correspondiente.,src_naeyc_dap,src_nap_prek5_science,{}
r_move_poe_dev3b,L3,move_poe,has_developmental_adaptation,devband_middle_primary,developmental,developmentally_appropriate_design_synthesis,expert_synthesis,needs_expert_review,0.75,El movimiento debe manifestarse de forma apropiada a 3° Básico; adaptación detallada en tabla correspondiente.,src_naeyc_dap,src_nap_prek5_science,{}
r_move_guided_investigation_dev3b,L3,move_guided_investigation,has_developmental_adaptation,devband_middle_primary,developmental,developmentally_appropriate_design_synthesis,expert_synthesis,needs_expert_review,0.75,El movimiento debe manifestarse de forma apropiada a 3° Básico; adaptación detallada en tabla correspondiente.,src_naeyc_dap,src_nap_prek5_science,{}
r_move_concept_map_dev3b,L3,move_concept_map,has_developmental_adaptation,devband_middle_primary,developmental,developmentally_appropriate_design_synthesis,expert_synthesis,needs_expert_review,0.75,El movimiento debe manifestarse de forma apropiada a 3° Básico; adaptación detallada en tabla correspondiente.,src_naeyc_dap,src_nap_prek5_science,{}
r_move_worked_example_dev3b,L3,move_worked_example,has_developmental_adaptation,devband_middle_primary,developmental,developmentally_appropriate_design_synthesis,expert_synthesis,needs_expert_review,0.75,El movimiento debe manifestarse de forma apropiada a 3° Básico; adaptación detallada en tabla correspondiente.,src_naeyc_dap,src_nap_prek5_science,{}
r_move_self_explanation_dev3b,L3,move_self_explanation,has_developmental_adaptation,devband_middle_primary,developmental,developmentally_appropriate_design_synthesis,expert_synthesis,needs_expert_review,0.75,El movimiento debe manifestarse de forma apropiada a 3° Básico; adaptación detallada en tabla correspondiente.,src_naeyc_dap,src_nap_prek5_science,{}
r_move_peer_critique_dev3b,L3,move_peer_critique,has_developmental_adaptation,devband_middle_primary,developmental,developmentally_appropriate_design_synthesis,expert_synthesis,needs_expert_review,0.75,El movimiento debe manifestarse de forma apropiada a 3° Básico; adaptación detallada en tabla correspondiente.,src_naeyc_dap,src_nap_prek5_science,{}
r_move_design_challenge_dev3b,L3,move_design_challenge,has_developmental_adaptation,devband_middle_primary,developmental,developmentally_appropriate_design_synthesis,expert_synthesis,needs_expert_review,0.75,El movimiento debe manifestarse de forma apropiada a 3° Básico; adaptación detallada en tabla correspondiente.,src_naeyc_dap,src_nap_prek5_science,{}
r_move_prototype_test_iterate_dev3b,L3,move_prototype_test_iterate,has_developmental_adaptation,devband_middle_primary,developmental,developmentally_appropriate_design_synthesis,expert_synthesis,needs_expert_review,0.75,El movimiento debe manifestarse de forma apropiada a 3° Básico; adaptación detallada en tabla correspondiente.,src_naeyc_dap,src_nap_prek5_science,{}
r_move_model_revision_dev3b,L3,move_model_revision,has_developmental_adaptation,devband_middle_primary,developmental,developmentally_appropriate_design_synthesis,expert_synthesis,needs_expert_review,0.75,El movimiento debe manifestarse de forma apropiada a 3° Básico; adaptación detallada en tabla correspondiente.,src_naeyc_dap,src_nap_prek5_science,{}
r_move_exit_check_dev3b,L3,move_exit_check,has_developmental_adaptation,devband_middle_primary,developmental,developmentally_appropriate_design_synthesis,expert_synthesis,needs_expert_review,0.75,El movimiento debe manifestarse de forma apropiada a 3° Básico; adaptación detallada en tabla correspondiente.,src_naeyc_dap,src_nap_prek5_science,{}
r_move_initial_model_oah_oah_cn03_a,X13,move_initial_model,supports_curriculum_skill,oah_cn03_a,cross_layer,pedagogical_move_to_curriculum_skill_crosswalk,expert_synthesis,needs_expert_review,0.82,El movimiento puede crear evidencia/oportunidad para ejercer este OAH si la actividad está bien instanciada.,src_nap_prek5_science,src_mineduc_cn03,{}
r_move_initial_model_oah_oah_cn03_f,X13,move_initial_model,supports_curriculum_skill,oah_cn03_f,cross_layer,pedagogical_move_to_curriculum_skill_crosswalk,expert_synthesis,needs_expert_review,0.82,El movimiento puede crear evidencia/oportunidad para ejercer este OAH si la actividad está bien instanciada.,src_nap_prek5_science,src_mineduc_cn03,{}
r_move_stw_oah_oah_cn03_a,X13,move_stw,supports_curriculum_skill,oah_cn03_a,cross_layer,pedagogical_move_to_curriculum_skill_crosswalk,expert_synthesis,needs_expert_review,0.82,El movimiento puede crear evidencia/oportunidad para ejercer este OAH si la actividad está bien instanciada.,src_pz_stw,src_mineduc_cn03,{}
r_move_stw_oah_oah_cn03_f,X13,move_stw,supports_curriculum_skill,oah_cn03_f,cross_layer,pedagogical_move_to_curriculum_skill_crosswalk,expert_synthesis,needs_expert_review,0.82,El movimiento puede crear evidencia/oportunidad para ejercer este OAH si la actividad está bien instanciada.,src_pz_stw,src_mineduc_cn03,{}
r_move_tpe_oah_oah_cn03_a,X13,move_tpe,supports_curriculum_skill,oah_cn03_a,cross_layer,pedagogical_move_to_curriculum_skill_crosswalk,expert_synthesis,needs_expert_review,0.82,El movimiento puede crear evidencia/oportunidad para ejercer este OAH si la actividad está bien instanciada.,src_pz_tpe,src_mineduc_cn03,{}
r_move_csq_oah_oah_cn03_e,X13,move_csq,supports_curriculum_skill,oah_cn03_e,cross_layer,pedagogical_move_to_curriculum_skill_crosswalk,expert_synthesis,needs_expert_review,0.82,El movimiento puede crear evidencia/oportunidad para ejercer este OAH si la actividad está bien instanciada.,src_pz_csq,src_mineduc_cn03,{}
r_move_csq_oah_oah_cn03_f,X13,move_csq,supports_curriculum_skill,oah_cn03_f,cross_layer,pedagogical_move_to_curriculum_skill_crosswalk,expert_synthesis,needs_expert_review,0.82,El movimiento puede crear evidencia/oportunidad para ejercer este OAH si la actividad está bien instanciada.,src_pz_csq,src_mineduc_cn03,{}
r_move_ppc_oah_oah_cn03_a,X13,move_ppc,supports_curriculum_skill,oah_cn03_a,cross_layer,pedagogical_move_to_curriculum_skill_crosswalk,expert_synthesis,needs_expert_review,0.82,El movimiento puede crear evidencia/oportunidad para ejercer este OAH si la actividad está bien instanciada.,src_pz_ppc,src_mineduc_cn03,{}
r_move_ppc_oah_oah_cn03_f,X13,move_ppc,supports_curriculum_skill,oah_cn03_f,cross_layer,pedagogical_move_to_curriculum_skill_crosswalk,expert_synthesis,needs_expert_review,0.82,El movimiento puede crear evidencia/oportunidad para ejercer este OAH si la actividad está bien instanciada.,src_pz_ppc,src_mineduc_cn03,{}
r_move_poe_oah_oah_cn03_a,X13,move_poe,supports_curriculum_skill,oah_cn03_a,cross_layer,pedagogical_move_to_curriculum_skill_crosswalk,expert_synthesis,needs_expert_review,0.82,El movimiento puede crear evidencia/oportunidad para ejercer este OAH si la actividad está bien instanciada.,src_poe_white_gunstone,src_mineduc_cn03,{}
r_move_poe_oah_oah_cn03_b,X13,move_poe,supports_curriculum_skill,oah_cn03_b,cross_layer,pedagogical_move_to_curriculum_skill_crosswalk,expert_synthesis,needs_expert_review,0.82,El movimiento puede crear evidencia/oportunidad para ejercer este OAH si la actividad está bien instanciada.,src_poe_white_gunstone,src_mineduc_cn03,{}
r_move_poe_oah_oah_cn03_e,X13,move_poe,supports_curriculum_skill,oah_cn03_e,cross_layer,pedagogical_move_to_curriculum_skill_crosswalk,expert_synthesis,needs_expert_review,0.82,El movimiento puede crear evidencia/oportunidad para ejercer este OAH si la actividad está bien instanciada.,src_poe_white_gunstone,src_mineduc_cn03,{}
r_move_guided_investigation_oah_oah_cn03_b,X13,move_guided_investigation,supports_curriculum_skill,oah_cn03_b,cross_layer,pedagogical_move_to_curriculum_skill_crosswalk,expert_synthesis,needs_expert_review,0.82,El movimiento puede crear evidencia/oportunidad para ejercer este OAH si la actividad está bien instanciada.,src_nap_prek5_science,src_mineduc_cn03,{}
r_move_guided_investigation_oah_oah_cn03_c,X13,move_guided_investigation,supports_curriculum_skill,oah_cn03_c,cross_layer,pedagogical_move_to_curriculum_skill_crosswalk,expert_synthesis,needs_expert_review,0.82,El movimiento puede crear evidencia/oportunidad para ejercer este OAH si la actividad está bien instanciada.,src_nap_prek5_science,src_mineduc_cn03,{}
r_move_guided_investigation_oah_oah_cn03_d,X13,move_guided_investigation,supports_curriculum_skill,oah_cn03_d,cross_layer,pedagogical_move_to_curriculum_skill_crosswalk,expert_synthesis,needs_expert_review,0.82,El movimiento puede crear evidencia/oportunidad para ejercer este OAH si la actividad está bien instanciada.,src_nap_prek5_science,src_mineduc_cn03,{}
r_move_guided_investigation_oah_oah_cn03_e,X13,move_guided_investigation,supports_curriculum_skill,oah_cn03_e,cross_layer,pedagogical_move_to_curriculum_skill_crosswalk,expert_synthesis,needs_expert_review,0.82,El movimiento puede crear evidencia/oportunidad para ejercer este OAH si la actividad está bien instanciada.,src_nap_prek5_science,src_mineduc_cn03,{}
r_move_concept_map_oah_oah_cn03_f,X13,move_concept_map,supports_curriculum_skill,oah_cn03_f,cross_layer,pedagogical_move_to_curriculum_skill_crosswalk,expert_synthesis,needs_expert_review,0.82,El movimiento puede crear evidencia/oportunidad para ejercer este OAH si la actividad está bien instanciada.,src_novak_canas,src_mineduc_cn03,{}
r_move_worked_example_oah_oah_cn03_f,X13,move_worked_example,supports_curriculum_skill,oah_cn03_f,cross_layer,pedagogical_move_to_curriculum_skill_crosswalk,expert_synthesis,needs_expert_review,0.82,El movimiento puede crear evidencia/oportunidad para ejercer este OAH si la actividad está bien instanciada.,src_sweller_cooper,src_mineduc_cn03,{}
r_move_self_explanation_oah_oah_cn03_e,X13,move_self_explanation,supports_curriculum_skill,oah_cn03_e,cross_layer,pedagogical_move_to_curriculum_skill_crosswalk,expert_synthesis,needs_expert_review,0.82,El movimiento puede crear evidencia/oportunidad para ejercer este OAH si la actividad está bien instanciada.,src_chi_selfexplanation,src_mineduc_cn03,{}
r_move_self_explanation_oah_oah_cn03_f,X13,move_self_explanation,supports_curriculum_skill,oah_cn03_f,cross_layer,pedagogical_move_to_curriculum_skill_crosswalk,expert_synthesis,needs_expert_review,0.82,El movimiento puede crear evidencia/oportunidad para ejercer este OAH si la actividad está bien instanciada.,src_chi_selfexplanation,src_mineduc_cn03,{}
r_move_peer_critique_oah_oah_cn03_f,X13,move_peer_critique,supports_curriculum_skill,oah_cn03_f,cross_layer,pedagogical_move_to_curriculum_skill_crosswalk,expert_synthesis,needs_expert_review,0.82,El movimiento puede crear evidencia/oportunidad para ejercer este OAH si la actividad está bien instanciada.,src_black_wiliam,src_mineduc_cn03,{}
r_move_design_challenge_oah_oah_cn03_a,X13,move_design_challenge,supports_curriculum_skill,oah_cn03_a,cross_layer,pedagogical_move_to_curriculum_skill_crosswalk,expert_synthesis,needs_expert_review,0.82,El movimiento puede crear evidencia/oportunidad para ejercer este OAH si la actividad está bien instanciada.,src_nrc_framework,src_mineduc_cn03,{}
r_move_design_challenge_oah_oah_cn03_b,X13,move_design_challenge,supports_curriculum_skill,oah_cn03_b,cross_layer,pedagogical_move_to_curriculum_skill_crosswalk,expert_synthesis,needs_expert_review,0.82,El movimiento puede crear evidencia/oportunidad para ejercer este OAH si la actividad está bien instanciada.,src_nrc_framework,src_mineduc_cn03,{}
r_move_design_challenge_oah_oah_cn03_f,X13,move_design_challenge,supports_curriculum_skill,oah_cn03_f,cross_layer,pedagogical_move_to_curriculum_skill_crosswalk,expert_synthesis,needs_expert_review,0.82,El movimiento puede crear evidencia/oportunidad para ejercer este OAH si la actividad está bien instanciada.,src_nrc_framework,src_mineduc_cn03,{}
r_move_prototype_test_iterate_oah_oah_cn03_b,X13,move_prototype_test_iterate,supports_curriculum_skill,oah_cn03_b,cross_layer,pedagogical_move_to_curriculum_skill_crosswalk,expert_synthesis,needs_expert_review,0.82,El movimiento puede crear evidencia/oportunidad para ejercer este OAH si la actividad está bien instanciada.,src_nrc_framework,src_mineduc_cn03,{}
r_move_prototype_test_iterate_oah_oah_cn03_c,X13,move_prototype_test_iterate,supports_curriculum_skill,oah_cn03_c,cross_layer,pedagogical_move_to_curriculum_skill_crosswalk,expert_synthesis,needs_expert_review,0.82,El movimiento puede crear evidencia/oportunidad para ejercer este OAH si la actividad está bien instanciada.,src_nrc_framework,src_mineduc_cn03,{}
r_move_prototype_test_iterate_oah_oah_cn03_d,X13,move_prototype_test_iterate,supports_curriculum_skill,oah_cn03_d,cross_layer,pedagogical_move_to_curriculum_skill_crosswalk,expert_synthesis,needs_expert_review,0.82,El movimiento puede crear evidencia/oportunidad para ejercer este OAH si la actividad está bien instanciada.,src_nrc_framework,src_mineduc_cn03,{}
r_move_prototype_test_iterate_oah_oah_cn03_e,X13,move_prototype_test_iterate,supports_curriculum_skill,oah_cn03_e,cross_layer,pedagogical_move_to_curriculum_skill_crosswalk,expert_synthesis,needs_expert_review,0.82,El movimiento puede crear evidencia/oportunidad para ejercer este OAH si la actividad está bien instanciada.,src_nrc_framework,src_mineduc_cn03,{}
r_move_prototype_test_iterate_oah_oah_cn03_f,X13,move_prototype_test_iterate,supports_curriculum_skill,oah_cn03_f,cross_layer,pedagogical_move_to_curriculum_skill_crosswalk,expert_synthesis,needs_expert_review,0.82,El movimiento puede crear evidencia/oportunidad para ejercer este OAH si la actividad está bien instanciada.,src_nrc_framework,src_mineduc_cn03,{}
r_move_model_revision_oah_oah_cn03_e,X13,move_model_revision,supports_curriculum_skill,oah_cn03_e,cross_layer,pedagogical_move_to_curriculum_skill_crosswalk,expert_synthesis,needs_expert_review,0.82,El movimiento puede crear evidencia/oportunidad para ejercer este OAH si la actividad está bien instanciada.,src_nrc_framework,src_mineduc_cn03,{}
r_move_model_revision_oah_oah_cn03_f,X13,move_model_revision,supports_curriculum_skill,oah_cn03_f,cross_layer,pedagogical_move_to_curriculum_skill_crosswalk,expert_synthesis,needs_expert_review,0.82,El movimiento puede crear evidencia/oportunidad para ejercer este OAH si la actividad está bien instanciada.,src_nrc_framework,src_mineduc_cn03,{}
r_move_exit_check_oah_oah_cn03_e,X13,move_exit_check,supports_curriculum_skill,oah_cn03_e,cross_layer,pedagogical_move_to_curriculum_skill_crosswalk,expert_synthesis,needs_expert_review,0.82,El movimiento puede crear evidencia/oportunidad para ejercer este OAH si la actividad está bien instanciada.,src_black_wiliam,src_mineduc_cn03,{}
r_move_exit_check_oah_oah_cn03_f,X13,move_exit_check,supports_curriculum_skill,oah_cn03_f,cross_layer,pedagogical_move_to_curriculum_skill_crosswalk,expert_synthesis,needs_expert_review,0.82,El movimiento puede crear evidencia/oportunidad para ejercer este OAH si la actividad está bien instanciada.,src_black_wiliam,src_mineduc_cn03,{}
r_move_initial_model_prac_prac_sci_modeling,X23,move_initial_model,supports_steam_practice,prac_sci_modeling,cross_layer,pedagogical_function_crosswalk,expert_synthesis,needs_expert_review,0.82,"El movimiento puede apoyar esta práctica STEAM; la práctica concreta depende del fenómeno, tarea y evidencia.",src_nap_prek5_science,src_nrc_framework,{}
r_move_initial_model_prac_prac_sci_communication,X23,move_initial_model,supports_steam_practice,prac_sci_communication,cross_layer,pedagogical_function_crosswalk,expert_synthesis,needs_expert_review,0.82,"El movimiento puede apoyar esta práctica STEAM; la práctica concreta depende del fenómeno, tarea y evidencia.",src_nap_prek5_science,src_nrc_framework,{}
r_move_stw_prac_prac_sci_observation,X23,move_stw,supports_steam_practice,prac_sci_observation,cross_layer,pedagogical_function_crosswalk,expert_synthesis,needs_expert_review,0.82,"El movimiento puede apoyar esta práctica STEAM; la práctica concreta depende del fenómeno, tarea y evidencia.",src_pz_stw,src_mineduc_cn03,{}
r_move_stw_prac_prac_sci_questioning,X23,move_stw,supports_steam_practice,prac_sci_questioning,cross_layer,pedagogical_function_crosswalk,expert_synthesis,needs_expert_review,0.82,"El movimiento puede apoyar esta práctica STEAM; la práctica concreta depende del fenómeno, tarea y evidencia.",src_pz_stw,src_nrc_framework,{}
r_move_stw_prac_prac_art_perceive,X23,move_stw,supports_steam_practice,prac_art_perceive,cross_layer,pedagogical_function_crosswalk,expert_synthesis,needs_expert_review,0.82,"El movimiento puede apoyar esta práctica STEAM; la práctica concreta depende del fenómeno, tarea y evidencia.",src_pz_stw,src_ncas,{}
r_move_tpe_prac_prac_sci_questioning,X23,move_tpe,supports_steam_practice,prac_sci_questioning,cross_layer,pedagogical_function_crosswalk,expert_synthesis,needs_expert_review,0.82,"El movimiento puede apoyar esta práctica STEAM; la práctica concreta depende del fenómeno, tarea y evidencia.",src_pz_tpe,src_nrc_framework,{}
r_move_tpe_prac_prac_sci_prediction,X23,move_tpe,supports_steam_practice,prac_sci_prediction,cross_layer,pedagogical_function_crosswalk,expert_synthesis,needs_expert_review,0.82,"El movimiento puede apoyar esta práctica STEAM; la práctica concreta depende del fenómeno, tarea y evidencia.",src_pz_tpe,src_mineduc_cn03,{}
r_move_tpe_prac_prac_sci_investigation,X23,move_tpe,supports_steam_practice,prac_sci_investigation,cross_layer,pedagogical_function_crosswalk,expert_synthesis,needs_expert_review,0.82,"El movimiento puede apoyar esta práctica STEAM; la práctica concreta depende del fenómeno, tarea y evidencia.",src_pz_tpe,src_nrc_framework,{}
r_move_csq_prac_prac_sci_explanation,X23,move_csq,supports_steam_practice,prac_sci_explanation,cross_layer,pedagogical_function_crosswalk,expert_synthesis,needs_expert_review,0.82,"El movimiento puede apoyar esta práctica STEAM; la práctica concreta depende del fenómeno, tarea y evidencia.",src_pz_csq,src_nrc_framework,{}
r_move_csq_prac_prac_sci_argument,X23,move_csq,supports_steam_practice,prac_sci_argument,cross_layer,pedagogical_function_crosswalk,expert_synthesis,needs_expert_review,0.82,"El movimiento puede apoyar esta práctica STEAM; la práctica concreta depende del fenómeno, tarea y evidencia.",src_pz_csq,src_nrc_framework,{}
r_move_csq_prac_prac_sci_communication,X23,move_csq,supports_steam_practice,prac_sci_communication,cross_layer,pedagogical_function_crosswalk,expert_synthesis,needs_expert_review,0.82,"El movimiento puede apoyar esta práctica STEAM; la práctica concreta depende del fenómeno, tarea y evidencia.",src_pz_csq,src_nrc_framework,{}
r_move_csq_prac_prac_math_argument,X23,move_csq,supports_steam_practice,prac_math_argument,cross_layer,pedagogical_function_crosswalk,expert_synthesis,needs_expert_review,0.82,"El movimiento puede apoyar esta práctica STEAM; la práctica concreta depende del fenómeno, tarea y evidencia.",src_pz_csq,src_ccss_math,{}
r_move_ppc_prac_prac_sci_observation,X23,move_ppc,supports_steam_practice,prac_sci_observation,cross_layer,pedagogical_function_crosswalk,expert_synthesis,needs_expert_review,0.82,"El movimiento puede apoyar esta práctica STEAM; la práctica concreta depende del fenómeno, tarea y evidencia.",src_pz_ppc,src_mineduc_cn03,{}
r_move_ppc_prac_prac_sci_systems,X23,move_ppc,supports_steam_practice,prac_sci_systems,cross_layer,pedagogical_function_crosswalk,expert_synthesis,needs_expert_review,0.82,"El movimiento puede apoyar esta práctica STEAM; la práctica concreta depende del fenómeno, tarea y evidencia.",src_pz_ppc,src_nrc_framework,{}
r_move_ppc_prac_prac_sci_modeling,X23,move_ppc,supports_steam_practice,prac_sci_modeling,cross_layer,pedagogical_function_crosswalk,expert_synthesis,needs_expert_review,0.82,"El movimiento puede apoyar esta práctica STEAM; la práctica concreta depende del fenómeno, tarea y evidencia.",src_pz_ppc,src_nrc_framework,{}
r_move_ppc_prac_prac_art_perceive,X23,move_ppc,supports_steam_practice,prac_art_perceive,cross_layer,pedagogical_function_crosswalk,expert_synthesis,needs_expert_review,0.82,"El movimiento puede apoyar esta práctica STEAM; la práctica concreta depende del fenómeno, tarea y evidencia.",src_pz_ppc,src_ncas,{}
r_move_poe_prac_prac_sci_prediction,X23,move_poe,supports_steam_practice,prac_sci_prediction,cross_layer,pedagogical_function_crosswalk,expert_synthesis,needs_expert_review,0.82,"El movimiento puede apoyar esta práctica STEAM; la práctica concreta depende del fenómeno, tarea y evidencia.",src_poe_white_gunstone,src_mineduc_cn03,{}
r_move_poe_prac_prac_sci_observation,X23,move_poe,supports_steam_practice,prac_sci_observation,cross_layer,pedagogical_function_crosswalk,expert_synthesis,needs_expert_review,0.82,"El movimiento puede apoyar esta práctica STEAM; la práctica concreta depende del fenómeno, tarea y evidencia.",src_poe_white_gunstone,src_mineduc_cn03,{}
r_move_poe_prac_prac_sci_explanation,X23,move_poe,supports_steam_practice,prac_sci_explanation,cross_layer,pedagogical_function_crosswalk,expert_synthesis,needs_expert_review,0.82,"El movimiento puede apoyar esta práctica STEAM; la práctica concreta depende del fenómeno, tarea y evidencia.",src_poe_white_gunstone,src_nrc_framework,{}
r_move_poe_prac_prac_sci_investigation,X23,move_poe,supports_steam_practice,prac_sci_investigation,cross_layer,pedagogical_function_crosswalk,expert_synthesis,needs_expert_review,0.82,"El movimiento puede apoyar esta práctica STEAM; la práctica concreta depende del fenómeno, tarea y evidencia.",src_poe_white_gunstone,src_nrc_framework,{}
r_move_guided_investigation_prac_prac_sci_investigation,X23,move_guided_investigation,supports_steam_practice,prac_sci_investigation,cross_layer,pedagogical_function_crosswalk,expert_synthesis,needs_expert_review,0.82,"El movimiento puede apoyar esta práctica STEAM; la práctica concreta depende del fenómeno, tarea y evidencia.",src_nap_prek5_science,src_nrc_framework,{}
r_move_guided_investigation_prac_prac_sci_observation,X23,move_guided_investigation,supports_steam_practice,prac_sci_observation,cross_layer,pedagogical_function_crosswalk,expert_synthesis,needs_expert_review,0.82,"El movimiento puede apoyar esta práctica STEAM; la práctica concreta depende del fenómeno, tarea y evidencia.",src_nap_prek5_science,src_mineduc_cn03,{}
r_move_guided_investigation_prac_prac_sci_data,X23,move_guided_investigation,supports_steam_practice,prac_sci_data,cross_layer,pedagogical_function_crosswalk,expert_synthesis,needs_expert_review,0.82,"El movimiento puede apoyar esta práctica STEAM; la práctica concreta depende del fenómeno, tarea y evidencia.",src_nap_prek5_science,src_nrc_framework,{}
r_move_guided_investigation_prac_prac_math_tools,X23,move_guided_investigation,supports_steam_practice,prac_math_tools,cross_layer,pedagogical_function_crosswalk,expert_synthesis,needs_expert_review,0.82,"El movimiento puede apoyar esta práctica STEAM; la práctica concreta depende del fenómeno, tarea y evidencia.",src_nap_prek5_science,src_ccss_math,{}
r_move_guided_investigation_prac_prac_math_precision,X23,move_guided_investigation,supports_steam_practice,prac_math_precision,cross_layer,pedagogical_function_crosswalk,expert_synthesis,needs_expert_review,0.82,"El movimiento puede apoyar esta práctica STEAM; la práctica concreta depende del fenómeno, tarea y evidencia.",src_nap_prek5_science,src_ccss_math,{}
r_move_concept_map_prac_prac_sci_modeling,X23,move_concept_map,supports_steam_practice,prac_sci_modeling,cross_layer,pedagogical_function_crosswalk,expert_synthesis,needs_expert_review,0.82,"El movimiento puede apoyar esta práctica STEAM; la práctica concreta depende del fenómeno, tarea y evidencia.",src_novak_canas,src_nrc_framework,{}
r_move_concept_map_prac_prac_sci_systems,X23,move_concept_map,supports_steam_practice,prac_sci_systems,cross_layer,pedagogical_function_crosswalk,expert_synthesis,needs_expert_review,0.82,"El movimiento puede apoyar esta práctica STEAM; la práctica concreta depende del fenómeno, tarea y evidencia.",src_novak_canas,src_nrc_framework,{}
r_move_concept_map_prac_prac_sci_communication,X23,move_concept_map,supports_steam_practice,prac_sci_communication,cross_layer,pedagogical_function_crosswalk,expert_synthesis,needs_expert_review,0.82,"El movimiento puede apoyar esta práctica STEAM; la práctica concreta depende del fenómeno, tarea y evidencia.",src_novak_canas,src_nrc_framework,{}
r_move_concept_map_prac_prac_art_convey,X23,move_concept_map,supports_steam_practice,prac_art_convey,cross_layer,pedagogical_function_crosswalk,expert_synthesis,needs_expert_review,0.82,"El movimiento puede apoyar esta práctica STEAM; la práctica concreta depende del fenómeno, tarea y evidencia.",src_novak_canas,src_ncas,{}
r_move_worked_example_prac_prac_sci_modeling,X23,move_worked_example,supports_steam_practice,prac_sci_modeling,cross_layer,pedagogical_function_crosswalk,expert_synthesis,needs_expert_review,0.82,"El movimiento puede apoyar esta práctica STEAM; la práctica concreta depende del fenómeno, tarea y evidencia.",src_sweller_cooper,src_nrc_framework,{}
r_move_worked_example_prac_prac_math_model,X23,move_worked_example,supports_steam_practice,prac_math_model,cross_layer,pedagogical_function_crosswalk,expert_synthesis,needs_expert_review,0.82,"El movimiento puede apoyar esta práctica STEAM; la práctica concreta depende del fenómeno, tarea y evidencia.",src_sweller_cooper,src_ccss_math,{}
r_move_self_explanation_prac_prac_sci_explanation,X23,move_self_explanation,supports_steam_practice,prac_sci_explanation,cross_layer,pedagogical_function_crosswalk,expert_synthesis,needs_expert_review,0.82,"El movimiento puede apoyar esta práctica STEAM; la práctica concreta depende del fenómeno, tarea y evidencia.",src_chi_selfexplanation,src_nrc_framework,{}
r_move_self_explanation_prac_prac_sci_argument,X23,move_self_explanation,supports_steam_practice,prac_sci_argument,cross_layer,pedagogical_function_crosswalk,expert_synthesis,needs_expert_review,0.82,"El movimiento puede apoyar esta práctica STEAM; la práctica concreta depende del fenómeno, tarea y evidencia.",src_chi_selfexplanation,src_nrc_framework,{}
r_move_peer_critique_prac_prac_sci_argument,X23,move_peer_critique,supports_steam_practice,prac_sci_argument,cross_layer,pedagogical_function_crosswalk,expert_synthesis,needs_expert_review,0.82,"El movimiento puede apoyar esta práctica STEAM; la práctica concreta depende del fenómeno, tarea y evidencia.",src_black_wiliam,src_nrc_framework,{}
r_move_peer_critique_prac_prac_sci_communication,X23,move_peer_critique,supports_steam_practice,prac_sci_communication,cross_layer,pedagogical_function_crosswalk,expert_synthesis,needs_expert_review,0.82,"El movimiento puede apoyar esta práctica STEAM; la práctica concreta depende del fenómeno, tarea y evidencia.",src_black_wiliam,src_nrc_framework,{}
r_move_peer_critique_prac_prac_eng_argument,X23,move_peer_critique,supports_steam_practice,prac_eng_argument,cross_layer,pedagogical_function_crosswalk,expert_synthesis,needs_expert_review,0.82,"El movimiento puede apoyar esta práctica STEAM; la práctica concreta depende del fenómeno, tarea y evidencia.",src_black_wiliam,src_nrc_framework,{}
r_move_peer_critique_prac_prac_art_evaluate,X23,move_peer_critique,supports_steam_practice,prac_art_evaluate,cross_layer,pedagogical_function_crosswalk,expert_synthesis,needs_expert_review,0.82,"El movimiento puede apoyar esta práctica STEAM; la práctica concreta depende del fenómeno, tarea y evidencia.",src_black_wiliam,src_ncas,{}
r_move_peer_critique_prac_prac_art_refine,X23,move_peer_critique,supports_steam_practice,prac_art_refine,cross_layer,pedagogical_function_crosswalk,expert_synthesis,needs_expert_review,0.82,"El movimiento puede apoyar esta práctica STEAM; la práctica concreta depende del fenómeno, tarea y evidencia.",src_black_wiliam,src_ncas,{}
r_move_design_challenge_prac_prac_eng_define,X23,move_design_challenge,supports_steam_practice,prac_eng_define,cross_layer,pedagogical_function_crosswalk,expert_synthesis,needs_expert_review,0.82,"El movimiento puede apoyar esta práctica STEAM; la práctica concreta depende del fenómeno, tarea y evidencia.",src_nrc_framework,src_nrc_framework,{}
r_move_design_challenge_prac_prac_eng_criteria,X23,move_design_challenge,supports_steam_practice,prac_eng_criteria,cross_layer,pedagogical_function_crosswalk,expert_synthesis,needs_expert_review,0.82,"El movimiento puede apoyar esta práctica STEAM; la práctica concreta depende del fenómeno, tarea y evidencia.",src_nrc_framework,src_nrc_framework,{}
r_move_design_challenge_prac_prac_eng_ideate,X23,move_design_challenge,supports_steam_practice,prac_eng_ideate,cross_layer,pedagogical_function_crosswalk,expert_synthesis,needs_expert_review,0.82,"El movimiento puede apoyar esta práctica STEAM; la práctica concreta depende del fenómeno, tarea y evidencia.",src_nrc_framework,src_nrc_framework,{}
r_move_design_challenge_prac_prac_eng_modelproto,X23,move_design_challenge,supports_steam_practice,prac_eng_modelproto,cross_layer,pedagogical_function_crosswalk,expert_synthesis,needs_expert_review,0.82,"El movimiento puede apoyar esta práctica STEAM; la práctica concreta depende del fenómeno, tarea y evidencia.",src_nrc_framework,src_nrc_framework,{}
r_move_design_challenge_prac_prac_sci_systems,X23,move_design_challenge,supports_steam_practice,prac_sci_systems,cross_layer,pedagogical_function_crosswalk,expert_synthesis,needs_expert_review,0.82,"El movimiento puede apoyar esta práctica STEAM; la práctica concreta depende del fenómeno, tarea y evidencia.",src_nrc_framework,src_nrc_framework,{}
r_move_prototype_test_iterate_prac_prac_eng_modelproto,X23,move_prototype_test_iterate,supports_steam_practice,prac_eng_modelproto,cross_layer,pedagogical_function_crosswalk,expert_synthesis,needs_expert_review,0.82,"El movimiento puede apoyar esta práctica STEAM; la práctica concreta depende del fenómeno, tarea y evidencia.",src_nrc_framework,src_nrc_framework,{}
r_move_prototype_test_iterate_prac_prac_eng_test,X23,move_prototype_test_iterate,supports_steam_practice,prac_eng_test,cross_layer,pedagogical_function_crosswalk,expert_synthesis,needs_expert_review,0.82,"El movimiento puede apoyar esta práctica STEAM; la práctica concreta depende del fenómeno, tarea y evidencia.",src_nrc_framework,src_nrc_framework,{}
r_move_prototype_test_iterate_prac_prac_eng_iterate,X23,move_prototype_test_iterate,supports_steam_practice,prac_eng_iterate,cross_layer,pedagogical_function_crosswalk,expert_synthesis,needs_expert_review,0.82,"El movimiento puede apoyar esta práctica STEAM; la práctica concreta depende del fenómeno, tarea y evidencia.",src_nrc_framework,src_nrc_framework,{}
r_move_prototype_test_iterate_prac_prac_eng_tradeoffs,X23,move_prototype_test_iterate,supports_steam_practice,prac_eng_tradeoffs,cross_layer,pedagogical_function_crosswalk,expert_synthesis,needs_expert_review,0.82,"El movimiento puede apoyar esta práctica STEAM; la práctica concreta depende del fenómeno, tarea y evidencia.",src_nrc_framework,src_nrc_framework,{}
r_move_prototype_test_iterate_prac_prac_math_tools,X23,move_prototype_test_iterate,supports_steam_practice,prac_math_tools,cross_layer,pedagogical_function_crosswalk,expert_synthesis,needs_expert_review,0.82,"El movimiento puede apoyar esta práctica STEAM; la práctica concreta depende del fenómeno, tarea y evidencia.",src_nrc_framework,src_ccss_math,{}
r_move_prototype_test_iterate_prac_prac_math_precision,X23,move_prototype_test_iterate,supports_steam_practice,prac_math_precision,cross_layer,pedagogical_function_crosswalk,expert_synthesis,needs_expert_review,0.82,"El movimiento puede apoyar esta práctica STEAM; la práctica concreta depende del fenómeno, tarea y evidencia.",src_nrc_framework,src_ccss_math,{}
r_move_prototype_test_iterate_prac_prac_cs_test_refine,X23,move_prototype_test_iterate,supports_steam_practice,prac_cs_test_refine,cross_layer,pedagogical_function_crosswalk,expert_synthesis,needs_expert_review,0.82,"El movimiento puede apoyar esta práctica STEAM; la práctica concreta depende del fenómeno, tarea y evidencia.",src_nrc_framework,src_csta_2026,{}
r_move_prototype_test_iterate_prac_prac_cs_iterative_design,X23,move_prototype_test_iterate,supports_steam_practice,prac_cs_iterative_design,cross_layer,pedagogical_function_crosswalk,expert_synthesis,needs_expert_review,0.82,"El movimiento puede apoyar esta práctica STEAM; la práctica concreta depende del fenómeno, tarea y evidencia.",src_nrc_framework,src_csta_2026,{}
r_move_model_revision_prac_prac_sci_modeling,X23,move_model_revision,supports_steam_practice,prac_sci_modeling,cross_layer,pedagogical_function_crosswalk,expert_synthesis,needs_expert_review,0.82,"El movimiento puede apoyar esta práctica STEAM; la práctica concreta depende del fenómeno, tarea y evidencia.",src_nrc_framework,src_nrc_framework,{}
r_move_model_revision_prac_prac_sci_explanation,X23,move_model_revision,supports_steam_practice,prac_sci_explanation,cross_layer,pedagogical_function_crosswalk,expert_synthesis,needs_expert_review,0.82,"El movimiento puede apoyar esta práctica STEAM; la práctica concreta depende del fenómeno, tarea y evidencia.",src_nrc_framework,src_nrc_framework,{}
r_move_model_revision_prac_prac_sci_argument,X23,move_model_revision,supports_steam_practice,prac_sci_argument,cross_layer,pedagogical_function_crosswalk,expert_synthesis,needs_expert_review,0.82,"El movimiento puede apoyar esta práctica STEAM; la práctica concreta depende del fenómeno, tarea y evidencia.",src_nrc_framework,src_nrc_framework,{}
r_move_model_revision_prac_prac_art_refine,X23,move_model_revision,supports_steam_practice,prac_art_refine,cross_layer,pedagogical_function_crosswalk,expert_synthesis,needs_expert_review,0.82,"El movimiento puede apoyar esta práctica STEAM; la práctica concreta depende del fenómeno, tarea y evidencia.",src_nrc_framework,src_ncas,{}
r_move_exit_check_prac_prac_sci_explanation,X23,move_exit_check,supports_steam_practice,prac_sci_explanation,cross_layer,pedagogical_function_crosswalk,expert_synthesis,needs_expert_review,0.82,"El movimiento puede apoyar esta práctica STEAM; la práctica concreta depende del fenómeno, tarea y evidencia.",src_black_wiliam,src_nrc_framework,{}
r_move_exit_check_prac_prac_sci_communication,X23,move_exit_check,supports_steam_practice,prac_sci_communication,cross_layer,pedagogical_function_crosswalk,expert_synthesis,needs_expert_review,0.82,"El movimiento puede apoyar esta práctica STEAM; la práctica concreta depende del fenómeno, tarea y evidencia.",src_black_wiliam,src_nrc_framework,{}
r_move_initial_model_comp_comp_communication,X23,move_initial_model,creates_opportunity_for,comp_communication,cross_layer,pedagogical_opportunity_crosswalk,expert_synthesis,needs_expert_review,0.75,Crea oportunidad para ejercer la competencia; no equivale a demostrar desarrollo.,src_nap_prek5_science,,{}
r_move_initial_model_comp_comp_critical_thinking,X23,move_initial_model,creates_opportunity_for,comp_critical_thinking,cross_layer,pedagogical_opportunity_crosswalk,expert_synthesis,needs_expert_review,0.75,Crea oportunidad para ejercer la competencia; no equivale a demostrar desarrollo.,src_nap_prek5_science,,{}
r_move_stw_comp_comp_critical_thinking,X23,move_stw,creates_opportunity_for,comp_critical_thinking,cross_layer,pedagogical_opportunity_crosswalk,expert_synthesis,needs_expert_review,0.75,Crea oportunidad para ejercer la competencia; no equivale a demostrar desarrollo.,src_pz_stw,,{}
r_move_stw_comp_comp_communication,X23,move_stw,creates_opportunity_for,comp_communication,cross_layer,pedagogical_opportunity_crosswalk,expert_synthesis,needs_expert_review,0.75,Crea oportunidad para ejercer la competencia; no equivale a demostrar desarrollo.,src_pz_stw,,{}
r_move_tpe_comp_comp_critical_thinking,X23,move_tpe,creates_opportunity_for,comp_critical_thinking,cross_layer,pedagogical_opportunity_crosswalk,expert_synthesis,needs_expert_review,0.75,Crea oportunidad para ejercer la competencia; no equivale a demostrar desarrollo.,src_pz_tpe,,{}
r_move_tpe_comp_comp_problem_solving,X23,move_tpe,creates_opportunity_for,comp_problem_solving,cross_layer,pedagogical_opportunity_crosswalk,expert_synthesis,needs_expert_review,0.75,Crea oportunidad para ejercer la competencia; no equivale a demostrar desarrollo.,src_pz_tpe,,{}
r_move_csq_comp_comp_critical_thinking,X23,move_csq,creates_opportunity_for,comp_critical_thinking,cross_layer,pedagogical_opportunity_crosswalk,expert_synthesis,needs_expert_review,0.75,Crea oportunidad para ejercer la competencia; no equivale a demostrar desarrollo.,src_pz_csq,,{}
r_move_csq_comp_comp_communication,X23,move_csq,creates_opportunity_for,comp_communication,cross_layer,pedagogical_opportunity_crosswalk,expert_synthesis,needs_expert_review,0.75,Crea oportunidad para ejercer la competencia; no equivale a demostrar desarrollo.,src_pz_csq,,{}
r_move_ppc_comp_comp_critical_thinking,X23,move_ppc,creates_opportunity_for,comp_critical_thinking,cross_layer,pedagogical_opportunity_crosswalk,expert_synthesis,needs_expert_review,0.75,Crea oportunidad para ejercer la competencia; no equivale a demostrar desarrollo.,src_pz_ppc,,{}
r_move_ppc_comp_comp_communication,X23,move_ppc,creates_opportunity_for,comp_communication,cross_layer,pedagogical_opportunity_crosswalk,expert_synthesis,needs_expert_review,0.75,Crea oportunidad para ejercer la competencia; no equivale a demostrar desarrollo.,src_pz_ppc,,{}
r_move_poe_comp_comp_critical_thinking,X23,move_poe,creates_opportunity_for,comp_critical_thinking,cross_layer,pedagogical_opportunity_crosswalk,expert_synthesis,needs_expert_review,0.75,Crea oportunidad para ejercer la competencia; no equivale a demostrar desarrollo.,src_poe_white_gunstone,,{}
r_move_poe_comp_comp_problem_solving,X23,move_poe,creates_opportunity_for,comp_problem_solving,cross_layer,pedagogical_opportunity_crosswalk,expert_synthesis,needs_expert_review,0.75,Crea oportunidad para ejercer la competencia; no equivale a demostrar desarrollo.,src_poe_white_gunstone,,{}
r_move_guided_investigation_comp_comp_problem_solving,X23,move_guided_investigation,creates_opportunity_for,comp_problem_solving,cross_layer,pedagogical_opportunity_crosswalk,expert_synthesis,needs_expert_review,0.75,Crea oportunidad para ejercer la competencia; no equivale a demostrar desarrollo.,src_nap_prek5_science,,{}
r_move_guided_investigation_comp_comp_collaboration,X23,move_guided_investigation,creates_opportunity_for,comp_collaboration,cross_layer,pedagogical_opportunity_crosswalk,expert_synthesis,needs_expert_review,0.75,Crea oportunidad para ejercer la competencia; no equivale a demostrar desarrollo.,src_nap_prek5_science,,{}
r_move_guided_investigation_comp_comp_critical_thinking,X23,move_guided_investigation,creates_opportunity_for,comp_critical_thinking,cross_layer,pedagogical_opportunity_crosswalk,expert_synthesis,needs_expert_review,0.75,Crea oportunidad para ejercer la competencia; no equivale a demostrar desarrollo.,src_nap_prek5_science,,{}
r_move_concept_map_comp_comp_communication,X23,move_concept_map,creates_opportunity_for,comp_communication,cross_layer,pedagogical_opportunity_crosswalk,expert_synthesis,needs_expert_review,0.75,Crea oportunidad para ejercer la competencia; no equivale a demostrar desarrollo.,src_novak_canas,,{}
r_move_concept_map_comp_comp_critical_thinking,X23,move_concept_map,creates_opportunity_for,comp_critical_thinking,cross_layer,pedagogical_opportunity_crosswalk,expert_synthesis,needs_expert_review,0.75,Crea oportunidad para ejercer la competencia; no equivale a demostrar desarrollo.,src_novak_canas,,{}
r_move_worked_example_comp_comp_problem_solving,X23,move_worked_example,creates_opportunity_for,comp_problem_solving,cross_layer,pedagogical_opportunity_crosswalk,expert_synthesis,needs_expert_review,0.75,Crea oportunidad para ejercer la competencia; no equivale a demostrar desarrollo.,src_sweller_cooper,,{}
r_move_self_explanation_comp_comp_critical_thinking,X23,move_self_explanation,creates_opportunity_for,comp_critical_thinking,cross_layer,pedagogical_opportunity_crosswalk,expert_synthesis,needs_expert_review,0.75,Crea oportunidad para ejercer la competencia; no equivale a demostrar desarrollo.,src_chi_selfexplanation,,{}
r_move_self_explanation_comp_comp_communication,X23,move_self_explanation,creates_opportunity_for,comp_communication,cross_layer,pedagogical_opportunity_crosswalk,expert_synthesis,needs_expert_review,0.75,Crea oportunidad para ejercer la competencia; no equivale a demostrar desarrollo.,src_chi_selfexplanation,,{}
r_move_peer_critique_comp_comp_communication,X23,move_peer_critique,creates_opportunity_for,comp_communication,cross_layer,pedagogical_opportunity_crosswalk,expert_synthesis,needs_expert_review,0.75,Crea oportunidad para ejercer la competencia; no equivale a demostrar desarrollo.,src_black_wiliam,,{}
r_move_peer_critique_comp_comp_collaboration,X23,move_peer_critique,creates_opportunity_for,comp_collaboration,cross_layer,pedagogical_opportunity_crosswalk,expert_synthesis,needs_expert_review,0.75,Crea oportunidad para ejercer la competencia; no equivale a demostrar desarrollo.,src_black_wiliam,,{}
r_move_peer_critique_comp_comp_critical_thinking,X23,move_peer_critique,creates_opportunity_for,comp_critical_thinking,cross_layer,pedagogical_opportunity_crosswalk,expert_synthesis,needs_expert_review,0.75,Crea oportunidad para ejercer la competencia; no equivale a demostrar desarrollo.,src_black_wiliam,,{}
r_move_design_challenge_comp_comp_creativity,X23,move_design_challenge,creates_opportunity_for,comp_creativity,cross_layer,pedagogical_opportunity_crosswalk,expert_synthesis,needs_expert_review,0.75,Crea oportunidad para ejercer la competencia; no equivale a demostrar desarrollo.,src_nrc_framework,,{}
r_move_design_challenge_comp_comp_problem_solving,X23,move_design_challenge,creates_opportunity_for,comp_problem_solving,cross_layer,pedagogical_opportunity_crosswalk,expert_synthesis,needs_expert_review,0.75,Crea oportunidad para ejercer la competencia; no equivale a demostrar desarrollo.,src_nrc_framework,,{}
r_move_design_challenge_comp_comp_collaboration,X23,move_design_challenge,creates_opportunity_for,comp_collaboration,cross_layer,pedagogical_opportunity_crosswalk,expert_synthesis,needs_expert_review,0.75,Crea oportunidad para ejercer la competencia; no equivale a demostrar desarrollo.,src_nrc_framework,,{}
r_move_prototype_test_iterate_comp_comp_creativity,X23,move_prototype_test_iterate,creates_opportunity_for,comp_creativity,cross_layer,pedagogical_opportunity_crosswalk,expert_synthesis,needs_expert_review,0.75,Crea oportunidad para ejercer la competencia; no equivale a demostrar desarrollo.,src_nrc_framework,,{}
r_move_prototype_test_iterate_comp_comp_problem_solving,X23,move_prototype_test_iterate,creates_opportunity_for,comp_problem_solving,cross_layer,pedagogical_opportunity_crosswalk,expert_synthesis,needs_expert_review,0.75,Crea oportunidad para ejercer la competencia; no equivale a demostrar desarrollo.,src_nrc_framework,,{}
r_move_prototype_test_iterate_comp_comp_collaboration,X23,move_prototype_test_iterate,creates_opportunity_for,comp_collaboration,cross_layer,pedagogical_opportunity_crosswalk,expert_synthesis,needs_expert_review,0.75,Crea oportunidad para ejercer la competencia; no equivale a demostrar desarrollo.,src_nrc_framework,,{}
r_move_prototype_test_iterate_comp_comp_critical_thinking,X23,move_prototype_test_iterate,creates_opportunity_for,comp_critical_thinking,cross_layer,pedagogical_opportunity_crosswalk,expert_synthesis,needs_expert_review,0.75,Crea oportunidad para ejercer la competencia; no equivale a demostrar desarrollo.,src_nrc_framework,,{}
r_move_model_revision_comp_comp_critical_thinking,X23,move_model_revision,creates_opportunity_for,comp_critical_thinking,cross_layer,pedagogical_opportunity_crosswalk,expert_synthesis,needs_expert_review,0.75,Crea oportunidad para ejercer la competencia; no equivale a demostrar desarrollo.,src_nrc_framework,,{}
r_move_model_revision_comp_comp_communication,X23,move_model_revision,creates_opportunity_for,comp_communication,cross_layer,pedagogical_opportunity_crosswalk,expert_synthesis,needs_expert_review,0.75,Crea oportunidad para ejercer la competencia; no equivale a demostrar desarrollo.,src_nrc_framework,,{}
r_move_model_revision_comp_comp_creativity,X23,move_model_revision,creates_opportunity_for,comp_creativity,cross_layer,pedagogical_opportunity_crosswalk,expert_synthesis,needs_expert_review,0.75,Crea oportunidad para ejercer la competencia; no equivale a demostrar desarrollo.,src_nrc_framework,,{}
r_move_exit_check_comp_comp_communication,X23,move_exit_check,creates_opportunity_for,comp_communication,cross_layer,pedagogical_opportunity_crosswalk,expert_synthesis,needs_expert_review,0.75,Crea oportunidad para ejercer la competencia; no equivale a demostrar desarrollo.,src_black_wiliam,,{}
r_move_exit_check_comp_comp_critical_thinking,X23,move_exit_check,creates_opportunity_for,comp_critical_thinking,cross_layer,pedagogical_opportunity_crosswalk,expert_synthesis,needs_expert_review,0.75,Crea oportunidad para ejercer la competencia; no equivale a demostrar desarrollo.,src_black_wiliam,,{}
r_move_initial_model_udl_prior,L3,move_initial_model,can_apply_udl_consideration,udl_prior,accessibility,cast_udl_application,expert_application,needs_expert_review,0.8,Comenzar haciendo visible lo que creen/saben y conservarlo para comparar después.,src_cast_udl3,,{}
r_move_initial_model_udl_comm_media,L3,move_initial_model,can_apply_udl_consideration,udl_comm_media,accessibility,cast_udl_application,expert_application,needs_expert_review,0.8,Aceptar dibujo/modelo + explicación oral o escritura breve cuando se evalúa comprensión científica.,src_cast_udl3,,{}
r_move_initial_model_udl_response,L3,move_initial_model,can_apply_udl_consideration,udl_response,accessibility,cast_udl_application,expert_application,needs_expert_review,0.8,"Permitir señalar, manipular, dibujar u oralizar si el modo de respuesta no es el constructo evaluado.",src_cast_udl3,,{}
r_move_stw_udl_multimedia,L3,move_stw,can_apply_udl_consideration,udl_multimedia,accessibility,cast_udl_application,expert_application,needs_expert_review,0.8,Combinar espécimen/imagen/video breve con representación gráfica y explicación oral accesible.,src_cast_udl3,,{}
r_move_stw_udl_response,L3,move_stw,can_apply_udl_consideration,udl_response,accessibility,cast_udl_application,expert_application,needs_expert_review,0.8,"Permitir señalar, manipular, dibujar u oralizar si el modo de respuesta no es el constructo evaluado.",src_cast_udl3,,{}
r_move_stw_udl_patterns,L3,move_stw,can_apply_udl_consideration,udl_patterns,accessibility,cast_udl_application,expert_application,needs_expert_review,0.8,"Resaltar relaciones críticas con contraste, flechas, agrupaciones o preguntas focales sin dar la explicación final.",src_cast_udl3,,{}
r_move_tpe_udl_prior,L3,move_tpe,can_apply_udl_consideration,udl_prior,accessibility,cast_udl_application,expert_application,needs_expert_review,0.8,Comenzar haciendo visible lo que creen/saben y conservarlo para comparar después.,src_cast_udl3,,{}
r_move_tpe_udl_choice,L3,move_tpe,can_apply_udl_consideration,udl_choice,accessibility,cast_udl_application,expert_application,needs_expert_review,0.8,"Ofrecer 2–3 opciones auténticas de fenómeno, representación o material cuando todas preservan la misma meta.",src_cast_udl3,,{}
r_move_tpe_udl_relevance,L3,move_tpe,can_apply_udl_consideration,udl_relevance,accessibility,cast_udl_application,expert_application,needs_expert_review,0.8,"Conectar con abejas, flores del entorno y decisiones que podrían ocurrir en la escuela/comunidad.",src_cast_udl3,,{}
r_move_csq_udl_patterns,L3,move_csq,can_apply_udl_consideration,udl_patterns,accessibility,cast_udl_application,expert_application,needs_expert_review,0.8,"Resaltar relaciones críticas con contraste, flechas, agrupaciones o preguntas focales sin dar la explicación final.",src_cast_udl3,,{}
r_move_csq_udl_comm_media,L3,move_csq,can_apply_udl_consideration,udl_comm_media,accessibility,cast_udl_application,expert_application,needs_expert_review,0.8,Aceptar dibujo/modelo + explicación oral o escritura breve cuando se evalúa comprensión científica.,src_cast_udl3,,{}
r_move_csq_udl_grad_support,L3,move_csq,can_apply_udl_consideration,udl_grad_support,accessibility,cast_udl_application,expert_application,needs_expert_review,0.8,"Proveer ejemplos, plantillas o frases iniciales y retirarlos progresivamente cuando dejan de ser necesarios.",src_cast_udl3,,{}
r_move_ppc_udl_multimedia,L3,move_ppc,can_apply_udl_consideration,udl_multimedia,accessibility,cast_udl_application,expert_application,needs_expert_review,0.8,Combinar espécimen/imagen/video breve con representación gráfica y explicación oral accesible.,src_cast_udl3,,{}
r_move_ppc_udl_construct_tools,L3,move_ppc,can_apply_udl_consideration,udl_construct_tools,accessibility,cast_udl_application,expert_application,needs_expert_review,0.8,"Ofrecer tarjetas, dibujos, objetos, materiales físicos o herramientas digitales equivalentes según acceso.",src_cast_udl3,,{}
r_move_ppc_udl_patterns,L3,move_ppc,can_apply_udl_consideration,udl_patterns,accessibility,cast_udl_application,expert_application,needs_expert_review,0.8,"Resaltar relaciones críticas con contraste, flechas, agrupaciones o preguntas focales sin dar la explicación final.",src_cast_udl3,,{}
r_move_poe_udl_prior,L3,move_poe,can_apply_udl_consideration,udl_prior,accessibility,cast_udl_application,expert_application,needs_expert_review,0.8,Comenzar haciendo visible lo que creen/saben y conservarlo para comparar después.,src_cast_udl3,,{}
r_move_poe_udl_organize,L3,move_poe,can_apply_udl_consideration,udl_organize,accessibility,cast_udl_application,expert_application,needs_expert_review,0.8,"Presentar pasos visibles, materiales preparados y un objetivo/evidencia por etapa.",src_cast_udl3,,{}
r_move_poe_udl_feedback,L3,move_poe,can_apply_udl_consideration,udl_feedback,accessibility,cast_udl_application,expert_application,needs_expert_review,0.8,Dar retroalimentación específica sobre el criterio/evidencia y un próximo movimiento accionable.,src_cast_udl3,,{}
r_move_guided_investigation_udl_collab,L3,move_guided_investigation,can_apply_udl_consideration,udl_collab,accessibility,cast_udl_application,expert_application,needs_expert_review,0.8,"Usar roles simples, turnos de contribución y productos que requieran aportes interdependientes.",src_cast_udl3,,{}
r_move_guided_investigation_udl_organize,L3,move_guided_investigation,can_apply_udl_consideration,udl_organize,accessibility,cast_udl_application,expert_application,needs_expert_review,0.8,"Presentar pasos visibles, materiales preparados y un objetivo/evidencia por etapa.",src_cast_udl3,,{}
r_move_guided_investigation_udl_grad_support,L3,move_guided_investigation,can_apply_udl_consideration,udl_grad_support,accessibility,cast_udl_application,expert_application,needs_expert_review,0.8,"Proveer ejemplos, plantillas o frases iniciales y retirarlos progresivamente cuando dejan de ser necesarios.",src_cast_udl3,,{}
r_move_concept_map_udl_construct_tools,L3,move_concept_map,can_apply_udl_consideration,udl_construct_tools,accessibility,cast_udl_application,expert_application,needs_expert_review,0.8,"Ofrecer tarjetas, dibujos, objetos, materiales físicos o herramientas digitales equivalentes según acceso.",src_cast_udl3,,{}
r_move_concept_map_udl_patterns,L3,move_concept_map,can_apply_udl_consideration,udl_patterns,accessibility,cast_udl_application,expert_application,needs_expert_review,0.8,"Resaltar relaciones críticas con contraste, flechas, agrupaciones o preguntas focales sin dar la explicación final.",src_cast_udl3,,{}
r_move_concept_map_udl_comm_media,L3,move_concept_map,can_apply_udl_consideration,udl_comm_media,accessibility,cast_udl_application,expert_application,needs_expert_review,0.8,Aceptar dibujo/modelo + explicación oral o escritura breve cuando se evalúa comprensión científica.,src_cast_udl3,,{}
r_move_worked_example_udl_patterns,L3,move_worked_example,can_apply_udl_consideration,udl_patterns,accessibility,cast_udl_application,expert_application,needs_expert_review,0.8,"Resaltar relaciones críticas con contraste, flechas, agrupaciones o preguntas focales sin dar la explicación final.",src_cast_udl3,,{}
r_move_worked_example_udl_grad_support,L3,move_worked_example,can_apply_udl_consideration,udl_grad_support,accessibility,cast_udl_application,expert_application,needs_expert_review,0.8,"Proveer ejemplos, plantillas o frases iniciales y retirarlos progresivamente cuando dejan de ser necesarios.",src_cast_udl3,,{}
r_move_worked_example_udl_organize,L3,move_worked_example,can_apply_udl_consideration,udl_organize,accessibility,cast_udl_application,expert_application,needs_expert_review,0.8,"Presentar pasos visibles, materiales preparados y un objetivo/evidencia por etapa.",src_cast_udl3,,{}
r_move_self_explanation_udl_comm_media,L3,move_self_explanation,can_apply_udl_consideration,udl_comm_media,accessibility,cast_udl_application,expert_application,needs_expert_review,0.8,Aceptar dibujo/modelo + explicación oral o escritura breve cuando se evalúa comprensión científica.,src_cast_udl3,,{}
r_move_self_explanation_udl_grad_support,L3,move_self_explanation,can_apply_udl_consideration,udl_grad_support,accessibility,cast_udl_application,expert_application,needs_expert_review,0.8,"Proveer ejemplos, plantillas o frases iniciales y retirarlos progresivamente cuando dejan de ser necesarios.",src_cast_udl3,,{}
r_move_self_explanation_udl_feedback,L3,move_self_explanation,can_apply_udl_consideration,udl_feedback,accessibility,cast_udl_application,expert_application,needs_expert_review,0.8,Dar retroalimentación específica sobre el criterio/evidencia y un próximo movimiento accionable.,src_cast_udl3,,{}
r_move_peer_critique_udl_collab,L3,move_peer_critique,can_apply_udl_consideration,udl_collab,accessibility,cast_udl_application,expert_application,needs_expert_review,0.8,"Usar roles simples, turnos de contribución y productos que requieran aportes interdependientes.",src_cast_udl3,,{}
r_move_peer_critique_udl_feedback,L3,move_peer_critique,can_apply_udl_consideration,udl_feedback,accessibility,cast_udl_application,expert_application,needs_expert_review,0.8,Dar retroalimentación específica sobre el criterio/evidencia y un próximo movimiento accionable.,src_cast_udl3,,{}
r_move_peer_critique_udl_comm_media,L3,move_peer_critique,can_apply_udl_consideration,udl_comm_media,accessibility,cast_udl_application,expert_application,needs_expert_review,0.8,Aceptar dibujo/modelo + explicación oral o escritura breve cuando se evalúa comprensión científica.,src_cast_udl3,,{}
r_move_design_challenge_udl_relevance,L3,move_design_challenge,can_apply_udl_consideration,udl_relevance,accessibility,cast_udl_application,expert_application,needs_expert_review,0.8,"Conectar con abejas, flores del entorno y decisiones que podrían ocurrir en la escuela/comunidad.",src_cast_udl3,,{}
r_move_design_challenge_udl_choice,L3,move_design_challenge,can_apply_udl_consideration,udl_choice,accessibility,cast_udl_application,expert_application,needs_expert_review,0.8,"Ofrecer 2–3 opciones auténticas de fenómeno, representación o material cuando todas preservan la misma meta.",src_cast_udl3,,{}
r_move_design_challenge_udl_collab,L3,move_design_challenge,can_apply_udl_consideration,udl_collab,accessibility,cast_udl_application,expert_application,needs_expert_review,0.8,"Usar roles simples, turnos de contribución y productos que requieran aportes interdependientes.",src_cast_udl3,,{}
r_move_prototype_test_iterate_udl_construct_tools,L3,move_prototype_test_iterate,can_apply_udl_consideration,udl_construct_tools,accessibility,cast_udl_application,expert_application,needs_expert_review,0.8,"Ofrecer tarjetas, dibujos, objetos, materiales físicos o herramientas digitales equivalentes según acceso.",src_cast_udl3,,{}
r_move_prototype_test_iterate_udl_feedback,L3,move_prototype_test_iterate,can_apply_udl_consideration,udl_feedback,accessibility,cast_udl_application,expert_application,needs_expert_review,0.8,Dar retroalimentación específica sobre el criterio/evidencia y un próximo movimiento accionable.,src_cast_udl3,,{}
r_move_prototype_test_iterate_udl_monitor,L3,move_prototype_test_iterate,can_apply_udl_consideration,udl_monitor,accessibility,cast_udl_application,expert_application,needs_expert_review,0.8,Mostrar criterio de éxito y pedir comparar antes/después o prueba/cambio para hacer progreso visible.,src_cast_udl3,,{}
r_move_model_revision_udl_prior,L3,move_model_revision,can_apply_udl_consideration,udl_prior,accessibility,cast_udl_application,expert_application,needs_expert_review,0.8,Comenzar haciendo visible lo que creen/saben y conservarlo para comparar después.,src_cast_udl3,,{}
r_move_model_revision_udl_feedback,L3,move_model_revision,can_apply_udl_consideration,udl_feedback,accessibility,cast_udl_application,expert_application,needs_expert_review,0.8,Dar retroalimentación específica sobre el criterio/evidencia y un próximo movimiento accionable.,src_cast_udl3,,{}
r_move_model_revision_udl_monitor,L3,move_model_revision,can_apply_udl_consideration,udl_monitor,accessibility,cast_udl_application,expert_application,needs_expert_review,0.8,Mostrar criterio de éxito y pedir comparar antes/después o prueba/cambio para hacer progreso visible.,src_cast_udl3,,{}
r_move_exit_check_udl_response,L3,move_exit_check,can_apply_udl_consideration,udl_response,accessibility,cast_udl_application,expert_application,needs_expert_review,0.8,"Permitir señalar, manipular, dibujar u oralizar si el modo de respuesta no es el constructo evaluado.",src_cast_udl3,,{}
r_move_exit_check_udl_comm_media,L3,move_exit_check,can_apply_udl_consideration,udl_comm_media,accessibility,cast_udl_application,expert_application,needs_expert_review,0.8,Aceptar dibujo/modelo + explicación oral o escritura breve cuando se evalúa comprensión científica.,src_cast_udl3,,{}
r_move_exit_check_udl_monitor,L3,move_exit_check,can_apply_udl_consideration,udl_monitor,accessibility,cast_udl_application,expert_application,needs_expert_review,0.8,Mostrar criterio de éxito y pedir comparar antes/después o prueba/cambio para hacer progreso visible.,src_cast_udl3,,{}
r_move_initial_model_evid_initial_model,L3,move_initial_model,has_evidence_intent,evid_initial_model,assessment,constrained_formative_evidence_design,expert_synthesis,needs_expert_review,0.85,La intención de evidencia limita qué inferencias son válidas a partir del movimiento.,src_black_wiliam,,{}
r_evid_initial_model_prac_sci_modeling,X23,evid_initial_model,elicits_evidence_of,prac_sci_modeling,cross_layer,evidence_intent_to_practice,expert_synthesis,needs_expert_review,0.78,La evidencia puede informar provisionalmente sobre esta práctica; no determina dominio por sí sola.,src_black_wiliam,src_nrc_framework,{}
r_evid_initial_model_prac_sci_communication,X23,evid_initial_model,elicits_evidence_of,prac_sci_communication,cross_layer,evidence_intent_to_practice,expert_synthesis,needs_expert_review,0.78,La evidencia puede informar provisionalmente sobre esta práctica; no determina dominio por sí sola.,src_black_wiliam,src_nrc_framework,{}
r_move_stw_evid_stw,L3,move_stw,has_evidence_intent,evid_stw,assessment,constrained_formative_evidence_design,expert_synthesis,needs_expert_review,0.85,La intención de evidencia limita qué inferencias son válidas a partir del movimiento.,src_black_wiliam,,{}
r_evid_stw_prac_sci_observation,X23,evid_stw,elicits_evidence_of,prac_sci_observation,cross_layer,evidence_intent_to_practice,expert_synthesis,needs_expert_review,0.78,La evidencia puede informar provisionalmente sobre esta práctica; no determina dominio por sí sola.,src_black_wiliam,src_mineduc_cn03,{}
r_evid_stw_prac_sci_questioning,X23,evid_stw,elicits_evidence_of,prac_sci_questioning,cross_layer,evidence_intent_to_practice,expert_synthesis,needs_expert_review,0.78,La evidencia puede informar provisionalmente sobre esta práctica; no determina dominio por sí sola.,src_black_wiliam,src_nrc_framework,{}
r_evid_stw_prac_art_perceive,X23,evid_stw,elicits_evidence_of,prac_art_perceive,cross_layer,evidence_intent_to_practice,expert_synthesis,needs_expert_review,0.78,La evidencia puede informar provisionalmente sobre esta práctica; no determina dominio por sí sola.,src_black_wiliam,src_ncas,{}
r_move_tpe_evid_tpe,L3,move_tpe,has_evidence_intent,evid_tpe,assessment,constrained_formative_evidence_design,expert_synthesis,needs_expert_review,0.85,La intención de evidencia limita qué inferencias son válidas a partir del movimiento.,src_black_wiliam,,{}
r_evid_tpe_prac_sci_questioning,X23,evid_tpe,elicits_evidence_of,prac_sci_questioning,cross_layer,evidence_intent_to_practice,expert_synthesis,needs_expert_review,0.78,La evidencia puede informar provisionalmente sobre esta práctica; no determina dominio por sí sola.,src_black_wiliam,src_nrc_framework,{}
r_evid_tpe_prac_sci_prediction,X23,evid_tpe,elicits_evidence_of,prac_sci_prediction,cross_layer,evidence_intent_to_practice,expert_synthesis,needs_expert_review,0.78,La evidencia puede informar provisionalmente sobre esta práctica; no determina dominio por sí sola.,src_black_wiliam,src_mineduc_cn03,{}
r_evid_tpe_prac_sci_investigation,X23,evid_tpe,elicits_evidence_of,prac_sci_investigation,cross_layer,evidence_intent_to_practice,expert_synthesis,needs_expert_review,0.78,La evidencia puede informar provisionalmente sobre esta práctica; no determina dominio por sí sola.,src_black_wiliam,src_nrc_framework,{}
r_move_csq_evid_csq,L3,move_csq,has_evidence_intent,evid_csq,assessment,constrained_formative_evidence_design,expert_synthesis,needs_expert_review,0.85,La intención de evidencia limita qué inferencias son válidas a partir del movimiento.,src_black_wiliam,,{}
r_evid_csq_prac_sci_explanation,X23,evid_csq,elicits_evidence_of,prac_sci_explanation,cross_layer,evidence_intent_to_practice,expert_synthesis,needs_expert_review,0.78,La evidencia puede informar provisionalmente sobre esta práctica; no determina dominio por sí sola.,src_black_wiliam,src_nrc_framework,{}
r_evid_csq_prac_sci_argument,X23,evid_csq,elicits_evidence_of,prac_sci_argument,cross_layer,evidence_intent_to_practice,expert_synthesis,needs_expert_review,0.78,La evidencia puede informar provisionalmente sobre esta práctica; no determina dominio por sí sola.,src_black_wiliam,src_nrc_framework,{}
r_evid_csq_prac_sci_communication,X23,evid_csq,elicits_evidence_of,prac_sci_communication,cross_layer,evidence_intent_to_practice,expert_synthesis,needs_expert_review,0.78,La evidencia puede informar provisionalmente sobre esta práctica; no determina dominio por sí sola.,src_black_wiliam,src_nrc_framework,{}
r_move_ppc_evid_ppc,L3,move_ppc,has_evidence_intent,evid_ppc,assessment,constrained_formative_evidence_design,expert_synthesis,needs_expert_review,0.85,La intención de evidencia limita qué inferencias son válidas a partir del movimiento.,src_black_wiliam,,{}
r_evid_ppc_prac_sci_observation,X23,evid_ppc,elicits_evidence_of,prac_sci_observation,cross_layer,evidence_intent_to_practice,expert_synthesis,needs_expert_review,0.78,La evidencia puede informar provisionalmente sobre esta práctica; no determina dominio por sí sola.,src_black_wiliam,src_mineduc_cn03,{}
r_evid_ppc_prac_sci_systems,X23,evid_ppc,elicits_evidence_of,prac_sci_systems,cross_layer,evidence_intent_to_practice,expert_synthesis,needs_expert_review,0.78,La evidencia puede informar provisionalmente sobre esta práctica; no determina dominio por sí sola.,src_black_wiliam,src_nrc_framework,{}
r_evid_ppc_prac_sci_modeling,X23,evid_ppc,elicits_evidence_of,prac_sci_modeling,cross_layer,evidence_intent_to_practice,expert_synthesis,needs_expert_review,0.78,La evidencia puede informar provisionalmente sobre esta práctica; no determina dominio por sí sola.,src_black_wiliam,src_nrc_framework,{}
r_move_poe_evid_poe,L3,move_poe,has_evidence_intent,evid_poe,assessment,constrained_formative_evidence_design,expert_synthesis,needs_expert_review,0.85,La intención de evidencia limita qué inferencias son válidas a partir del movimiento.,src_black_wiliam,,{}
r_evid_poe_prac_sci_prediction,X23,evid_poe,elicits_evidence_of,prac_sci_prediction,cross_layer,evidence_intent_to_practice,expert_synthesis,needs_expert_review,0.78,La evidencia puede informar provisionalmente sobre esta práctica; no determina dominio por sí sola.,src_black_wiliam,src_mineduc_cn03,{}
r_evid_poe_prac_sci_observation,X23,evid_poe,elicits_evidence_of,prac_sci_observation,cross_layer,evidence_intent_to_practice,expert_synthesis,needs_expert_review,0.78,La evidencia puede informar provisionalmente sobre esta práctica; no determina dominio por sí sola.,src_black_wiliam,src_mineduc_cn03,{}
r_evid_poe_prac_sci_explanation,X23,evid_poe,elicits_evidence_of,prac_sci_explanation,cross_layer,evidence_intent_to_practice,expert_synthesis,needs_expert_review,0.78,La evidencia puede informar provisionalmente sobre esta práctica; no determina dominio por sí sola.,src_black_wiliam,src_nrc_framework,{}
r_move_guided_investigation_evid_guided_investigation,L3,move_guided_investigation,has_evidence_intent,evid_guided_investigation,assessment,constrained_formative_evidence_design,expert_synthesis,needs_expert_review,0.85,La intención de evidencia limita qué inferencias son válidas a partir del movimiento.,src_black_wiliam,,{}
r_evid_guided_investigation_prac_sci_investigation,X23,evid_guided_investigation,elicits_evidence_of,prac_sci_investigation,cross_layer,evidence_intent_to_practice,expert_synthesis,needs_expert_review,0.78,La evidencia puede informar provisionalmente sobre esta práctica; no determina dominio por sí sola.,src_black_wiliam,src_nrc_framework,{}
r_evid_guided_investigation_prac_sci_observation,X23,evid_guided_investigation,elicits_evidence_of,prac_sci_observation,cross_layer,evidence_intent_to_practice,expert_synthesis,needs_expert_review,0.78,La evidencia puede informar provisionalmente sobre esta práctica; no determina dominio por sí sola.,src_black_wiliam,src_mineduc_cn03,{}
r_evid_guided_investigation_prac_sci_data,X23,evid_guided_investigation,elicits_evidence_of,prac_sci_data,cross_layer,evidence_intent_to_practice,expert_synthesis,needs_expert_review,0.78,La evidencia puede informar provisionalmente sobre esta práctica; no determina dominio por sí sola.,src_black_wiliam,src_nrc_framework,{}
r_move_concept_map_evid_concept_map,L3,move_concept_map,has_evidence_intent,evid_concept_map,assessment,constrained_formative_evidence_design,expert_synthesis,needs_expert_review,0.85,La intención de evidencia limita qué inferencias son válidas a partir del movimiento.,src_black_wiliam,,{}
r_evid_concept_map_prac_sci_modeling,X23,evid_concept_map,elicits_evidence_of,prac_sci_modeling,cross_layer,evidence_intent_to_practice,expert_synthesis,needs_expert_review,0.78,La evidencia puede informar provisionalmente sobre esta práctica; no determina dominio por sí sola.,src_black_wiliam,src_nrc_framework,{}
r_evid_concept_map_prac_sci_systems,X23,evid_concept_map,elicits_evidence_of,prac_sci_systems,cross_layer,evidence_intent_to_practice,expert_synthesis,needs_expert_review,0.78,La evidencia puede informar provisionalmente sobre esta práctica; no determina dominio por sí sola.,src_black_wiliam,src_nrc_framework,{}
r_evid_concept_map_prac_sci_communication,X23,evid_concept_map,elicits_evidence_of,prac_sci_communication,cross_layer,evidence_intent_to_practice,expert_synthesis,needs_expert_review,0.78,La evidencia puede informar provisionalmente sobre esta práctica; no determina dominio por sí sola.,src_black_wiliam,src_nrc_framework,{}
r_move_worked_example_evid_worked_example,L3,move_worked_example,has_evidence_intent,evid_worked_example,assessment,constrained_formative_evidence_design,expert_synthesis,needs_expert_review,0.85,La intención de evidencia limita qué inferencias son válidas a partir del movimiento.,src_black_wiliam,,{}
r_evid_worked_example_prac_sci_modeling,X23,evid_worked_example,elicits_evidence_of,prac_sci_modeling,cross_layer,evidence_intent_to_practice,expert_synthesis,needs_expert_review,0.78,La evidencia puede informar provisionalmente sobre esta práctica; no determina dominio por sí sola.,src_black_wiliam,src_nrc_framework,{}
r_evid_worked_example_prac_math_model,X23,evid_worked_example,elicits_evidence_of,prac_math_model,cross_layer,evidence_intent_to_practice,expert_synthesis,needs_expert_review,0.78,La evidencia puede informar provisionalmente sobre esta práctica; no determina dominio por sí sola.,src_black_wiliam,src_ccss_math,{}
r_move_self_explanation_evid_self_explanation,L3,move_self_explanation,has_evidence_intent,evid_self_explanation,assessment,constrained_formative_evidence_design,expert_synthesis,needs_expert_review,0.85,La intención de evidencia limita qué inferencias son válidas a partir del movimiento.,src_black_wiliam,,{}
r_evid_self_explanation_prac_sci_explanation,X23,evid_self_explanation,elicits_evidence_of,prac_sci_explanation,cross_layer,evidence_intent_to_practice,expert_synthesis,needs_expert_review,0.78,La evidencia puede informar provisionalmente sobre esta práctica; no determina dominio por sí sola.,src_black_wiliam,src_nrc_framework,{}
r_evid_self_explanation_prac_sci_argument,X23,evid_self_explanation,elicits_evidence_of,prac_sci_argument,cross_layer,evidence_intent_to_practice,expert_synthesis,needs_expert_review,0.78,La evidencia puede informar provisionalmente sobre esta práctica; no determina dominio por sí sola.,src_black_wiliam,src_nrc_framework,{}
r_move_peer_critique_evid_peer_critique,L3,move_peer_critique,has_evidence_intent,evid_peer_critique,assessment,constrained_formative_evidence_design,expert_synthesis,needs_expert_review,0.85,La intención de evidencia limita qué inferencias son válidas a partir del movimiento.,src_black_wiliam,,{}
r_evid_peer_critique_prac_sci_argument,X23,evid_peer_critique,elicits_evidence_of,prac_sci_argument,cross_layer,evidence_intent_to_practice,expert_synthesis,needs_expert_review,0.78,La evidencia puede informar provisionalmente sobre esta práctica; no determina dominio por sí sola.,src_black_wiliam,src_nrc_framework,{}
r_evid_peer_critique_prac_sci_communication,X23,evid_peer_critique,elicits_evidence_of,prac_sci_communication,cross_layer,evidence_intent_to_practice,expert_synthesis,needs_expert_review,0.78,La evidencia puede informar provisionalmente sobre esta práctica; no determina dominio por sí sola.,src_black_wiliam,src_nrc_framework,{}
r_evid_peer_critique_prac_eng_argument,X23,evid_peer_critique,elicits_evidence_of,prac_eng_argument,cross_layer,evidence_intent_to_practice,expert_synthesis,needs_expert_review,0.78,La evidencia puede informar provisionalmente sobre esta práctica; no determina dominio por sí sola.,src_black_wiliam,src_nrc_framework,{}
r_move_design_challenge_evid_design_challenge,L3,move_design_challenge,has_evidence_intent,evid_design_challenge,assessment,constrained_formative_evidence_design,expert_synthesis,needs_expert_review,0.85,La intención de evidencia limita qué inferencias son válidas a partir del movimiento.,src_black_wiliam,,{}
r_evid_design_challenge_prac_eng_define,X23,evid_design_challenge,elicits_evidence_of,prac_eng_define,cross_layer,evidence_intent_to_practice,expert_synthesis,needs_expert_review,0.78,La evidencia puede informar provisionalmente sobre esta práctica; no determina dominio por sí sola.,src_black_wiliam,src_nrc_framework,{}
r_evid_design_challenge_prac_eng_criteria,X23,evid_design_challenge,elicits_evidence_of,prac_eng_criteria,cross_layer,evidence_intent_to_practice,expert_synthesis,needs_expert_review,0.78,La evidencia puede informar provisionalmente sobre esta práctica; no determina dominio por sí sola.,src_black_wiliam,src_nrc_framework,{}
r_evid_design_challenge_prac_eng_ideate,X23,evid_design_challenge,elicits_evidence_of,prac_eng_ideate,cross_layer,evidence_intent_to_practice,expert_synthesis,needs_expert_review,0.78,La evidencia puede informar provisionalmente sobre esta práctica; no determina dominio por sí sola.,src_black_wiliam,src_nrc_framework,{}
r_move_prototype_test_iterate_evid_prototype_test_iterate,L3,move_prototype_test_iterate,has_evidence_intent,evid_prototype_test_iterate,assessment,constrained_formative_evidence_design,expert_synthesis,needs_expert_review,0.85,La intención de evidencia limita qué inferencias son válidas a partir del movimiento.,src_black_wiliam,,{}
r_evid_prototype_test_iterate_prac_eng_modelproto,X23,evid_prototype_test_iterate,elicits_evidence_of,prac_eng_modelproto,cross_layer,evidence_intent_to_practice,expert_synthesis,needs_expert_review,0.78,La evidencia puede informar provisionalmente sobre esta práctica; no determina dominio por sí sola.,src_black_wiliam,src_nrc_framework,{}
r_evid_prototype_test_iterate_prac_eng_test,X23,evid_prototype_test_iterate,elicits_evidence_of,prac_eng_test,cross_layer,evidence_intent_to_practice,expert_synthesis,needs_expert_review,0.78,La evidencia puede informar provisionalmente sobre esta práctica; no determina dominio por sí sola.,src_black_wiliam,src_nrc_framework,{}
r_evid_prototype_test_iterate_prac_eng_iterate,X23,evid_prototype_test_iterate,elicits_evidence_of,prac_eng_iterate,cross_layer,evidence_intent_to_practice,expert_synthesis,needs_expert_review,0.78,La evidencia puede informar provisionalmente sobre esta práctica; no determina dominio por sí sola.,src_black_wiliam,src_nrc_framework,{}
r_move_model_revision_evid_model_revision,L3,move_model_revision,has_evidence_intent,evid_model_revision,assessment,constrained_formative_evidence_design,expert_synthesis,needs_expert_review,0.85,La intención de evidencia limita qué inferencias son válidas a partir del movimiento.,src_black_wiliam,,{}
r_evid_model_revision_prac_sci_modeling,X23,evid_model_revision,elicits_evidence_of,prac_sci_modeling,cross_layer,evidence_intent_to_practice,expert_synthesis,needs_expert_review,0.78,La evidencia puede informar provisionalmente sobre esta práctica; no determina dominio por sí sola.,src_black_wiliam,src_nrc_framework,{}
r_evid_model_revision_prac_sci_explanation,X23,evid_model_revision,elicits_evidence_of,prac_sci_explanation,cross_layer,evidence_intent_to_practice,expert_synthesis,needs_expert_review,0.78,La evidencia puede informar provisionalmente sobre esta práctica; no determina dominio por sí sola.,src_black_wiliam,src_nrc_framework,{}
r_evid_model_revision_prac_sci_argument,X23,evid_model_revision,elicits_evidence_of,prac_sci_argument,cross_layer,evidence_intent_to_practice,expert_synthesis,needs_expert_review,0.78,La evidencia puede informar provisionalmente sobre esta práctica; no determina dominio por sí sola.,src_black_wiliam,src_nrc_framework,{}
r_move_exit_check_evid_exit_check,L3,move_exit_check,has_evidence_intent,evid_exit_check,assessment,constrained_formative_evidence_design,expert_synthesis,needs_expert_review,0.85,La intención de evidencia limita qué inferencias son válidas a partir del movimiento.,src_black_wiliam,,{}
r_evid_exit_check_prac_sci_explanation,X23,evid_exit_check,elicits_evidence_of,prac_sci_explanation,cross_layer,evidence_intent_to_practice,expert_synthesis,needs_expert_review,0.78,La evidencia puede informar provisionalmente sobre esta práctica; no determina dominio por sí sola.,src_black_wiliam,src_nrc_framework,{}
r_evid_exit_check_prac_sci_communication,X23,evid_exit_check,elicits_evidence_of,prac_sci_communication,cross_layer,evidence_intent_to_practice,expert_synthesis,needs_expert_review,0.78,La evidencia puede informar provisionalmente sobre esta práctica; no determina dominio por sí sola.,src_black_wiliam,src_nrc_framework,{}
r_move_initial_model_artifact_001,L3,move_initial_model,has_support_artifact,artifact_001,support,artifact_design_mapping,expert_synthesis,prototype,0.9,El artefacto operacionaliza el movimiento sin convertirse en la definición del movimiento.,src_nap_prek5_science,,{}
r_move_initial_model_artifact_002,L3,move_initial_model,has_support_artifact,artifact_002,support,artifact_design_mapping,expert_synthesis,prototype,0.9,El artefacto operacionaliza el movimiento sin convertirse en la definición del movimiento.,src_nap_prek5_science,,{}
r_move_initial_model_artifact_003,L3,move_initial_model,has_support_artifact,artifact_003,support,artifact_design_mapping,expert_synthesis,prototype,0.9,El artefacto operacionaliza el movimiento sin convertirse en la definición del movimiento.,src_nap_prek5_science,,{}
r_move_stw_artifact_004,L3,move_stw,has_support_artifact,artifact_004,support,artifact_design_mapping,expert_synthesis,prototype,0.9,El artefacto operacionaliza el movimiento sin convertirse en la definición del movimiento.,src_pz_stw,,{}
r_move_stw_artifact_005,L3,move_stw,has_support_artifact,artifact_005,support,artifact_design_mapping,expert_synthesis,prototype,0.9,El artefacto operacionaliza el movimiento sin convertirse en la definición del movimiento.,src_pz_stw,,{}
r_move_stw_artifact_006,L3,move_stw,has_support_artifact,artifact_006,support,artifact_design_mapping,expert_synthesis,prototype,0.9,El artefacto operacionaliza el movimiento sin convertirse en la definición del movimiento.,src_pz_stw,,{}
r_move_tpe_artifact_007,L3,move_tpe,has_support_artifact,artifact_007,support,artifact_design_mapping,expert_synthesis,prototype,0.9,El artefacto operacionaliza el movimiento sin convertirse en la definición del movimiento.,src_pz_tpe,,{}
r_move_tpe_artifact_008,L3,move_tpe,has_support_artifact,artifact_008,support,artifact_design_mapping,expert_synthesis,prototype,0.9,El artefacto operacionaliza el movimiento sin convertirse en la definición del movimiento.,src_pz_tpe,,{}
r_move_tpe_artifact_009,L3,move_tpe,has_support_artifact,artifact_009,support,artifact_design_mapping,expert_synthesis,prototype,0.9,El artefacto operacionaliza el movimiento sin convertirse en la definición del movimiento.,src_pz_tpe,,{}
r_move_csq_artifact_010,L3,move_csq,has_support_artifact,artifact_010,support,artifact_design_mapping,expert_synthesis,prototype,0.9,El artefacto operacionaliza el movimiento sin convertirse en la definición del movimiento.,src_pz_csq,,{}
r_move_csq_artifact_011,L3,move_csq,has_support_artifact,artifact_011,support,artifact_design_mapping,expert_synthesis,prototype,0.9,El artefacto operacionaliza el movimiento sin convertirse en la definición del movimiento.,src_pz_csq,,{}
r_move_csq_artifact_012,L3,move_csq,has_support_artifact,artifact_012,support,artifact_design_mapping,expert_synthesis,prototype,0.9,El artefacto operacionaliza el movimiento sin convertirse en la definición del movimiento.,src_pz_csq,,{}
r_move_ppc_artifact_013,L3,move_ppc,has_support_artifact,artifact_013,support,artifact_design_mapping,expert_synthesis,prototype,0.9,El artefacto operacionaliza el movimiento sin convertirse en la definición del movimiento.,src_pz_ppc,,{}
r_move_ppc_artifact_014,L3,move_ppc,has_support_artifact,artifact_014,support,artifact_design_mapping,expert_synthesis,prototype,0.9,El artefacto operacionaliza el movimiento sin convertirse en la definición del movimiento.,src_pz_ppc,,{}
r_move_ppc_artifact_015,L3,move_ppc,has_support_artifact,artifact_015,support,artifact_design_mapping,expert_synthesis,prototype,0.9,El artefacto operacionaliza el movimiento sin convertirse en la definición del movimiento.,src_pz_ppc,,{}
r_move_poe_artifact_016,L3,move_poe,has_support_artifact,artifact_016,support,artifact_design_mapping,expert_synthesis,prototype,0.9,El artefacto operacionaliza el movimiento sin convertirse en la definición del movimiento.,src_poe_white_gunstone,,{}
r_move_poe_artifact_017,L3,move_poe,has_support_artifact,artifact_017,support,artifact_design_mapping,expert_synthesis,prototype,0.9,El artefacto operacionaliza el movimiento sin convertirse en la definición del movimiento.,src_poe_white_gunstone,,{}
r_move_poe_artifact_018,L3,move_poe,has_support_artifact,artifact_018,support,artifact_design_mapping,expert_synthesis,prototype,0.9,El artefacto operacionaliza el movimiento sin convertirse en la definición del movimiento.,src_poe_white_gunstone,,{}
r_move_guided_investigation_artifact_019,L3,move_guided_investigation,has_support_artifact,artifact_019,support,artifact_design_mapping,expert_synthesis,prototype,0.9,El artefacto operacionaliza el movimiento sin convertirse en la definición del movimiento.,src_nap_prek5_science,,{}
r_move_guided_investigation_artifact_020,L3,move_guided_investigation,has_support_artifact,artifact_020,support,artifact_design_mapping,expert_synthesis,prototype,0.9,El artefacto operacionaliza el movimiento sin convertirse en la definición del movimiento.,src_nap_prek5_science,,{}
r_move_guided_investigation_artifact_021,L3,move_guided_investigation,has_support_artifact,artifact_021,support,artifact_design_mapping,expert_synthesis,prototype,0.9,El artefacto operacionaliza el movimiento sin convertirse en la definición del movimiento.,src_nap_prek5_science,,{}
r_move_concept_map_artifact_022,L3,move_concept_map,has_support_artifact,artifact_022,support,artifact_design_mapping,expert_synthesis,prototype,0.9,El artefacto operacionaliza el movimiento sin convertirse en la definición del movimiento.,src_novak_canas,,{}
r_move_concept_map_artifact_023,L3,move_concept_map,has_support_artifact,artifact_023,support,artifact_design_mapping,expert_synthesis,prototype,0.9,El artefacto operacionaliza el movimiento sin convertirse en la definición del movimiento.,src_novak_canas,,{}
r_move_concept_map_artifact_024,L3,move_concept_map,has_support_artifact,artifact_024,support,artifact_design_mapping,expert_synthesis,prototype,0.9,El artefacto operacionaliza el movimiento sin convertirse en la definición del movimiento.,src_novak_canas,,{}
r_move_worked_example_artifact_025,L3,move_worked_example,has_support_artifact,artifact_025,support,artifact_design_mapping,expert_synthesis,prototype,0.9,El artefacto operacionaliza el movimiento sin convertirse en la definición del movimiento.,src_sweller_cooper,,{}
r_move_worked_example_artifact_026,L3,move_worked_example,has_support_artifact,artifact_026,support,artifact_design_mapping,expert_synthesis,prototype,0.9,El artefacto operacionaliza el movimiento sin convertirse en la definición del movimiento.,src_sweller_cooper,,{}
r_move_self_explanation_artifact_027,L3,move_self_explanation,has_support_artifact,artifact_027,support,artifact_design_mapping,expert_synthesis,prototype,0.9,El artefacto operacionaliza el movimiento sin convertirse en la definición del movimiento.,src_chi_selfexplanation,,{}
r_move_self_explanation_artifact_028,L3,move_self_explanation,has_support_artifact,artifact_028,support,artifact_design_mapping,expert_synthesis,prototype,0.9,El artefacto operacionaliza el movimiento sin convertirse en la definición del movimiento.,src_chi_selfexplanation,,{}
r_move_peer_critique_artifact_029,L3,move_peer_critique,has_support_artifact,artifact_029,support,artifact_design_mapping,expert_synthesis,prototype,0.9,El artefacto operacionaliza el movimiento sin convertirse en la definición del movimiento.,src_black_wiliam,,{}
r_move_peer_critique_artifact_030,L3,move_peer_critique,has_support_artifact,artifact_030,support,artifact_design_mapping,expert_synthesis,prototype,0.9,El artefacto operacionaliza el movimiento sin convertirse en la definición del movimiento.,src_black_wiliam,,{}
r_move_peer_critique_artifact_031,L3,move_peer_critique,has_support_artifact,artifact_031,support,artifact_design_mapping,expert_synthesis,prototype,0.9,El artefacto operacionaliza el movimiento sin convertirse en la definición del movimiento.,src_black_wiliam,,{}
r_move_design_challenge_artifact_032,L3,move_design_challenge,has_support_artifact,artifact_032,support,artifact_design_mapping,expert_synthesis,prototype,0.9,El artefacto operacionaliza el movimiento sin convertirse en la definición del movimiento.,src_nrc_framework,,{}
r_move_design_challenge_artifact_033,L3,move_design_challenge,has_support_artifact,artifact_033,support,artifact_design_mapping,expert_synthesis,prototype,0.9,El artefacto operacionaliza el movimiento sin convertirse en la definición del movimiento.,src_nrc_framework,,{}
r_move_design_challenge_artifact_034,L3,move_design_challenge,has_support_artifact,artifact_034,support,artifact_design_mapping,expert_synthesis,prototype,0.9,El artefacto operacionaliza el movimiento sin convertirse en la definición del movimiento.,src_nrc_framework,,{}
r_move_prototype_test_iterate_artifact_035,L3,move_prototype_test_iterate,has_support_artifact,artifact_035,support,artifact_design_mapping,expert_synthesis,prototype,0.9,El artefacto operacionaliza el movimiento sin convertirse en la definición del movimiento.,src_nrc_framework,,{}
r_move_prototype_test_iterate_artifact_036,L3,move_prototype_test_iterate,has_support_artifact,artifact_036,support,artifact_design_mapping,expert_synthesis,prototype,0.9,El artefacto operacionaliza el movimiento sin convertirse en la definición del movimiento.,src_nrc_framework,,{}
r_move_prototype_test_iterate_artifact_037,L3,move_prototype_test_iterate,has_support_artifact,artifact_037,support,artifact_design_mapping,expert_synthesis,prototype,0.9,El artefacto operacionaliza el movimiento sin convertirse en la definición del movimiento.,src_nrc_framework,,{}
r_move_model_revision_artifact_038,L3,move_model_revision,has_support_artifact,artifact_038,support,artifact_design_mapping,expert_synthesis,prototype,0.9,El artefacto operacionaliza el movimiento sin convertirse en la definición del movimiento.,src_nrc_framework,,{}
r_move_model_revision_artifact_039,L3,move_model_revision,has_support_artifact,artifact_039,support,artifact_design_mapping,expert_synthesis,prototype,0.9,El artefacto operacionaliza el movimiento sin convertirse en la definición del movimiento.,src_nrc_framework,,{}
r_move_model_revision_artifact_040,L3,move_model_revision,has_support_artifact,artifact_040,support,artifact_design_mapping,expert_synthesis,prototype,0.9,El artefacto operacionaliza el movimiento sin convertirse en la definición del movimiento.,src_nrc_framework,,{}
r_move_exit_check_artifact_041,L3,move_exit_check,has_support_artifact,artifact_041,support,artifact_design_mapping,expert_synthesis,prototype,0.9,El artefacto operacionaliza el movimiento sin convertirse en la definición del movimiento.,src_black_wiliam,,{}
r_move_exit_check_artifact_042,L3,move_exit_check,has_support_artifact,artifact_042,support,artifact_design_mapping,expert_synthesis,prototype,0.9,El artefacto operacionaliza el movimiento sin convertirse en la definición del movimiento.,src_black_wiliam,,{}
r_move_exit_check_artifact_043,L3,move_exit_check,has_support_artifact,artifact_043,support,artifact_design_mapping,expert_synthesis,prototype,0.9,El artefacto operacionaliza el movimiento sin convertirse en la definición del movimiento.,src_black_wiliam,,{}
r_fw_grade_cl_1b,L1,cl_mineduc_bc_1_6,includes_grade,grade_cl_1b,structural,official_structure,official_curriculum,verified,1.0,"Curso del marco curricular, incluido como contexto de progresión.",src_mineduc_bases_1_6,,{}
r_fw_grade_cl_2b,L1,cl_mineduc_bc_1_6,includes_grade,grade_cl_2b,structural,official_structure,official_curriculum,verified,1.0,"Curso del marco curricular, incluido como contexto de progresión.",src_mineduc_bases_1_6,,{}
r_fw_grade_cl_4b,L1,cl_mineduc_bc_1_6,includes_grade,grade_cl_4b,structural,official_structure,official_curriculum,verified,1.0,"Curso del marco curricular, incluido como contexto de progresión.",src_mineduc_bases_1_6,,{}
r_fw_grade_cl_6b,L1,cl_mineduc_bc_1_6,includes_grade,grade_cl_6b,structural,official_structure,official_curriculum,verified,1.0,"Curso del marco curricular, incluido como contexto de progresión.",src_mineduc_bases_1_6,,{}
r_expert_prog_100,L1,concept_cn_pollination,builds_towards,concept_cn_ecosystems,progression,expert_inference_from_daniela_grade_map,expert_synthesis,needs_expert_review,0.72,La polinización ofrece una entrada posterior a interdependencia entre organismos y ambiente.,src_daniela_map,,"{""official_relation"":false,""display_in_graph"":true}"
r_expert_prog_101,L1,concept_cn_plant_needs,builds_towards,concept_cn_photosynthesis,progression,expert_inference_from_daniela_grade_map,expert_synthesis,needs_expert_review,0.72,Necesidades de plantas apoyan posteriormente el estudio de procesos de nutrición/fotosíntesis.,src_daniela_map,,"{""official_relation"":false,""display_in_graph"":true}"
r_expert_prog_102,L1,concept_cn_ecosystems,builds_towards,concept_cn_food_webs,progression,expert_inference_from_daniela_grade_map,expert_synthesis,needs_expert_review,0.72,Ecosistemas apoyan análisis posterior de redes de relaciones alimentarias.,src_daniela_map,,"{""official_relation"":false,""display_in_graph"":true}"
r_subj_has_oaa_cn03_a,L1,subj_cn,has_attitude,oaa_cn03_a,structural,official_structure,official_curriculum,verified,1.0,Actitud oficial de Ciencias Naturales 3° Básico.,src_mineduc_cn03,,{}
r_oaa_cn03_a_grade,L1,oaa_cn03_a,applies_to_grade,grade_cl_3b,structural,official_structure,official_curriculum,verified,1.0,Actitud oficial aplicable a 3° Básico.,src_mineduc_cn03,,{}
r_subj_has_oaa_cn03_b,L1,subj_cn,has_attitude,oaa_cn03_b,structural,official_structure,official_curriculum,verified,1.0,Actitud oficial de Ciencias Naturales 3° Básico.,src_mineduc_cn03,,{}
r_oaa_cn03_b_grade,L1,oaa_cn03_b,applies_to_grade,grade_cl_3b,structural,official_structure,official_curriculum,verified,1.0,Actitud oficial aplicable a 3° Básico.,src_mineduc_cn03,,{}
r_subj_has_oaa_cn03_c,L1,subj_cn,has_attitude,oaa_cn03_c,structural,official_structure,official_curriculum,verified,1.0,Actitud oficial de Ciencias Naturales 3° Básico.,src_mineduc_cn03,,{}
r_oaa_cn03_c_grade,L1,oaa_cn03_c,applies_to_grade,grade_cl_3b,structural,official_structure,official_curriculum,verified,1.0,Actitud oficial aplicable a 3° Básico.,src_mineduc_cn03,,{}
r_subj_has_oaa_cn03_d,L1,subj_cn,has_attitude,oaa_cn03_d,structural,official_structure,official_curriculum,verified,1.0,Actitud oficial de Ciencias Naturales 3° Básico.,src_mineduc_cn03,,{}
r_oaa_cn03_d_grade,L1,oaa_cn03_d,applies_to_grade,grade_cl_3b,structural,official_structure,official_curriculum,verified,1.0,Actitud oficial aplicable a 3° Básico.,src_mineduc_cn03,,{}
r_subj_has_oaa_cn03_e,L1,subj_cn,has_attitude,oaa_cn03_e,structural,official_structure,official_curriculum,verified,1.0,Actitud oficial de Ciencias Naturales 3° Básico.,src_mineduc_cn03,,{}
r_oaa_cn03_e_grade,L1,oaa_cn03_e,applies_to_grade,grade_cl_3b,structural,official_structure,official_curriculum,verified,1.0,Actitud oficial aplicable a 3° Básico.,src_mineduc_cn03,,{}
r_subj_has_oaa_cn03_f,L1,subj_cn,has_attitude,oaa_cn03_f,structural,official_structure,official_curriculum,verified,1.0,Actitud oficial de Ciencias Naturales 3° Básico.,src_mineduc_cn03,,{}
r_oaa_cn03_f_grade,L1,oaa_cn03_f,applies_to_grade,grade_cl_3b,structural,official_structure,official_curriculum,verified,1.0,Actitud oficial aplicable a 3° Básico.,src_mineduc_cn03,,{}
